[?2026h[?25l[1Gpulling manifest ⠙ [K[?25h[?2026l[?2026h[?25l[1Gpulling manifest ⠹ [K[?25h[?2026l[?2026h[?25l[1Gpulling manifest ⠹ [K[?25h[?2026l[?2026h[?25l[1Gpulling manifest ⠼ [K[?25h[?2026l[?2026h[?25l[1Gpulling manifest ⠴ [K[?25h[?2026l[?2026h[?25l[1Gpulling manifest ⠦ [K[?25h[?2026l[?2026h[?25l[1Gpulling manifest ⠦ [K[?25h[?2026l[?2026h[?25l[1Gpulling manifest [K
pulling 2bada8a74506...   0% ▕                ▏    0 B/4.7 GB                  [K[?25h[?2026l[?2026h[?25l[A[1Gpulling manifest [K
pulling 2bada8a74506...   0% ▕                ▏ 676 KB/4.7 GB                  [K[?25h[?2026l[?2026h[?25l[A[1Gpulling manifest [K
pulling 2bada8a74506...   0% ▕                ▏ 1.8 MB/4.7 GB                  [K[?25h[?2026l[?2026h[?25l[A[1Gpulling manifest [K
pulling 2bada8a74506...   0% ▕                ▏ 3.8 MB/4.7 GB                  [K[?25h[?2026l[?2026h[?25l[A[1Gpulling manifest [K
pulling 2bada8a74506...   0% ▕                ▏ 6.2 MB/4.7 GB                  [K[?25h[?2026l[?2026h[?25l[A[1Gpulling manifest [K
pulling 2bada8a74506...   0% ▕                ▏ 7.3 MB/4.7 GB                  [K[?25h[?2026l[?2026h[?25l[A[1Gpulling manifest [K
pulling 2bada8a74506...   0% ▕                ▏ 9.6 MB/4.7 GB                  [K[?25h[?2026l[?2026h[?25l[A[1Gpulling manifest [K
pulling 2bada8a74506...   0% ▕                ▏  11 MB/4.7 GB                  [K[?25h[?2026l[?2026h[?25l[A[1Gpulling manifest [K
pulling 2bada8a74506...   0% ▕                ▏  12 MB/4.7 GB                  [K[?25h[?2026l[?2026h[?25l[A[1Gpulling manifest [K
pulling 2bada8a74506...   0% ▕                ▏  14 MB/4.7 GB                  [K[?25h[?2026l[?2026h[?25l[A[1Gpulling manifest [K
pulling 2bada8a74506...   0% ▕                ▏  16 MB/4.7 GB   15 MB/s   4m52s[K[?25h[?2026l[?2026h[?25l[A[1Gpulling manifest [K
pulling 2bada8a74506...   0% ▕                ▏  17 MB/4.7 GB   15 MB/s   4m52s[K[?25h[?2026l[?2026h[?25l[A[1Gpulling manifest [K
pulling 2bada8a74506...   0% ▕                ▏  19 MB/4.7 GB   15 MB/s   4m52s[K[?25h[?2026l[?2026h[?25l[A[1Gpulling manifest [K
pulling 2bada8a74506...   0% ▕                ▏  20 MB/4.7 GB   15 MB/s   4m52s[K[?25h[?2026l[?2026h[?25l[A[1Gpulling manifest [K
pulling 2bada8a74506...   0% ▕                ▏  21 MB/4.7 GB   15 MB/s   4m52s[K[?25h[?2026l[?2026h[?25l[A[1Gpulling manifest [K
pulling 2bada8a74506...   0% ▕                ▏  23 MB/4.7 GB   15 MB/s   4m51s[K[?25h[?2026l[?2026h[?25l[A[1Gpulling manifest [K
pulling 2bada8a74506...   1% ▕                ▏  25 MB/4.7 GB   15 MB/s   4m51s[K[?25h[?2026l[?2026h[?25l[A[1Gpulling manifest [K
pulling 2bada8a74506...   1% ▕                ▏  26 MB/4.7 GB   15 MB/s   4m51s[K[?25h[?2026l[?2026h[?25l[A[1Gpulling manifest [K
pulling 2bada8a74506...   1% ▕                ▏  27 MB/4.7 GB   15 MB/s   4m51s[K[?25h[?2026l[?2026h[?25l[A[1Gpulling manifest [K
pulling 2bada8a74506...   1% ▕                ▏  28 MB/4.7 GB   15 MB/s   4m51s[K[?25h[?2026l[?2026h[?25l[A[1Gpulling manifest [K
pulling 2bada8a74506...   1% ▕                ▏  30 MB/4.7 GB   15 MB/s    5m8s[K[?25h[?2026l[?2026h[?25l[A[1Gpulling manifest [K
pulling 2bada8a74506...   1% ▕                ▏  32 MB/4.7 GB   15 MB/s    5m8s[K[?25h[?2026l[?2026h[?25l[A[1Gpulling manifest [K
pulling 2bada8a74506...   1% ▕                ▏  34 MB/4.7 GB   15 MB/s    5m8s[K[?25h[?2026l[?2026h[?25l[A[1Gpulling manifest [K
pulling 2bada8a74506...   1% ▕                ▏  35 MB/4.7 GB   15 MB/s    5m8s[K[?25h[?2026l[?2026h[?25l[A[1Gpulling manifest [K
pulling 2bada8a74506...   1% ▕                ▏  37 MB/4.7 GB   15 MB/s    5m7s[K[?25h[?2026l[?2026h[?25l[A[1Gpulling manifest [K
pulling 2bada8a74506...   1% ▕                ▏  38 MB/4.7 GB   15 MB/s    5m7s[K[?25h[?2026l[?2026h[?25l[A[1Gpulling manifest [K
pulling 2bada8a74506...   1% ▕                ▏  40 MB/4.7 GB   15 MB/s    5m7s[K[?25h[?2026l[?2026h[?25l[A[1Gpulling manifest [K
pulling 2bada8a74506...   1% ▕                ▏  42 MB/4.7 GB   15 MB/s    5m7s[K[?25h[?2026l[?2026h[?25l[A[1Gpulling manifest [K
pulling 2bada8a74506...   1% ▕                ▏  43 MB/4.7 GB   15 MB/s    5m7s[K[?25h[?2026l[?2026h[?25l[A[1Gpulling manifest [K
pulling 2bada8a74506...   1% ▕                ▏  45 MB/4.7 GB   15 MB/s    5m7s[K[?25h[?2026l[?2026h[?25l[A[1Gpulling manifest [K
pulling 2bada8a74506...   1% ▕                ▏  47 MB/4.7 GB   15 MB/s   4m53s[K[?25h[?2026l[?2026h[?25l[A[1Gpulling manifest [K
pulling 2bada8a74506...   1% ▕                ▏  49 MB/4.7 GB   15 MB/s   4m53s[K[?25h[?2026l[?2026h[?25l[A[1Gpulling manifest [K
pulling 2bada8a74506...   1% ▕                ▏  50 MB/4.7 GB   15 MB/s   4m52s[K[?25h[?2026l[?2026h[?25l[A[1Gpulling manifest [K
pulling 2bada8a74506...   1% ▕                ▏  52 MB/4.7 GB   15 MB/s   4m52s[K[?25h[?2026l[?2026h[?25l[A[1Gpulling manifest [K
pulling 2bada8a74506...   1% ▕                ▏  54 MB/4.7 GB   15 MB/s   4m52s[K[?25h[?2026l[?2026h[?25l[A[1Gpulling manifest [K
pulling 2bada8a74506...   1% ▕                ▏  55 MB/4.7 GB   15 MB/s   4m52s[K[?25h[?2026l[?2026h[?25l[A[1Gpulling manifest [K
pulling 2bada8a74506...   1% ▕                ▏  57 MB/4.7 GB   15 MB/s   4m52s[K[?25h[?2026l[?2026h[?25l[A[1Gpulling manifest [K
pulling 2bada8a74506...   1% ▕                ▏  59 MB/4.7 GB   15 MB/s   4m52s[K[?25h[?2026l[?2026h[?25l[A[1Gpulling manifest [K
pulling 2bada8a74506...   1% ▕                ▏  60 MB/4.7 GB   15 MB/s   4m52s[K[?25h[?2026l[?2026h[?25l[A[1Gpulling manifest [K
pulling 2bada8a74506...   1% ▕                ▏  62 MB/4.7 GB   15 MB/s   4m52s[K[?25h[?2026l[?2026h[?25l[A[1Gpulling manifest [K
pulling 2bada8a74506...   1% ▕                ▏  65 MB/4.7 GB   16 MB/s   4m43s[K[?25h[?2026l[?2026h[?25l[A[1Gpulling manifest [K
pulling 2bada8a74506...   1% ▕                ▏  66 MB/4.7 GB   16 MB/s   4m43s[K[?25h[?2026l[?2026h[?25l[A[1Gpulling manifest [K
pulling 2bada8a74506...   1% ▕                ▏  67 MB/4.7 GB   16 MB/s   4m43s[K[?25h[?2026l[?2026h[?25l[A[1Gpulling manifest [K
pulling 2bada8a74506...   2% ▕                ▏  70 MB/4.7 GB   16 MB/s   4m43s[K[?25h[?2026l[?2026h[?25l[A[1Gpulling manifest [K
pulling 2bada8a74506...   2% ▕                ▏  71 MB/4.7 GB   16 MB/s   4m43s[K[?25h[?2026l[?2026h[?25l[A[1Gpulling manifest [K
pulling 2bada8a74506...   2% ▕                ▏  73 MB/4.7 GB   16 MB/s   4m43s[K[?25h[?2026l[?2026h[?25l[A[1Gpulling manifest [K
pulling 2bada8a74506...   2% ▕                ▏  75 MB/4.7 GB   16 MB/s   4m43s[K[?25h[?2026l[?2026h[?25l[A[1Gpulling manifest [K
pulling 2bada8a74506...   2% ▕                ▏  76 MB/4.7 GB   16 MB/s   4m43s[K[?25h[?2026l[?2026h[?25l[A[1Gpulling manifest [K
pulling 2bada8a74506...   2% ▕                ▏  78 MB/4.7 GB   16 MB/s   4m43s[K[?25h[?2026l[?2026h[?25l[A[1Gpulling manifest [K
pulling 2bada8a74506...   2% ▕                ▏  80 MB/4.7 GB   16 MB/s   4m42s[K[?25h[?2026l[?2026h[?25l[A[1Gpulling manifest [K
pulling 2bada8a74506...   2% ▕                ▏  81 MB/4.7 GB   16 MB/s   4m42s[K[?25h[?2026l[?2026h[?25l[A[1Gpulling manifest [K
pulling 2bada8a74506...   2% ▕                ▏  83 MB/4.7 GB   16 MB/s   4m38s[K[?25h[?2026l[?2026h[?25l[A[1Gpulling manifest [K
pulling 2bada8a74506...   2% ▕                ▏  85 MB/4.7 GB   16 MB/s   4m38s[K[?25h[?2026l[?2026h[?25l[A[1Gpulling manifest [K
pulling 2bada8a74506...   2% ▕                ▏  86 MB/4.7 GB   16 MB/s   4m38s[K[?25h[?2026l[?2026h[?25l[A[1Gpulling manifest [K
pulling 2bada8a74506...   2% ▕                ▏  88 MB/4.7 GB   16 MB/s   4m38s[K[?25h[?2026l[?2026h[?25l[A[1Gpulling manifest [K
pulling 2bada8a74506...   2% ▕                ▏  89 MB/4.7 GB   16 MB/s   4m38s[K[?25h[?2026l[?2026h[?25l[A[1Gpulling manifest [K
pulling 2bada8a74506...   2% ▕                ▏  92 MB/4.7 GB   16 MB/s   4m38s[K[?25h[?2026l[?2026h[?25l[A[1Gpulling manifest [K
pulling 2bada8a74506...   2% ▕                ▏  94 MB/4.7 GB   16 MB/s   4m38s[K[?25h[?2026l[?2026h[?25l[A[1Gpulling manifest [K
pulling 2bada8a74506...   2% ▕                ▏  96 MB/4.7 GB   16 MB/s   4m38s[K[?25h[?2026l[?2026h[?25l[A[1Gpulling manifest [K
pulling 2bada8a74506...   2% ▕                ▏  97 MB/4.7 GB   16 MB/s   4m38s[K[?25h[?2026l[?2026h[?25l[A[1Gpulling manifest [K
pulling 2bada8a74506...   2% ▕                ▏  99 MB/4.7 GB   16 MB/s   4m37s[K[?25h[?2026l[?2026h[?25l[A[1Gpulling manifest [K
pulling 2bada8a74506...   2% ▕                ▏ 102 MB/4.7 GB   16 MB/s   4m31s[K[?25h[?2026l[?2026h[?25l[A[1Gpulling manifest [K
pulling 2bada8a74506...   2% ▕                ▏ 102 MB/4.7 GB   16 MB/s   4m30s[K[?25h[?2026l[?2026h[?25l[A[1Gpulling manifest [K
pulling 2bada8a74506...   2% ▕                ▏ 104 MB/4.7 GB   16 MB/s   4m30s[K[?25h[?2026l[?2026h[?25l[A[1Gpulling manifest [K
pulling 2bada8a74506...   2% ▕                ▏ 107 MB/4.7 GB   16 MB/s   4m30s[K[?25h[?2026l[?2026h[?25l[A[1Gpulling manifest [K
pulling 2bada8a74506...   2% ▕                ▏ 108 MB/4.7 GB   16 MB/s   4m30s[K[?25h[?2026l[?2026h[?25l[A[1Gpulling manifest [K
pulling 2bada8a74506...   2% ▕                ▏ 110 MB/4.7 GB   16 MB/s   4m30s[K[?25h[?2026l[?2026h[?25l[A[1Gpulling manifest [K
pulling 2bada8a74506...   2% ▕                ▏ 112 MB/4.7 GB   16 MB/s   4m30s[K[?25h[?2026l[?2026h[?25l[A[1Gpulling manifest [K
pulling 2bada8a74506...   2% ▕                ▏ 113 MB/4.7 GB   16 MB/s   4m30s[K[?25h[?2026l[?2026h[?25l[A[1Gpulling manifest [K
pulling 2bada8a74506...   2% ▕                ▏ 115 MB/4.7 GB   16 MB/s   4m30s[K[?25h[?2026l[?2026h[?25l[A[1Gpulling manifest [K
pulling 2bada8a74506...   3% ▕                ▏ 117 MB/4.7 GB   16 MB/s   4m30s[K[?25h[?2026l[?2026h[?25l[A[1Gpulling manifest [K
pulling 2bada8a74506...   3% ▕                ▏ 118 MB/4.7 GB   16 MB/s   4m29s[K[?25h[?2026l[?2026h[?25l[A[1Gpulling manifest [K
pulling 2bada8a74506...   3% ▕                ▏ 120 MB/4.7 GB   16 MB/s   4m29s[K[?25h[?2026l[?2026h[?25l[A[1Gpulling manifest [K
pulling 2bada8a74506...   3% ▕                ▏ 122 MB/4.7 GB   16 MB/s   4m28s[K[?25h[?2026l[?2026h[?25l[A[1Gpulling manifest [K
pulling 2bada8a74506...   3% ▕                ▏ 123 MB/4.7 GB   16 MB/s   4m28s[K[?25h[?2026l[?2026h[?25l[A[1Gpulling manifest [K
pulling 2bada8a74506...   3% ▕                ▏ 125 MB/4.7 GB   16 MB/s   4m28s[K[?25h[?2026l[?2026h[?25l[A[1Gpulling manifest [K
pulling 2bada8a74506...   3% ▕                ▏ 127 MB/4.7 GB   16 MB/s   4m28s[K[?25h[?2026l[?2026h[?25l[A[1Gpulling manifest [K
pulling 2bada8a74506...   3% ▕                ▏ 128 MB/4.7 GB   16 MB/s   4m28s[K[?25h[?2026l[?2026h[?25l[A[1Gpulling manifest [K
pulling 2bada8a74506...   3% ▕                ▏ 131 MB/4.7 GB   16 MB/s   4m28s[K[?25h[?2026l[?2026h[?25l[A[1Gpulling manifest [K
pulling 2bada8a74506...   3% ▕                ▏ 133 MB/4.7 GB   16 MB/s   4m28s[K[?25h[?2026l[?2026h[?25l[A[1Gpulling manifest [K
pulling 2bada8a74506...   3% ▕                ▏ 134 MB/4.7 GB   16 MB/s   4m28s[K[?25h[?2026l[?2026h[?25l[A[1Gpulling manifest [K
pulling 2bada8a74506...   3% ▕                ▏ 137 MB/4.7 GB   17 MB/s   4m25s[K[?25h[?2026l[?2026h[?25l[A[1Gpulling manifest [K
pulling 2bada8a74506...   3% ▕                ▏ 139 MB/4.7 GB   17 MB/s   4m25s[K[?25h[?2026l[?2026h[?25l[A[1Gpulling manifest [K
pulling 2bada8a74506...   3% ▕                ▏ 140 MB/4.7 GB   17 MB/s   4m25s[K[?25h[?2026l[?2026h[?25l[A[1Gpulling manifest [K
pulling 2bada8a74506...   3% ▕                ▏ 142 MB/4.7 GB   17 MB/s   4m25s[K[?25h[?2026l[?2026h[?25l[A[1Gpulling manifest [K
pulling 2bada8a74506...   3% ▕                ▏ 144 MB/4.7 GB   17 MB/s   4m25s[K[?25h[?2026l[?2026h[?25l[A[1Gpulling manifest [K
pulling 2bada8a74506...   3% ▕                ▏ 145 MB/4.7 GB   17 MB/s   4m24s[K[?25h[?2026l[?2026h[?25l[A[1Gpulling manifest [K
pulling 2bada8a74506...   3% ▕                ▏ 147 MB/4.7 GB   17 MB/s   4m24s[K[?25h[?2026l[?2026h[?25l[A[1Gpulling manifest [K
pulling 2bada8a74506...   3% ▕                ▏ 149 MB/4.7 GB   17 MB/s   4m24s[K[?25h[?2026l[?2026h[?25l[A[1Gpulling manifest [K
pulling 2bada8a74506...   3% ▕                ▏ 150 MB/4.7 GB   17 MB/s   4m24s[K[?25h[?2026l[?2026h[?25l[A[1Gpulling manifest [K
pulling 2bada8a74506...   3% ▕                ▏ 153 MB/4.7 GB   17 MB/s   4m24s[K[?25h[?2026l[?2026h[?25l[A[1Gpulling manifest [K
pulling 2bada8a74506...   3% ▕                ▏ 155 MB/4.7 GB   17 MB/s   4m22s[K[?25h[?2026l[?2026h[?25l[A[1Gpulling manifest [K
pulling 2bada8a74506...   3% ▕                ▏ 156 MB/4.7 GB   17 MB/s   4m22s[K[?25h[?2026l[?2026h[?25l[A[1Gpulling manifest [K
pulling 2bada8a74506...   3% ▕                ▏ 158 MB/4.7 GB   17 MB/s   4m22s[K[?25h[?2026l[?2026h[?25l[A[1Gpulling manifest [K
pulling 2bada8a74506...   3% ▕                ▏ 160 MB/4.7 GB   17 MB/s   4m22s[K[?25h[?2026l[?2026h[?25l[A[1Gpulling manifest [K
pulling 2bada8a74506...   3% ▕                ▏ 161 MB/4.7 GB   17 MB/s   4m22s[K[?25h[?2026l[?2026h[?25l[A[1Gpulling manifest [K
pulling 2bada8a74506...   4% ▕                ▏ 164 MB/4.7 GB   17 MB/s   4m22s[K[?25h[?2026l[?2026h[?25l[A[1Gpulling manifest [K
pulling 2bada8a74506...   4% ▕                ▏ 166 MB/4.7 GB   17 MB/s   4m22s[K[?25h[?2026l[?2026h[?25l[A[1Gpulling manifest [K
pulling 2bada8a74506...   4% ▕                ▏ 167 MB/4.7 GB   17 MB/s   4m21s[K[?25h[?2026l[?2026h[?25l[A[1Gpulling manifest [K
pulling 2bada8a74506...   4% ▕                ▏ 169 MB/4.7 GB   17 MB/s   4m21s[K[?25h[?2026l[?2026h[?25l[A[1Gpulling manifest [K
pulling 2bada8a74506...   4% ▕                ▏ 172 MB/4.7 GB   17 MB/s   4m21s[K[?25h[?2026l[?2026h[?25l[A[1Gpulling manifest [K
pulling 2bada8a74506...   4% ▕                ▏ 173 MB/4.7 GB   17 MB/s   4m21s[K[?25h[?2026l[?2026h[?25l[A[1Gpulling manifest [K
pulling 2bada8a74506...   4% ▕                ▏ 174 MB/4.7 GB   17 MB/s   4m16s[K[?25h[?2026l[?2026h[?25l[A[1Gpulling manifest [K
pulling 2bada8a74506...   4% ▕                ▏ 177 MB/4.7 GB   17 MB/s   4m16s[K[?25h[?2026l[?2026h[?25l[A[1Gpulling manifest [K
pulling 2bada8a74506...   4% ▕                ▏ 178 MB/4.7 GB   17 MB/s   4m16s[K[?25h[?2026l[?2026h[?25l[A[1Gpulling manifest [K
pulling 2bada8a74506...   4% ▕                ▏ 180 MB/4.7 GB   17 MB/s   4m16s[K[?25h[?2026l[?2026h[?25l[A[1Gpulling manifest [K
pulling 2bada8a74506...   4% ▕                ▏ 182 MB/4.7 GB   17 MB/s   4m16s[K[?25h[?2026l[?2026h[?25l[A[1Gpulling manifest [K
pulling 2bada8a74506...   4% ▕                ▏ 183 MB/4.7 GB   17 MB/s   4m16s[K[?25h[?2026l[?2026h[?25l[A[1Gpulling manifest [K
pulling 2bada8a74506...   4% ▕                ▏ 185 MB/4.7 GB   17 MB/s   4m15s[K[?25h[?2026l[?2026h[?25l[A[1Gpulling manifest [K
pulling 2bada8a74506...   4% ▕                ▏ 187 MB/4.7 GB   17 MB/s   4m15s[K[?25h[?2026l[?2026h[?25l[A[1Gpulling manifest [K
pulling 2bada8a74506...   4% ▕                ▏ 189 MB/4.7 GB   17 MB/s   4m15s[K[?25h[?2026l[?2026h[?25l[A[1Gpulling manifest [K
pulling 2bada8a74506...   4% ▕                ▏ 191 MB/4.7 GB   17 MB/s   4m15s[K[?25h[?2026l[?2026h[?25l[A[1Gpulling manifest [K
pulling 2bada8a74506...   4% ▕                ▏ 192 MB/4.7 GB   17 MB/s    4m9s[K[?25h[?2026l[?2026h[?25l[A[1Gpulling manifest [K
pulling 2bada8a74506...   4% ▕                ▏ 193 MB/4.7 GB   17 MB/s    4m9s[K[?25h[?2026l[?2026h[?25l[A[1Gpulling manifest [K
pulling 2bada8a74506...   4% ▕                ▏ 195 MB/4.7 GB   17 MB/s    4m9s[K[?25h[?2026l[?2026h[?25l[A[1Gpulling manifest [K
pulling 2bada8a74506...   4% ▕                ▏ 197 MB/4.7 GB   17 MB/s    4m9s[K[?25h[?2026l[?2026h[?25l[A[1Gpulling manifest [K
pulling 2bada8a74506...   4% ▕                ▏ 198 MB/4.7 GB   17 MB/s    4m9s[K[?25h[?2026l[?2026h[?25l[A[1Gpulling manifest [K
pulling 2bada8a74506...   4% ▕                ▏ 200 MB/4.7 GB   17 MB/s    4m9s[K[?25h[?2026l[?2026h[?25l[A[1Gpulling manifest [K
pulling 2bada8a74506...   4% ▕                ▏ 203 MB/4.7 GB   17 MB/s    4m8s[K[?25h[?2026l[?2026h[?25l[A[1Gpulling manifest [K
pulling 2bada8a74506...   4% ▕                ▏ 204 MB/4.7 GB   17 MB/s    4m8s[K[?25h[?2026l[?2026h[?25l[A[1Gpulling manifest [K
pulling 2bada8a74506...   4% ▕                ▏ 206 MB/4.7 GB   17 MB/s    4m8s[K[?25h[?2026l[?2026h[?25l[A[1Gpulling manifest [K
pulling 2bada8a74506...   4% ▕                ▏ 208 MB/4.7 GB   17 MB/s    4m8s[K[?25h[?2026l[?2026h[?25l[A[1Gpulling manifest [K
pulling 2bada8a74506...   4% ▕                ▏ 209 MB/4.7 GB   17 MB/s    4m8s[K[?25h[?2026l[?2026h[?25l[A[1Gpulling manifest [K
pulling 2bada8a74506...   5% ▕                ▏ 211 MB/4.7 GB   17 MB/s    4m8s[K[?25h[?2026l[?2026h[?25l[A[1Gpulling manifest [K
pulling 2bada8a74506...   5% ▕                ▏ 213 MB/4.7 GB   17 MB/s    4m8s[K[?25h[?2026l[?2026h[?25l[A[1Gpulling manifest [K
pulling 2bada8a74506...   5% ▕                ▏ 214 MB/4.7 GB   17 MB/s    4m8s[K[?25h[?2026l[?2026h[?25l[A[1Gpulling manifest [K
pulling 2bada8a74506...   5% ▕                ▏ 216 MB/4.7 GB   17 MB/s    4m8s[K[?25h[?2026l[?2026h[?25l[A[1Gpulling manifest [K
pulling 2bada8a74506...   5% ▕                ▏ 219 MB/4.7 GB   17 MB/s    4m8s[K[?25h[?2026l[?2026h[?25l[A[1Gpulling manifest [K
pulling 2bada8a74506...   5% ▕                ▏ 220 MB/4.7 GB   17 MB/s    4m8s[K[?25h[?2026l[?2026h[?25l[A[1Gpulling manifest [K
pulling 2bada8a74506...   5% ▕                ▏ 222 MB/4.7 GB   17 MB/s    4m7s[K[?25h[?2026l[?2026h[?25l[A[1Gpulling manifest [K
pulling 2bada8a74506...   5% ▕                ▏ 224 MB/4.7 GB   17 MB/s    4m7s[K[?25h[?2026l[?2026h[?25l[A[1Gpulling manifest [K
pulling 2bada8a74506...   5% ▕                ▏ 224 MB/4.7 GB   17 MB/s    4m7s[K[?25h[?2026l[?2026h[?25l[A[1Gpulling manifest [K
pulling 2bada8a74506...   5% ▕                ▏ 227 MB/4.7 GB   18 MB/s    4m7s[K[?25h[?2026l[?2026h[?25l[A[1Gpulling manifest [K
pulling 2bada8a74506...   5% ▕                ▏ 229 MB/4.7 GB   18 MB/s    4m7s[K[?25h[?2026l[?2026h[?25l[A[1Gpulling manifest [K
pulling 2bada8a74506...   5% ▕                ▏ 230 MB/4.7 GB   18 MB/s    4m6s[K[?25h[?2026l[?2026h[?25l[A[1Gpulling manifest [K
pulling 2bada8a74506...   5% ▕                ▏ 232 MB/4.7 GB   18 MB/s    4m6s[K[?25h[?2026l[?2026h[?25l[A[1Gpulling manifest [K
pulling 2bada8a74506...   5% ▕                ▏ 234 MB/4.7 GB   18 MB/s    4m6s[K[?25h[?2026l[?2026h[?25l[A[1Gpulling manifest [K
pulling 2bada8a74506...   5% ▕                ▏ 235 MB/4.7 GB   18 MB/s    4m6s[K[?25h[?2026l[?2026h[?25l[A[1Gpulling manifest [K
pulling 2bada8a74506...   5% ▕                ▏ 237 MB/4.7 GB   18 MB/s    4m6s[K[?25h[?2026l[?2026h[?25l[A[1Gpulling manifest [K
pulling 2bada8a74506...   5% ▕                ▏ 239 MB/4.7 GB   18 MB/s    4m6s[K[?25h[?2026l[?2026h[?25l[A[1Gpulling manifest [K
pulling 2bada8a74506...   5% ▕                ▏ 239 MB/4.7 GB   18 MB/s    4m6s[K[?25h[?2026l[?2026h[?25l[A[1Gpulling manifest [K
pulling 2bada8a74506...   5% ▕                ▏ 241 MB/4.7 GB   18 MB/s    4m6s[K[?25h[?2026l[?2026h[?25l[A[1Gpulling manifest [K
pulling 2bada8a74506...   5% ▕                ▏ 243 MB/4.7 GB   17 MB/s    4m7s[K[?25h[?2026l[?2026h[?25l[A[1Gpulling manifest [K
pulling 2bada8a74506...   5% ▕                ▏ 244 MB/4.7 GB   17 MB/s    4m7s[K[?25h[?2026l[?2026h[?25l[A[1Gpulling manifest [K
pulling 2bada8a74506...   5% ▕                ▏ 247 MB/4.7 GB   17 MB/s    4m7s[K[?25h[?2026l[?2026h[?25l[A[1Gpulling manifest [K
pulling 2bada8a74506...   5% ▕                ▏ 249 MB/4.7 GB   17 MB/s    4m7s[K[?25h[?2026l[?2026h[?25l[A[1Gpulling manifest [K
pulling 2bada8a74506...   5% ▕                ▏ 250 MB/4.7 GB   17 MB/s    4m7s[K[?25h[?2026l[?2026h[?25l[A[1Gpulling manifest [K
pulling 2bada8a74506...   5% ▕                ▏ 252 MB/4.7 GB   17 MB/s    4m6s[K[?25h[?2026l[?2026h[?25l[A[1Gpulling manifest [K
pulling 2bada8a74506...   5% ▕                ▏ 254 MB/4.7 GB   17 MB/s    4m6s[K[?25h[?2026l[?2026h[?25l[A[1Gpulling manifest [K
pulling 2bada8a74506...   5% ▕                ▏ 255 MB/4.7 GB   17 MB/s    4m6s[K[?25h[?2026l[?2026h[?25l[A[1Gpulling manifest [K
pulling 2bada8a74506...   6% ▕                ▏ 258 MB/4.7 GB   17 MB/s    4m6s[K[?25h[?2026l[?2026h[?25l[A[1Gpulling manifest [K
pulling 2bada8a74506...   6% ▕                ▏ 260 MB/4.7 GB   17 MB/s    4m6s[K[?25h[?2026l[?2026h[?25l[A[1Gpulling manifest [K
pulling 2bada8a74506...   6% ▕                ▏ 261 MB/4.7 GB   17 MB/s    4m6s[K[?25h[?2026l[?2026h[?25l[A[1Gpulling manifest [K
pulling 2bada8a74506...   6% ▕                ▏ 262 MB/4.7 GB   17 MB/s    4m7s[K[?25h[?2026l[?2026h[?25l[A[1Gpulling manifest [K
pulling 2bada8a74506...   6% ▕                ▏ 264 MB/4.7 GB   17 MB/s    4m7s[K[?25h[?2026l[?2026h[?25l[A[1Gpulling manifest [K
pulling 2bada8a74506...   6% ▕                ▏ 265 MB/4.7 GB   17 MB/s    4m7s[K[?25h[?2026l[?2026h[?25l[A[1Gpulling manifest [K
pulling 2bada8a74506...   6% ▕                ▏ 267 MB/4.7 GB   17 MB/s    4m7s[K[?25h[?2026l[?2026h[?25l[A[1Gpulling manifest [K
pulling 2bada8a74506...   6% ▕                ▏ 269 MB/4.7 GB   17 MB/s    4m7s[K[?25h[?2026l[?2026h[?25l[A[1Gpulling manifest [K
pulling 2bada8a74506...   6% ▕                ▏ 270 MB/4.7 GB   17 MB/s    4m7s[K[?25h[?2026l[?2026h[?25l[A[1Gpulling manifest [K
pulling 2bada8a74506...   6% ▕                ▏ 272 MB/4.7 GB   17 MB/s    4m6s[K[?25h[?2026l[?2026h[?25l[A[1Gpulling manifest [K
pulling 2bada8a74506...   6% ▕                ▏ 275 MB/4.7 GB   17 MB/s    4m6s[K[?25h[?2026l[?2026h[?25l[A[1Gpulling manifest [K
pulling 2bada8a74506...   6% ▕                ▏ 275 MB/4.7 GB   17 MB/s    4m6s[K[?25h[?2026l[?2026h[?25l[A[1Gpulling manifest [K
pulling 2bada8a74506...   6% ▕                ▏ 277 MB/4.7 GB   17 MB/s    4m6s[K[?25h[?2026l[?2026h[?25l[A[1Gpulling manifest [K
pulling 2bada8a74506...   6% ▕                ▏ 279 MB/4.7 GB   17 MB/s    4m7s[K[?25h[?2026l[?2026h[?25l[A[1Gpulling manifest [K
pulling 2bada8a74506...   6% ▕                ▏ 280 MB/4.7 GB   17 MB/s    4m7s[K[?25h[?2026l[?2026h[?25l[A[1Gpulling manifest [K
pulling 2bada8a74506...   6% ▕                ▏ 283 MB/4.7 GB   17 MB/s    4m7s[K[?25h[?2026l[?2026h[?25l[A[1Gpulling manifest [K
pulling 2bada8a74506...   6% ▕                ▏ 285 MB/4.7 GB   17 MB/s    4m7s[K[?25h[?2026l[?2026h[?25l[A[1Gpulling manifest [K
pulling 2bada8a74506...   6% ▕                ▏ 286 MB/4.7 GB   17 MB/s    4m7s[K[?25h[?2026l[?2026h[?25l[A[1Gpulling manifest [K
pulling 2bada8a74506...   6% ▕                ▏ 288 MB/4.7 GB   17 MB/s    4m7s[K[?25h[?2026l[?2026h[?25l[A[1Gpulling manifest [K
pulling 2bada8a74506...   6% ▕                ▏ 290 MB/4.7 GB   17 MB/s    4m6s[K[?25h[?2026l[?2026h[?25l[A[1Gpulling manifest [K
pulling 2bada8a74506...   6% ▕                ▏ 291 MB/4.7 GB   17 MB/s    4m6s[K[?25h[?2026l[?2026h[?25l[A[1Gpulling manifest [K
pulling 2bada8a74506...   6% ▕█               ▏ 293 MB/4.7 GB   17 MB/s    4m6s[K[?25h[?2026l[?2026h[?25l[A[1Gpulling manifest [K
pulling 2bada8a74506...   6% ▕█               ▏ 295 MB/4.7 GB   17 MB/s    4m6s[K[?25h[?2026l[?2026h[?25l[A[1Gpulling manifest [K
pulling 2bada8a74506...   6% ▕█               ▏ 296 MB/4.7 GB   17 MB/s    4m7s[K[?25h[?2026l[?2026h[?25l[A[1Gpulling manifest [K
pulling 2bada8a74506...   6% ▕█               ▏ 298 MB/4.7 GB   17 MB/s    4m7s[K[?25h[?2026l[?2026h[?25l[A[1Gpulling manifest [K
pulling 2bada8a74506...   6% ▕█               ▏ 300 MB/4.7 GB   17 MB/s    4m7s[K[?25h[?2026l[?2026h[?25l[A[1Gpulling manifest [K
pulling 2bada8a74506...   6% ▕█               ▏ 301 MB/4.7 GB   17 MB/s    4m6s[K[?25h[?2026l[?2026h[?25l[A[1Gpulling manifest [K
pulling 2bada8a74506...   6% ▕█               ▏ 303 MB/4.7 GB   17 MB/s    4m6s[K[?25h[?2026l[?2026h[?25l[A[1Gpulling manifest [K
pulling 2bada8a74506...   7% ▕█               ▏ 305 MB/4.7 GB   17 MB/s    4m6s[K[?25h[?2026l[?2026h[?25l[A[1Gpulling manifest [K
pulling 2bada8a74506...   7% ▕█               ▏ 306 MB/4.7 GB   17 MB/s    4m6s[K[?25h[?2026l[?2026h[?25l[A[1Gpulling manifest [K
pulling 2bada8a74506...   7% ▕█               ▏ 308 MB/4.7 GB   17 MB/s    4m6s[K[?25h[?2026l[?2026h[?25l[A[1Gpulling manifest [K
pulling 2bada8a74506...   7% ▕█               ▏ 310 MB/4.7 GB   17 MB/s    4m6s[K[?25h[?2026l[?2026h[?25l[A[1Gpulling manifest [K
pulling 2bada8a74506...   7% ▕█               ▏ 311 MB/4.7 GB   17 MB/s    4m6s[K[?25h[?2026l[?2026h[?25l[A[1Gpulling manifest [K
pulling 2bada8a74506...   7% ▕█               ▏ 313 MB/4.7 GB   17 MB/s    4m8s[K[?25h[?2026l[?2026h[?25l[A[1Gpulling manifest [K
pulling 2bada8a74506...   7% ▕█               ▏ 315 MB/4.7 GB   17 MB/s    4m8s[K[?25h[?2026l[?2026h[?25l[A[1Gpulling manifest [K
pulling 2bada8a74506...   7% ▕█               ▏ 316 MB/4.7 GB   17 MB/s    4m8s[K[?25h[?2026l[?2026h[?25l[A[1Gpulling manifest [K
pulling 2bada8a74506...   7% ▕█               ▏ 318 MB/4.7 GB   17 MB/s    4m8s[K[?25h[?2026l[?2026h[?25l[A[1Gpulling manifest [K
pulling 2bada8a74506...   7% ▕█               ▏ 320 MB/4.7 GB   17 MB/s    4m8s[K[?25h[?2026l[?2026h[?25l[A[1Gpulling manifest [K
pulling 2bada8a74506...   7% ▕█               ▏ 321 MB/4.7 GB   17 MB/s    4m8s[K[?25h[?2026l[?2026h[?25l[A[1Gpulling manifest [K
pulling 2bada8a74506...   7% ▕█               ▏ 323 MB/4.7 GB   17 MB/s    4m8s[K[?25h[?2026l[?2026h[?25l[A[1Gpulling manifest [K
pulling 2bada8a74506...   7% ▕█               ▏ 326 MB/4.7 GB   17 MB/s    4m7s[K[?25h[?2026l[?2026h[?25l[A[1Gpulling manifest [K
pulling 2bada8a74506...   7% ▕█               ▏ 327 MB/4.7 GB   17 MB/s    4m7s[K[?25h[?2026l[?2026h[?25l[A[1Gpulling manifest [K
pulling 2bada8a74506...   7% ▕█               ▏ 329 MB/4.7 GB   17 MB/s    4m7s[K[?25h[?2026l[?2026h[?25l[A[1Gpulling manifest [K
pulling 2bada8a74506...   7% ▕█               ▏ 331 MB/4.7 GB   17 MB/s    4m8s[K[?25h[?2026l[?2026h[?25l[A[1Gpulling manifest [K
pulling 2bada8a74506...   7% ▕█               ▏ 332 MB/4.7 GB   17 MB/s    4m8s[K[?25h[?2026l[?2026h[?25l[A[1Gpulling manifest [K
pulling 2bada8a74506...   7% ▕█               ▏ 334 MB/4.7 GB   17 MB/s    4m8s[K[?25h[?2026l[?2026h[?25l[A[1Gpulling manifest [K
pulling 2bada8a74506...   7% ▕█               ▏ 336 MB/4.7 GB   17 MB/s    4m8s[K[?25h[?2026l[?2026h[?25l[A[1Gpulling manifest [K
pulling 2bada8a74506...   7% ▕█               ▏ 337 MB/4.7 GB   17 MB/s    4m8s[K[?25h[?2026l[?2026h[?25l[A[1Gpulling manifest [K
pulling 2bada8a74506...   7% ▕█               ▏ 339 MB/4.7 GB   17 MB/s    4m8s[K[?25h[?2026l[?2026h[?25l[A[1Gpulling manifest [K
pulling 2bada8a74506...   7% ▕█               ▏ 342 MB/4.7 GB   17 MB/s    4m8s[K[?25h[?2026l[?2026h[?25l[A[1Gpulling manifest [K
pulling 2bada8a74506...   7% ▕█               ▏ 343 MB/4.7 GB   17 MB/s    4m8s[K[?25h[?2026l[?2026h[?25l[A[1Gpulling manifest [K
pulling 2bada8a74506...   7% ▕█               ▏ 345 MB/4.7 GB   17 MB/s    4m7s[K[?25h[?2026l[?2026h[?25l[A[1Gpulling manifest [K
pulling 2bada8a74506...   7% ▕█               ▏ 347 MB/4.7 GB   17 MB/s    4m7s[K[?25h[?2026l[?2026h[?25l[A[1Gpulling manifest [K
pulling 2bada8a74506...   7% ▕█               ▏ 348 MB/4.7 GB   17 MB/s    4m7s[K[?25h[?2026l[?2026h[?25l[A[1Gpulling manifest [K
pulling 2bada8a74506...   7% ▕█               ▏ 350 MB/4.7 GB   17 MB/s    4m7s[K[?25h[?2026l[?2026h[?25l[A[1Gpulling manifest [K
pulling 2bada8a74506...   8% ▕█               ▏ 352 MB/4.7 GB   17 MB/s    4m7s[K[?25h[?2026l[?2026h[?25l[A[1Gpulling manifest [K
pulling 2bada8a74506...   8% ▕█               ▏ 353 MB/4.7 GB   17 MB/s    4m7s[K[?25h[?2026l[?2026h[?25l[A[1Gpulling manifest [K
pulling 2bada8a74506...   8% ▕█               ▏ 355 MB/4.7 GB   17 MB/s    4m7s[K[?25h[?2026l[?2026h[?25l[A[1Gpulling manifest [K
pulling 2bada8a74506...   8% ▕█               ▏ 357 MB/4.7 GB   17 MB/s    4m7s[K[?25h[?2026l[?2026h[?25l[A[1Gpulling manifest [K
pulling 2bada8a74506...   8% ▕█               ▏ 358 MB/4.7 GB   17 MB/s    4m7s[K[?25h[?2026l[?2026h[?25l[A[1Gpulling manifest [K
pulling 2bada8a74506...   8% ▕█               ▏ 361 MB/4.7 GB   17 MB/s    4m7s[K[?25h[?2026l[?2026h[?25l[A[1Gpulling manifest [K
pulling 2bada8a74506...   8% ▕█               ▏ 363 MB/4.7 GB   17 MB/s    4m7s[K[?25h[?2026l[?2026h[?25l[A[1Gpulling manifest [K
pulling 2bada8a74506...   8% ▕█               ▏ 364 MB/4.7 GB   17 MB/s    4m7s[K[?25h[?2026l[?2026h[?25l[A[1Gpulling manifest [K
pulling 2bada8a74506...   8% ▕█               ▏ 366 MB/4.7 GB   17 MB/s    4m6s[K[?25h[?2026l[?2026h[?25l[A[1Gpulling manifest [K
pulling 2bada8a74506...   8% ▕█               ▏ 369 MB/4.7 GB   17 MB/s    4m4s[K[?25h[?2026l[?2026h[?25l[A[1Gpulling manifest [K
pulling 2bada8a74506...   8% ▕█               ▏ 370 MB/4.7 GB   17 MB/s    4m4s[K[?25h[?2026l[?2026h[?25l[A[1Gpulling manifest [K
pulling 2bada8a74506...   8% ▕█               ▏ 372 MB/4.7 GB   17 MB/s    4m4s[K[?25h[?2026l[?2026h[?25l[A[1Gpulling manifest [K
pulling 2bada8a74506...   8% ▕█               ▏ 374 MB/4.7 GB   17 MB/s    4m4s[K[?25h[?2026l[?2026h[?25l[A[1Gpulling manifest [K
pulling 2bada8a74506...   8% ▕█               ▏ 375 MB/4.7 GB   17 MB/s    4m4s[K[?25h[?2026l[?2026h[?25l[A[1Gpulling manifest [K
pulling 2bada8a74506...   8% ▕█               ▏ 377 MB/4.7 GB   17 MB/s    4m4s[K[?25h[?2026l[?2026h[?25l[A[1Gpulling manifest [K
pulling 2bada8a74506...   8% ▕█               ▏ 379 MB/4.7 GB   17 MB/s    4m3s[K[?25h[?2026l[?2026h[?25l[A[1Gpulling manifest [K
pulling 2bada8a74506...   8% ▕█               ▏ 381 MB/4.7 GB   17 MB/s    4m3s[K[?25h[?2026l[?2026h[?25l[A[1Gpulling manifest [K
pulling 2bada8a74506...   8% ▕█               ▏ 383 MB/4.7 GB   17 MB/s    4m3s[K[?25h[?2026l[?2026h[?25l[A[1Gpulling manifest [K
pulling 2bada8a74506...   8% ▕█               ▏ 385 MB/4.7 GB   17 MB/s    4m3s[K[?25h[?2026l[?2026h[?25l[A[1Gpulling manifest [K
pulling 2bada8a74506...   8% ▕█               ▏ 386 MB/4.7 GB   17 MB/s    4m2s[K[?25h[?2026l[?2026h[?25l[A[1Gpulling manifest [K
pulling 2bada8a74506...   8% ▕█               ▏ 389 MB/4.7 GB   17 MB/s    4m2s[K[?25h[?2026l[?2026h[?25l[A[1Gpulling manifest [K
pulling 2bada8a74506...   8% ▕█               ▏ 390 MB/4.7 GB   17 MB/s    4m2s[K[?25h[?2026l[?2026h[?25l[A[1Gpulling manifest [K
pulling 2bada8a74506...   8% ▕█               ▏ 391 MB/4.7 GB   17 MB/s    4m2s[K[?25h[?2026l[?2026h[?25l[A[1Gpulling manifest [K
pulling 2bada8a74506...   8% ▕█               ▏ 393 MB/4.7 GB   17 MB/s    4m2s[K[?25h[?2026l[?2026h[?25l[A[1Gpulling manifest [K
pulling 2bada8a74506...   8% ▕█               ▏ 395 MB/4.7 GB   17 MB/s    4m2s[K[?25h[?2026l[?2026h[?25l[A[1Gpulling manifest [K
pulling 2bada8a74506...   8% ▕█               ▏ 396 MB/4.7 GB   17 MB/s    4m2s[K[?25h[?2026l[?2026h[?25l[A[1Gpulling manifest [K
pulling 2bada8a74506...   9% ▕█               ▏ 399 MB/4.7 GB   17 MB/s    4m1s[K[?25h[?2026l[?2026h[?25l[A[1Gpulling manifest [K
pulling 2bada8a74506...   9% ▕█               ▏ 401 MB/4.7 GB   17 MB/s    4m1s[K[?25h[?2026l[?2026h[?25l[A[1Gpulling manifest [K
pulling 2bada8a74506...   9% ▕█               ▏ 402 MB/4.7 GB   17 MB/s    4m1s[K[?25h[?2026l[?2026h[?25l[A[1Gpulling manifest [K
pulling 2bada8a74506...   9% ▕█               ▏ 404 MB/4.7 GB   17 MB/s    4m0s[K[?25h[?2026l[?2026h[?25l[A[1Gpulling manifest [K
pulling 2bada8a74506...   9% ▕█               ▏ 404 MB/4.7 GB   17 MB/s    4m0s[K[?25h[?2026l[?2026h[?25l[A[1Gpulling manifest [K
pulling 2bada8a74506...   9% ▕█               ▏ 404 MB/4.7 GB   17 MB/s    4m0s[K[?25h[?2026l[?2026h[?25l[A[1Gpulling manifest [K
pulling 2bada8a74506...   9% ▕█               ▏ 409 MB/4.7 GB   17 MB/s    4m0s[K[?25h[?2026l[?2026h[?25l[A[1Gpulling manifest [K
pulling 2bada8a74506...   9% ▕█               ▏ 410 MB/4.7 GB   17 MB/s   3m59s[K[?25h[?2026l[?2026h[?25l[A[1Gpulling manifest [K
pulling 2bada8a74506...   9% ▕█               ▏ 411 MB/4.7 GB   17 MB/s   3m59s[K[?25h[?2026l[?2026h[?25l[A[1Gpulling manifest [K
pulling 2bada8a74506...   9% ▕█               ▏ 413 MB/4.7 GB   17 MB/s   3m59s[K[?25h[?2026l[?2026h[?25l[A[1Gpulling manifest [K
pulling 2bada8a74506...   9% ▕█               ▏ 416 MB/4.7 GB   17 MB/s   3m59s[K[?25h[?2026l[?2026h[?25l[A[1Gpulling manifest [K
pulling 2bada8a74506...   9% ▕█               ▏ 417 MB/4.7 GB   17 MB/s   3m59s[K[?25h[?2026l[?2026h[?25l[A[1Gpulling manifest [K
pulling 2bada8a74506...   9% ▕█               ▏ 419 MB/4.7 GB   17 MB/s   3m59s[K[?25h[?2026l[?2026h[?25l[A[1Gpulling manifest [K
pulling 2bada8a74506...   9% ▕█               ▏ 421 MB/4.7 GB   17 MB/s    4m0s[K[?25h[?2026l[?2026h[?25l[A[1Gpulling manifest [K
pulling 2bada8a74506...   9% ▕█               ▏ 422 MB/4.7 GB   17 MB/s    4m0s[K[?25h[?2026l[?2026h[?25l[A[1Gpulling manifest [K
pulling 2bada8a74506...   9% ▕█               ▏ 424 MB/4.7 GB   17 MB/s    4m0s[K[?25h[?2026l[?2026h[?25l[A[1Gpulling manifest [K
pulling 2bada8a74506...   9% ▕█               ▏ 426 MB/4.7 GB   17 MB/s    4m0s[K[?25h[?2026l[?2026h[?25l[A[1Gpulling manifest [K
pulling 2bada8a74506...   9% ▕█               ▏ 427 MB/4.7 GB   17 MB/s    4m0s[K[?25h[?2026l[?2026h[?25l[A[1Gpulling manifest [K
pulling 2bada8a74506...   9% ▕█               ▏ 429 MB/4.7 GB   17 MB/s    4m0s[K[?25h[?2026l[?2026h[?25l[A[1Gpulling manifest [K
pulling 2bada8a74506...   9% ▕█               ▏ 431 MB/4.7 GB   17 MB/s    4m0s[K[?25h[?2026l[?2026h[?25l[A[1Gpulling manifest [K
pulling 2bada8a74506...   9% ▕█               ▏ 432 MB/4.7 GB   17 MB/s   3m59s[K[?25h[?2026l[?2026h[?25l[A[1Gpulling manifest [K
pulling 2bada8a74506...   9% ▕█               ▏ 435 MB/4.7 GB   17 MB/s   3m59s[K[?25h[?2026l[?2026h[?25l[A[1Gpulling manifest [K
pulling 2bada8a74506...   9% ▕█               ▏ 437 MB/4.7 GB   17 MB/s   3m59s[K[?25h[?2026l[?2026h[?25l[A[1Gpulling manifest [K
pulling 2bada8a74506...   9% ▕█               ▏ 437 MB/4.7 GB   17 MB/s   3m59s[K[?25h[?2026l[?2026h[?25l[A[1Gpulling manifest [K
pulling 2bada8a74506...   9% ▕█               ▏ 439 MB/4.7 GB   17 MB/s   3m58s[K[?25h[?2026l[?2026h[?25l[A[1Gpulling manifest [K
pulling 2bada8a74506...   9% ▕█               ▏ 441 MB/4.7 GB   17 MB/s   3m58s[K[?25h[?2026l[?2026h[?25l[A[1Gpulling manifest [K
pulling 2bada8a74506...   9% ▕█               ▏ 443 MB/4.7 GB   17 MB/s   3m58s[K[?25h[?2026l[?2026h[?25l[A[1Gpulling manifest [K
pulling 2bada8a74506...   9% ▕█               ▏ 444 MB/4.7 GB   17 MB/s   3m58s[K[?25h[?2026l[?2026h[?25l[A[1Gpulling manifest [K
pulling 2bada8a74506...  10% ▕█               ▏ 445 MB/4.7 GB   17 MB/s   3m58s[K[?25h[?2026l[?2026h[?25l[A[1Gpulling manifest [K
pulling 2bada8a74506...  10% ▕█               ▏ 446 MB/4.7 GB   17 MB/s   3m58s[K[?25h[?2026l[?2026h[?25l[A[1Gpulling manifest [K
pulling 2bada8a74506...  10% ▕█               ▏ 448 MB/4.7 GB   17 MB/s   3m58s[K[?25h[?2026l[?2026h[?25l[A[1Gpulling manifest [K
pulling 2bada8a74506...  10% ▕█               ▏ 451 MB/4.7 GB   17 MB/s   3m57s[K[?25h[?2026l[?2026h[?25l[A[1Gpulling manifest [K
pulling 2bada8a74506...  10% ▕█               ▏ 452 MB/4.7 GB   17 MB/s   3m57s[K[?25h[?2026l[?2026h[?25l[A[1Gpulling manifest [K
pulling 2bada8a74506...  10% ▕█               ▏ 454 MB/4.7 GB   17 MB/s   3m57s[K[?25h[?2026l[?2026h[?25l[A[1Gpulling manifest [K
pulling 2bada8a74506...  10% ▕█               ▏ 456 MB/4.7 GB   17 MB/s   3m59s[K[?25h[?2026l[?2026h[?25l[A[1Gpulling manifest [K
pulling 2bada8a74506...  10% ▕█               ▏ 457 MB/4.7 GB   17 MB/s   3m59s[K[?25h[?2026l[?2026h[?25l[A[1Gpulling manifest [K
pulling 2bada8a74506...  10% ▕█               ▏ 459 MB/4.7 GB   17 MB/s   3m59s[K[?25h[?2026l[?2026h[?25l[A[1Gpulling manifest [K
pulling 2bada8a74506...  10% ▕█               ▏ 462 MB/4.7 GB   17 MB/s   3m59s[K[?25h[?2026l[?2026h[?25l[A[1Gpulling manifest [K
pulling 2bada8a74506...  10% ▕█               ▏ 463 MB/4.7 GB   17 MB/s   3m59s[K[?25h[?2026l[?2026h[?25l[A[1Gpulling manifest [K
pulling 2bada8a74506...  10% ▕█               ▏ 465 MB/4.7 GB   17 MB/s   3m58s[K[?25h[?2026l[?2026h[?25l[A[1Gpulling manifest [K
pulling 2bada8a74506...  10% ▕█               ▏ 467 MB/4.7 GB   17 MB/s   3m58s[K[?25h[?2026l[?2026h[?25l[A[1Gpulling manifest [K
pulling 2bada8a74506...  10% ▕█               ▏ 468 MB/4.7 GB   17 MB/s   3m58s[K[?25h[?2026l[?2026h[?25l[A[1Gpulling manifest [K
pulling 2bada8a74506...  10% ▕█               ▏ 470 MB/4.7 GB   17 MB/s   3m58s[K[?25h[?2026l[?2026h[?25l[A[1Gpulling manifest [K
pulling 2bada8a74506...  10% ▕█               ▏ 472 MB/4.7 GB   17 MB/s   3m58s[K[?25h[?2026l[?2026h[?25l[A[1Gpulling manifest [K
pulling 2bada8a74506...  10% ▕█               ▏ 473 MB/4.7 GB   17 MB/s   3m55s[K[?25h[?2026l[?2026h[?25l[A[1Gpulling manifest [K
pulling 2bada8a74506...  10% ▕█               ▏ 476 MB/4.7 GB   17 MB/s   3m55s[K[?25h[?2026l[?2026h[?25l[A[1Gpulling manifest [K
pulling 2bada8a74506...  10% ▕█               ▏ 478 MB/4.7 GB   17 MB/s   3m55s[K[?25h[?2026l[?2026h[?25l[A[1Gpulling manifest [K
pulling 2bada8a74506...  10% ▕█               ▏ 479 MB/4.7 GB   17 MB/s   3m55s[K[?25h[?2026l[?2026h[?25l[A[1Gpulling manifest [K
pulling 2bada8a74506...  10% ▕█               ▏ 481 MB/4.7 GB   17 MB/s   3m55s[K[?25h[?2026l[?2026h[?25l[A[1Gpulling manifest [K
pulling 2bada8a74506...  10% ▕█               ▏ 483 MB/4.7 GB   17 MB/s   3m55s[K[?25h[?2026l[?2026h[?25l[A[1Gpulling manifest [K
pulling 2bada8a74506...  10% ▕█               ▏ 484 MB/4.7 GB   17 MB/s   3m55s[K[?25h[?2026l[?2026h[?25l[A[1Gpulling manifest [K
pulling 2bada8a74506...  10% ▕█               ▏ 486 MB/4.7 GB   17 MB/s   3m55s[K[?25h[?2026l[?2026h[?25l[A[1Gpulling manifest [K
pulling 2bada8a74506...  10% ▕█               ▏ 488 MB/4.7 GB   17 MB/s   3m55s[K[?25h[?2026l[?2026h[?25l[A[1Gpulling manifest [K
pulling 2bada8a74506...  10% ▕█               ▏ 489 MB/4.7 GB   17 MB/s   3m55s[K[?25h[?2026l[?2026h[?25l[A[1Gpulling manifest [K
pulling 2bada8a74506...  10% ▕█               ▏ 491 MB/4.7 GB   17 MB/s   3m56s[K[?25h[?2026l[?2026h[?25l[A[1Gpulling manifest [K
pulling 2bada8a74506...  11% ▕█               ▏ 493 MB/4.7 GB   17 MB/s   3m56s[K[?25h[?2026l[?2026h[?25l[A[1Gpulling manifest [K
pulling 2bada8a74506...  11% ▕█               ▏ 494 MB/4.7 GB   17 MB/s   3m55s[K[?25h[?2026l[?2026h[?25l[A[1Gpulling manifest [K
pulling 2bada8a74506...  11% ▕█               ▏ 496 MB/4.7 GB   17 MB/s   3m55s[K[?25h[?2026l[?2026h[?25l[A[1Gpulling manifest [K
pulling 2bada8a74506...  11% ▕█               ▏ 497 MB/4.7 GB   17 MB/s   3m55s[K[?25h[?2026l[?2026h[?25l[A[1Gpulling manifest [K
pulling 2bada8a74506...  11% ▕█               ▏ 497 MB/4.7 GB   17 MB/s   3m55s[K[?25h[?2026l[?2026h[?25l[A[1Gpulling manifest [K
pulling 2bada8a74506...  11% ▕█               ▏ 500 MB/4.7 GB   17 MB/s   3m55s[K[?25h[?2026l[?2026h[?25l[A[1Gpulling manifest [K
pulling 2bada8a74506...  11% ▕█               ▏ 502 MB/4.7 GB   17 MB/s   3m55s[K[?25h[?2026l[?2026h[?25l[A[1Gpulling manifest [K
pulling 2bada8a74506...  11% ▕█               ▏ 503 MB/4.7 GB   17 MB/s   3m55s[K[?25h[?2026l[?2026h[?25l[A[1Gpulling manifest [K
pulling 2bada8a74506...  11% ▕█               ▏ 504 MB/4.7 GB   17 MB/s   3m55s[K[?25h[?2026l[?2026h[?25l[A[1Gpulling manifest [K
pulling 2bada8a74506...  11% ▕█               ▏ 505 MB/4.7 GB   17 MB/s    4m0s[K[?25h[?2026l[?2026h[?25l[A[1Gpulling manifest [K
pulling 2bada8a74506...  11% ▕█               ▏ 506 MB/4.7 GB   17 MB/s    4m0s[K[?25h[?2026l[?2026h[?25l[A[1Gpulling manifest [K
pulling 2bada8a74506...  11% ▕█               ▏ 508 MB/4.7 GB   17 MB/s    4m0s[K[?25h[?2026l[?2026h[?25l[A[1Gpulling manifest [K
pulling 2bada8a74506...  11% ▕█               ▏ 510 MB/4.7 GB   17 MB/s    4m0s[K[?25h[?2026l[?2026h[?25l[A[1Gpulling manifest [K
pulling 2bada8a74506...  11% ▕█               ▏ 511 MB/4.7 GB   17 MB/s    4m0s[K[?25h[?2026l[?2026h[?25l[A[1Gpulling manifest [K
pulling 2bada8a74506...  11% ▕█               ▏ 513 MB/4.7 GB   17 MB/s   3m59s[K[?25h[?2026l[?2026h[?25l[A[1Gpulling manifest [K
pulling 2bada8a74506...  11% ▕█               ▏ 515 MB/4.7 GB   17 MB/s   3m59s[K[?25h[?2026l[?2026h[?25l[A[1Gpulling manifest [K
pulling 2bada8a74506...  11% ▕█               ▏ 516 MB/4.7 GB   17 MB/s   3m59s[K[?25h[?2026l[?2026h[?25l[A[1Gpulling manifest [K
pulling 2bada8a74506...  11% ▕█               ▏ 519 MB/4.7 GB   17 MB/s   3m59s[K[?25h[?2026l[?2026h[?25l[A[1Gpulling manifest [K
pulling 2bada8a74506...  11% ▕█               ▏ 521 MB/4.7 GB   17 MB/s   3m59s[K[?25h[?2026l[?2026h[?25l[A[1Gpulling manifest [K
pulling 2bada8a74506...  11% ▕█               ▏ 522 MB/4.7 GB   17 MB/s   3m59s[K[?25h[?2026l[?2026h[?25l[A[1Gpulling manifest [K
pulling 2bada8a74506...  11% ▕█               ▏ 523 MB/4.7 GB   17 MB/s    4m2s[K[?25h[?2026l[?2026h[?25l[A[1Gpulling manifest [K
pulling 2bada8a74506...  11% ▕█               ▏ 525 MB/4.7 GB   17 MB/s    4m2s[K[?25h[?2026l[?2026h[?25l[A[1Gpulling manifest [K
pulling 2bada8a74506...  11% ▕█               ▏ 526 MB/4.7 GB   17 MB/s    4m1s[K[?25h[?2026l[?2026h[?25l[A[1Gpulling manifest [K
pulling 2bada8a74506...  11% ▕█               ▏ 527 MB/4.7 GB   17 MB/s    4m1s[K[?25h[?2026l[?2026h[?25l[A[1Gpulling manifest [K
pulling 2bada8a74506...  11% ▕█               ▏ 529 MB/4.7 GB   17 MB/s    4m1s[K[?25h[?2026l[?2026h[?25l[A[1Gpulling manifest [K
pulling 2bada8a74506...  11% ▕█               ▏ 531 MB/4.7 GB   17 MB/s    4m1s[K[?25h[?2026l[?2026h[?25l[A[1Gpulling manifest [K
pulling 2bada8a74506...  11% ▕█               ▏ 533 MB/4.7 GB   17 MB/s    4m1s[K[?25h[?2026l[?2026h[?25l[A[1Gpulling manifest [K
pulling 2bada8a74506...  11% ▕█               ▏ 534 MB/4.7 GB   17 MB/s    4m1s[K[?25h[?2026l[?2026h[?25l[A[1Gpulling manifest [K
pulling 2bada8a74506...  11% ▕█               ▏ 535 MB/4.7 GB   17 MB/s    4m1s[K[?25h[?2026l[?2026h[?25l[A[1Gpulling manifest [K
pulling 2bada8a74506...  11% ▕█               ▏ 537 MB/4.7 GB   17 MB/s    4m1s[K[?25h[?2026l[?2026h[?25l[A[1Gpulling manifest [K
pulling 2bada8a74506...  12% ▕█               ▏ 540 MB/4.7 GB   16 MB/s    4m5s[K[?25h[?2026l[?2026h[?25l[A[1Gpulling manifest [K
pulling 2bada8a74506...  12% ▕█               ▏ 541 MB/4.7 GB   16 MB/s    4m5s[K[?25h[?2026l[?2026h[?25l[A[1Gpulling manifest [K
pulling 2bada8a74506...  12% ▕█               ▏ 543 MB/4.7 GB   16 MB/s    4m4s[K[?25h[?2026l[?2026h[?25l[A[1Gpulling manifest [K
pulling 2bada8a74506...  12% ▕█               ▏ 545 MB/4.7 GB   16 MB/s    4m4s[K[?25h[?2026l[?2026h[?25l[A[1Gpulling manifest [K
pulling 2bada8a74506...  12% ▕█               ▏ 545 MB/4.7 GB   16 MB/s    4m4s[K[?25h[?2026l[?2026h[?25l[A[1Gpulling manifest [K
pulling 2bada8a74506...  12% ▕█               ▏ 547 MB/4.7 GB   16 MB/s    4m4s[K[?25h[?2026l[?2026h[?25l[A[1Gpulling manifest [K
pulling 2bada8a74506...  12% ▕█               ▏ 550 MB/4.7 GB   16 MB/s    4m4s[K[?25h[?2026l[?2026h[?25l[A[1Gpulling manifest [K
pulling 2bada8a74506...  12% ▕█               ▏ 551 MB/4.7 GB   16 MB/s    4m4s[K[?25h[?2026l[?2026h[?25l[A[1Gpulling manifest [K
pulling 2bada8a74506...  12% ▕█               ▏ 553 MB/4.7 GB   16 MB/s    4m4s[K[?25h[?2026l[?2026h[?25l[A[1Gpulling manifest [K
pulling 2bada8a74506...  12% ▕█               ▏ 555 MB/4.7 GB   16 MB/s    4m4s[K[?25h[?2026l[?2026h[?25l[A[1Gpulling manifest [K
pulling 2bada8a74506...  12% ▕█               ▏ 556 MB/4.7 GB   16 MB/s    4m3s[K[?25h[?2026l[?2026h[?25l[A[1Gpulling manifest [K
pulling 2bada8a74506...  12% ▕█               ▏ 558 MB/4.7 GB   16 MB/s    4m3s[K[?25h[?2026l[?2026h[?25l[A[1Gpulling manifest [K
pulling 2bada8a74506...  12% ▕█               ▏ 560 MB/4.7 GB   16 MB/s    4m3s[K[?25h[?2026l[?2026h[?25l[A[1Gpulling manifest [K
pulling 2bada8a74506...  12% ▕█               ▏ 561 MB/4.7 GB   16 MB/s    4m3s[K[?25h[?2026l[?2026h[?25l[A[1Gpulling manifest [K
pulling 2bada8a74506...  12% ▕█               ▏ 562 MB/4.7 GB   16 MB/s    4m3s[K[?25h[?2026l[?2026h[?25l[A[1Gpulling manifest [K
pulling 2bada8a74506...  12% ▕█               ▏ 564 MB/4.7 GB   16 MB/s    4m3s[K[?25h[?2026l[?2026h[?25l[A[1Gpulling manifest [K
pulling 2bada8a74506...  12% ▕█               ▏ 565 MB/4.7 GB   16 MB/s    4m3s[K[?25h[?2026l[?2026h[?25l[A[1Gpulling manifest [K
pulling 2bada8a74506...  12% ▕█               ▏ 567 MB/4.7 GB   16 MB/s    4m3s[K[?25h[?2026l[?2026h[?25l[A[1Gpulling manifest [K
pulling 2bada8a74506...  12% ▕█               ▏ 569 MB/4.7 GB   16 MB/s    4m3s[K[?25h[?2026l[?2026h[?25l[A[1Gpulling manifest [K
pulling 2bada8a74506...  12% ▕█               ▏ 570 MB/4.7 GB   16 MB/s    4m3s[K[?25h[?2026l[?2026h[?25l[A[1Gpulling manifest [K
pulling 2bada8a74506...  12% ▕█               ▏ 573 MB/4.7 GB   16 MB/s    4m4s[K[?25h[?2026l[?2026h[?25l[A[1Gpulling manifest [K
pulling 2bada8a74506...  12% ▕█               ▏ 575 MB/4.7 GB   16 MB/s    4m3s[K[?25h[?2026l[?2026h[?25l[A[1Gpulling manifest [K
pulling 2bada8a74506...  12% ▕█               ▏ 576 MB/4.7 GB   16 MB/s    4m3s[K[?25h[?2026l[?2026h[?25l[A[1Gpulling manifest [K
pulling 2bada8a74506...  12% ▕█               ▏ 578 MB/4.7 GB   16 MB/s    4m3s[K[?25h[?2026l[?2026h[?25l[A[1Gpulling manifest [K
pulling 2bada8a74506...  12% ▕█               ▏ 580 MB/4.7 GB   16 MB/s    4m3s[K[?25h[?2026l[?2026h[?25l[A[1Gpulling manifest [K
pulling 2bada8a74506...  12% ▕█               ▏ 582 MB/4.7 GB   16 MB/s    4m3s[K[?25h[?2026l[?2026h[?25l[A[1Gpulling manifest [K
pulling 2bada8a74506...  12% ▕█               ▏ 584 MB/4.7 GB   16 MB/s    4m3s[K[?25h[?2026l[?2026h[?25l[A[1Gpulling manifest [K
pulling 2bada8a74506...  13% ▕██              ▏ 586 MB/4.7 GB   16 MB/s    4m3s[K[?25h[?2026l[?2026h[?25l[A[1Gpulling manifest [K
pulling 2bada8a74506...  13% ▕██              ▏ 587 MB/4.7 GB   16 MB/s    4m3s[K[?25h[?2026l[?2026h[?25l[A[1Gpulling manifest [K
pulling 2bada8a74506...  13% ▕██              ▏ 589 MB/4.7 GB   16 MB/s    4m3s[K[?25h[?2026l[?2026h[?25l[A[1Gpulling manifest [K
pulling 2bada8a74506...  13% ▕██              ▏ 591 MB/4.7 GB   16 MB/s    4m1s[K[?25h[?2026l[?2026h[?25l[A[1Gpulling manifest [K
pulling 2bada8a74506...  13% ▕██              ▏ 592 MB/4.7 GB   16 MB/s    4m0s[K[?25h[?2026l[?2026h[?25l[A[1Gpulling manifest [K
pulling 2bada8a74506...  13% ▕██              ▏ 594 MB/4.7 GB   16 MB/s    4m0s[K[?25h[?2026l[?2026h[?25l[A[1Gpulling manifest [K
pulling 2bada8a74506...  13% ▕██              ▏ 597 MB/4.7 GB   16 MB/s    4m0s[K[?25h[?2026l[?2026h[?25l[A[1Gpulling manifest [K
pulling 2bada8a74506...  13% ▕██              ▏ 598 MB/4.7 GB   16 MB/s    4m0s[K[?25h[?2026l[?2026h[?25l[A[1Gpulling manifest [K
pulling 2bada8a74506...  13% ▕██              ▏ 600 MB/4.7 GB   16 MB/s    4m0s[K[?25h[?2026l[?2026h[?25l[A[1Gpulling manifest [K
pulling 2bada8a74506...  13% ▕██              ▏ 602 MB/4.7 GB   16 MB/s    4m0s[K[?25h[?2026l[?2026h[?25l[A[1Gpulling manifest [K
pulling 2bada8a74506...  13% ▕██              ▏ 603 MB/4.7 GB   16 MB/s    4m0s[K[?25h[?2026l[?2026h[?25l[A[1Gpulling manifest [K
pulling 2bada8a74506...  13% ▕██              ▏ 606 MB/4.7 GB   16 MB/s    4m0s[K[?25h[?2026l[?2026h[?25l[A[1Gpulling manifest [K
pulling 2bada8a74506...  13% ▕██              ▏ 607 MB/4.7 GB   16 MB/s    4m0s[K[?25h[?2026l[?2026h[?25l[A[1Gpulling manifest [K
pulling 2bada8a74506...  13% ▕██              ▏ 609 MB/4.7 GB   16 MB/s   3m59s[K[?25h[?2026l[?2026h[?25l[A[1Gpulling manifest [K
pulling 2bada8a74506...  13% ▕██              ▏ 611 MB/4.7 GB   17 MB/s   3m56s[K[?25h[?2026l[?2026h[?25l[A[1Gpulling manifest [K
pulling 2bada8a74506...  13% ▕██              ▏ 613 MB/4.7 GB   17 MB/s   3m56s[K[?25h[?2026l[?2026h[?25l[A[1Gpulling manifest [K
pulling 2bada8a74506...  13% ▕██              ▏ 614 MB/4.7 GB   17 MB/s   3m56s[K[?25h[?2026l[?2026h[?25l[A[1Gpulling manifest [K
pulling 2bada8a74506...  13% ▕██              ▏ 617 MB/4.7 GB   17 MB/s   3m56s[K[?25h[?2026l[?2026h[?25l[A[1Gpulling manifest [K
pulling 2bada8a74506...  13% ▕██              ▏ 619 MB/4.7 GB   17 MB/s   3m56s[K[?25h[?2026l[?2026h[?25l[A[1Gpulling manifest [K
pulling 2bada8a74506...  13% ▕██              ▏ 620 MB/4.7 GB   17 MB/s   3m56s[K[?25h[?2026l[?2026h[?25l[A[1Gpulling manifest [K
pulling 2bada8a74506...  13% ▕██              ▏ 622 MB/4.7 GB   17 MB/s   3m55s[K[?25h[?2026l[?2026h[?25l[A[1Gpulling manifest [K
pulling 2bada8a74506...  13% ▕██              ▏ 624 MB/4.7 GB   17 MB/s   3m55s[K[?25h[?2026l[?2026h[?25l[A[1Gpulling manifest [K
pulling 2bada8a74506...  13% ▕██              ▏ 626 MB/4.7 GB   17 MB/s   3m55s[K[?25h[?2026l[?2026h[?25l[A[1Gpulling manifest [K
pulling 2bada8a74506...  13% ▕██              ▏ 628 MB/4.7 GB   17 MB/s   3m55s[K[?25h[?2026l[?2026h[?25l[A[1Gpulling manifest [K
pulling 2bada8a74506...  13% ▕██              ▏ 630 MB/4.7 GB   17 MB/s   3m54s[K[?25h[?2026l[?2026h[?25l[A[1Gpulling manifest [K
pulling 2bada8a74506...  13% ▕██              ▏ 631 MB/4.7 GB   17 MB/s   3m54s[K[?25h[?2026l[?2026h[?25l[A[1Gpulling manifest [K
pulling 2bada8a74506...  14% ▕██              ▏ 633 MB/4.7 GB   17 MB/s   3m54s[K[?25h[?2026l[?2026h[?25l[A[1Gpulling manifest [K
pulling 2bada8a74506...  14% ▕██              ▏ 635 MB/4.7 GB   17 MB/s   3m54s[K[?25h[?2026l[?2026h[?25l[A[1Gpulling manifest [K
pulling 2bada8a74506...  14% ▕██              ▏ 636 MB/4.7 GB   17 MB/s   3m54s[K[?25h[?2026l[?2026h[?25l[A[1Gpulling manifest [K
pulling 2bada8a74506...  14% ▕██              ▏ 638 MB/4.7 GB   17 MB/s   3m54s[K[?25h[?2026l[?2026h[?25l[A[1Gpulling manifest [K
pulling 2bada8a74506...  14% ▕██              ▏ 640 MB/4.7 GB   17 MB/s   3m54s[K[?25h[?2026l[?2026h[?25l[A[1Gpulling manifest [K
pulling 2bada8a74506...  14% ▕██              ▏ 641 MB/4.7 GB   17 MB/s   3m54s[K[?25h[?2026l[?2026h[?25l[A[1Gpulling manifest [K
pulling 2bada8a74506...  14% ▕██              ▏ 643 MB/4.7 GB   17 MB/s   3m53s[K[?25h[?2026l[?2026h[?25l[A[1Gpulling manifest [K
pulling 2bada8a74506...  14% ▕██              ▏ 645 MB/4.7 GB   17 MB/s   3m53s[K[?25h[?2026l[?2026h[?25l[A[1Gpulling manifest [K
pulling 2bada8a74506...  14% ▕██              ▏ 646 MB/4.7 GB   17 MB/s   3m54s[K[?25h[?2026l[?2026h[?25l[A[1Gpulling manifest [K
pulling 2bada8a74506...  14% ▕██              ▏ 648 MB/4.7 GB   17 MB/s   3m54s[K[?25h[?2026l[?2026h[?25l[A[1Gpulling manifest [K
pulling 2bada8a74506...  14% ▕██              ▏ 650 MB/4.7 GB   17 MB/s   3m53s[K[?25h[?2026l[?2026h[?25l[A[1Gpulling manifest [K
pulling 2bada8a74506...  14% ▕██              ▏ 651 MB/4.7 GB   17 MB/s   3m53s[K[?25h[?2026l[?2026h[?25l[A[1Gpulling manifest [K
pulling 2bada8a74506...  14% ▕██              ▏ 652 MB/4.7 GB   17 MB/s   3m53s[K[?25h[?2026l[?2026h[?25l[A[1Gpulling manifest [K
pulling 2bada8a74506...  14% ▕██              ▏ 654 MB/4.7 GB   17 MB/s   3m53s[K[?25h[?2026l[?2026h[?25l[A[1Gpulling manifest [K
pulling 2bada8a74506...  14% ▕██              ▏ 655 MB/4.7 GB   17 MB/s   3m53s[K[?25h[?2026l[?2026h[?25l[A[1Gpulling manifest [K
pulling 2bada8a74506...  14% ▕██              ▏ 657 MB/4.7 GB   17 MB/s   3m53s[K[?25h[?2026l[?2026h[?25l[A[1Gpulling manifest [K
pulling 2bada8a74506...  14% ▕██              ▏ 659 MB/4.7 GB   17 MB/s   3m53s[K[?25h[?2026l[?2026h[?25l[A[1Gpulling manifest [K
pulling 2bada8a74506...  14% ▕██              ▏ 660 MB/4.7 GB   17 MB/s   3m53s[K[?25h[?2026l[?2026h[?25l[A[1Gpulling manifest [K
pulling 2bada8a74506...  14% ▕██              ▏ 663 MB/4.7 GB   17 MB/s   3m50s[K[?25h[?2026l[?2026h[?25l[A[1Gpulling manifest [K
pulling 2bada8a74506...  14% ▕██              ▏ 665 MB/4.7 GB   17 MB/s   3m50s[K[?25h[?2026l[?2026h[?25l[A[1Gpulling manifest [K
pulling 2bada8a74506...  14% ▕██              ▏ 665 MB/4.7 GB   17 MB/s   3m50s[K[?25h[?2026l[?2026h[?25l[A[1Gpulling manifest [K
pulling 2bada8a74506...  14% ▕██              ▏ 666 MB/4.7 GB   17 MB/s   3m50s[K[?25h[?2026l[?2026h[?25l[A[1Gpulling manifest [K
pulling 2bada8a74506...  14% ▕██              ▏ 668 MB/4.7 GB   17 MB/s   3m49s[K[?25h[?2026l[?2026h[?25l[A[1Gpulling manifest [K
pulling 2bada8a74506...  14% ▕██              ▏ 669 MB/4.7 GB   17 MB/s   3m49s[K[?25h[?2026l[?2026h[?25l[A[1Gpulling manifest [K
pulling 2bada8a74506...  14% ▕██              ▏ 671 MB/4.7 GB   17 MB/s   3m49s[K[?25h[?2026l[?2026h[?25l[A[1Gpulling manifest [K
pulling 2bada8a74506...  14% ▕██              ▏ 673 MB/4.7 GB   17 MB/s   3m49s[K[?25h[?2026l[?2026h[?25l[A[1Gpulling manifest [K
pulling 2bada8a74506...  14% ▕██              ▏ 674 MB/4.7 GB   17 MB/s   3m49s[K[?25h[?2026l[?2026h[?25l[A[1Gpulling manifest [K
pulling 2bada8a74506...  14% ▕██              ▏ 676 MB/4.7 GB   17 MB/s   3m49s[K[?25h[?2026l[?2026h[?25l[A[1Gpulling manifest [K
pulling 2bada8a74506...  14% ▕██              ▏ 679 MB/4.7 GB   17 MB/s   3m50s[K[?25h[?2026l[?2026h[?25l[A[1Gpulling manifest [K
pulling 2bada8a74506...  15% ▕██              ▏ 679 MB/4.7 GB   17 MB/s   3m50s[K[?25h[?2026l[?2026h[?25l[A[1Gpulling manifest [K
pulling 2bada8a74506...  15% ▕██              ▏ 682 MB/4.7 GB   17 MB/s   3m50s[K[?25h[?2026l[?2026h[?25l[A[1Gpulling manifest [K
pulling 2bada8a74506...  15% ▕██              ▏ 684 MB/4.7 GB   17 MB/s   3m50s[K[?25h[?2026l[?2026h[?25l[A[1Gpulling manifest [K
pulling 2bada8a74506...  15% ▕██              ▏ 685 MB/4.7 GB   17 MB/s   3m50s[K[?25h[?2026l[?2026h[?25l[A[1Gpulling manifest [K
pulling 2bada8a74506...  15% ▕██              ▏ 687 MB/4.7 GB   17 MB/s   3m50s[K[?25h[?2026l[?2026h[?25l[A[1Gpulling manifest [K
pulling 2bada8a74506...  15% ▕██              ▏ 690 MB/4.7 GB   17 MB/s   3m49s[K[?25h[?2026l[?2026h[?25l[A[1Gpulling manifest [K
pulling 2bada8a74506...  15% ▕██              ▏ 691 MB/4.7 GB   17 MB/s   3m49s[K[?25h[?2026l[?2026h[?25l[A[1Gpulling manifest [K
pulling 2bada8a74506...  15% ▕██              ▏ 693 MB/4.7 GB   17 MB/s   3m49s[K[?25h[?2026l[?2026h[?25l[A[1Gpulling manifest [K
pulling 2bada8a74506...  15% ▕██              ▏ 695 MB/4.7 GB   17 MB/s   3m49s[K[?25h[?2026l[?2026h[?25l[A[1Gpulling manifest [K
pulling 2bada8a74506...  15% ▕██              ▏ 696 MB/4.7 GB   17 MB/s   3m49s[K[?25h[?2026l[?2026h[?25l[A[1Gpulling manifest [K
pulling 2bada8a74506...  15% ▕██              ▏ 698 MB/4.7 GB   17 MB/s   3m45s[K[?25h[?2026l[?2026h[?25l[A[1Gpulling manifest [K
pulling 2bada8a74506...  15% ▕██              ▏ 700 MB/4.7 GB   17 MB/s   3m45s[K[?25h[?2026l[?2026h[?25l[A[1Gpulling manifest [K
pulling 2bada8a74506...  15% ▕██              ▏ 701 MB/4.7 GB   17 MB/s   3m45s[K[?25h[?2026l[?2026h[?25l[A[1Gpulling manifest [K
pulling 2bada8a74506...  15% ▕██              ▏ 703 MB/4.7 GB   17 MB/s   3m45s[K[?25h[?2026l[?2026h[?25l[A[1Gpulling manifest [K
pulling 2bada8a74506...  15% ▕██              ▏ 704 MB/4.7 GB   17 MB/s   3m45s[K[?25h[?2026l[?2026h[?25l[A[1Gpulling manifest [K
pulling 2bada8a74506...  15% ▕██              ▏ 705 MB/4.7 GB   17 MB/s   3m45s[K[?25h[?2026l[?2026h[?25l[A[1Gpulling manifest [K
pulling 2bada8a74506...  15% ▕██              ▏ 707 MB/4.7 GB   17 MB/s   3m45s[K[?25h[?2026l[?2026h[?25l[A[1Gpulling manifest [K
pulling 2bada8a74506...  15% ▕██              ▏ 708 MB/4.7 GB   17 MB/s   3m45s[K[?25h[?2026l[?2026h[?25l[A[1Gpulling manifest [K
pulling 2bada8a74506...  15% ▕██              ▏ 709 MB/4.7 GB   17 MB/s   3m45s[K[?25h[?2026l[?2026h[?25l[A[1Gpulling manifest [K
pulling 2bada8a74506...  15% ▕██              ▏ 712 MB/4.7 GB   17 MB/s   3m44s[K[?25h[?2026l[?2026h[?25l[A[1Gpulling manifest [K
pulling 2bada8a74506...  15% ▕██              ▏ 714 MB/4.7 GB   17 MB/s   3m47s[K[?25h[?2026l[?2026h[?25l[A[1Gpulling manifest [K
pulling 2bada8a74506...  15% ▕██              ▏ 715 MB/4.7 GB   17 MB/s   3m47s[K[?25h[?2026l[?2026h[?25l[A[1Gpulling manifest [K
pulling 2bada8a74506...  15% ▕██              ▏ 717 MB/4.7 GB   17 MB/s   3m47s[K[?25h[?2026l[?2026h[?25l[A[1Gpulling manifest [K
pulling 2bada8a74506...  15% ▕██              ▏ 720 MB/4.7 GB   17 MB/s   3m47s[K[?25h[?2026l[?2026h[?25l[A[1Gpulling manifest [K
pulling 2bada8a74506...  15% ▕██              ▏ 720 MB/4.7 GB   17 MB/s   3m47s[K[?25h[?2026l[?2026h[?25l[A[1Gpulling manifest [K
pulling 2bada8a74506...  15% ▕██              ▏ 722 MB/4.7 GB   17 MB/s   3m46s[K[?25h[?2026l[?2026h[?25l[A[1Gpulling manifest [K
pulling 2bada8a74506...  15% ▕██              ▏ 725 MB/4.7 GB   17 MB/s   3m46s[K[?25h[?2026l[?2026h[?25l[A[1Gpulling manifest [K
pulling 2bada8a74506...  16% ▕██              ▏ 726 MB/4.7 GB   17 MB/s   3m46s[K[?25h[?2026l[?2026h[?25l[A[1Gpulling manifest [K
pulling 2bada8a74506...  16% ▕██              ▏ 728 MB/4.7 GB   17 MB/s   3m46s[K[?25h[?2026l[?2026h[?25l[A[1Gpulling manifest [K
pulling 2bada8a74506...  16% ▕██              ▏ 730 MB/4.7 GB   17 MB/s   3m46s[K[?25h[?2026l[?2026h[?25l[A[1Gpulling manifest [K
pulling 2bada8a74506...  16% ▕██              ▏ 731 MB/4.7 GB   17 MB/s   3m44s[K[?25h[?2026l[?2026h[?25l[A[1Gpulling manifest [K
pulling 2bada8a74506...  16% ▕██              ▏ 733 MB/4.7 GB   17 MB/s   3m43s[K[?25h[?2026l[?2026h[?25l[A[1Gpulling manifest [K
pulling 2bada8a74506...  16% ▕██              ▏ 736 MB/4.7 GB   17 MB/s   3m43s[K[?25h[?2026l[?2026h[?25l[A[1Gpulling manifest [K
pulling 2bada8a74506...  16% ▕██              ▏ 737 MB/4.7 GB   17 MB/s   3m43s[K[?25h[?2026l[?2026h[?25l[A[1Gpulling manifest [K
pulling 2bada8a74506...  16% ▕██              ▏ 738 MB/4.7 GB   17 MB/s   3m43s[K[?25h[?2026l[?2026h[?25l[A[1Gpulling manifest [K
pulling 2bada8a74506...  16% ▕██              ▏ 740 MB/4.7 GB   17 MB/s   3m43s[K[?25h[?2026l[?2026h[?25l[A[1Gpulling manifest [K
pulling 2bada8a74506...  16% ▕██              ▏ 741 MB/4.7 GB   17 MB/s   3m43s[K[?25h[?2026l[?2026h[?25l[A[1Gpulling manifest [K
pulling 2bada8a74506...  16% ▕██              ▏ 744 MB/4.7 GB   17 MB/s   3m43s[K[?25h[?2026l[?2026h[?25l[A[1Gpulling manifest [K
pulling 2bada8a74506...  16% ▕██              ▏ 746 MB/4.7 GB   17 MB/s   3m43s[K[?25h[?2026l[?2026h[?25l[A[1Gpulling manifest [K
pulling 2bada8a74506...  16% ▕██              ▏ 747 MB/4.7 GB   17 MB/s   3m43s[K[?25h[?2026l[?2026h[?25l[A[1Gpulling manifest [K
pulling 2bada8a74506...  16% ▕██              ▏ 749 MB/4.7 GB   17 MB/s   3m44s[K[?25h[?2026l[?2026h[?25l[A[1Gpulling manifest [K
pulling 2bada8a74506...  16% ▕██              ▏ 750 MB/4.7 GB   17 MB/s   3m44s[K[?25h[?2026l[?2026h[?25l[A[1Gpulling manifest [K
pulling 2bada8a74506...  16% ▕██              ▏ 751 MB/4.7 GB   17 MB/s   3m44s[K[?25h[?2026l[?2026h[?25l[A[1Gpulling manifest [K
pulling 2bada8a74506...  16% ▕██              ▏ 753 MB/4.7 GB   17 MB/s   3m44s[K[?25h[?2026l[?2026h[?25l[A[1Gpulling manifest [K
pulling 2bada8a74506...  16% ▕██              ▏ 755 MB/4.7 GB   17 MB/s   3m44s[K[?25h[?2026l[?2026h[?25l[A[1Gpulling manifest [K
pulling 2bada8a74506...  16% ▕██              ▏ 755 MB/4.7 GB   17 MB/s   3m44s[K[?25h[?2026l[?2026h[?25l[A[1Gpulling manifest [K
pulling 2bada8a74506...  16% ▕██              ▏ 757 MB/4.7 GB   17 MB/s   3m44s[K[?25h[?2026l[?2026h[?25l[A[1Gpulling manifest [K
pulling 2bada8a74506...  16% ▕██              ▏ 760 MB/4.7 GB   17 MB/s   3m44s[K[?25h[?2026l[?2026h[?25l[A[1Gpulling manifest [K
pulling 2bada8a74506...  16% ▕██              ▏ 761 MB/4.7 GB   17 MB/s   3m44s[K[?25h[?2026l[?2026h[?25l[A[1Gpulling manifest [K
pulling 2bada8a74506...  16% ▕██              ▏ 763 MB/4.7 GB   17 MB/s   3m44s[K[?25h[?2026l[?2026h[?25l[A[1Gpulling manifest [K
pulling 2bada8a74506...  16% ▕██              ▏ 765 MB/4.7 GB   17 MB/s   3m47s[K[?25h[?2026l[?2026h[?25l[A[1Gpulling manifest [K
pulling 2bada8a74506...  16% ▕██              ▏ 766 MB/4.7 GB   17 MB/s   3m47s[K[?25h[?2026l[?2026h[?25l[A[1Gpulling manifest [K
pulling 2bada8a74506...  16% ▕██              ▏ 768 MB/4.7 GB   17 MB/s   3m47s[K[?25h[?2026l[?2026h[?25l[A[1Gpulling manifest [K
pulling 2bada8a74506...  16% ▕██              ▏ 770 MB/4.7 GB   17 MB/s   3m47s[K[?25h[?2026l[?2026h[?25l[A[1Gpulling manifest [K
pulling 2bada8a74506...  16% ▕██              ▏ 771 MB/4.7 GB   17 MB/s   3m47s[K[?25h[?2026l[?2026h[?25l[A[1Gpulling manifest [K
pulling 2bada8a74506...  17% ▕██              ▏ 773 MB/4.7 GB   17 MB/s   3m47s[K[?25h[?2026l[?2026h[?25l[A[1Gpulling manifest [K
pulling 2bada8a74506...  17% ▕██              ▏ 773 MB/4.7 GB   17 MB/s   3m47s[K[?25h[?2026l[?2026h[?25l[A[1Gpulling manifest [K
pulling 2bada8a74506...  17% ▕██              ▏ 773 MB/4.7 GB   17 MB/s   3m47s[K[?25h[?2026l[?2026h[?25l[A[1Gpulling manifest [K
pulling 2bada8a74506...  17% ▕██              ▏ 778 MB/4.7 GB   17 MB/s   3m46s[K[?25h[?2026l[?2026h[?25l[A[1Gpulling manifest [K
pulling 2bada8a74506...  17% ▕██              ▏ 781 MB/4.7 GB   17 MB/s   3m46s[K[?25h[?2026l[?2026h[?25l[A[1Gpulling manifest [K
pulling 2bada8a74506...  17% ▕██              ▏ 782 MB/4.7 GB   17 MB/s   3m46s[K[?25h[?2026l[?2026h[?25l[A[1Gpulling manifest [K
pulling 2bada8a74506...  17% ▕██              ▏ 784 MB/4.7 GB   17 MB/s   3m47s[K[?25h[?2026l[?2026h[?25l[A[1Gpulling manifest [K
pulling 2bada8a74506...  17% ▕██              ▏ 786 MB/4.7 GB   17 MB/s   3m47s[K[?25h[?2026l[?2026h[?25l[A[1Gpulling manifest [K
pulling 2bada8a74506...  17% ▕██              ▏ 787 MB/4.7 GB   17 MB/s   3m47s[K[?25h[?2026l[?2026h[?25l[A[1Gpulling manifest [K
pulling 2bada8a74506...  17% ▕██              ▏ 790 MB/4.7 GB   17 MB/s   3m47s[K[?25h[?2026l[?2026h[?25l[A[1Gpulling manifest [K
pulling 2bada8a74506...  17% ▕██              ▏ 792 MB/4.7 GB   17 MB/s   3m47s[K[?25h[?2026l[?2026h[?25l[A[1Gpulling manifest [K
pulling 2bada8a74506...  17% ▕██              ▏ 793 MB/4.7 GB   17 MB/s   3m47s[K[?25h[?2026l[?2026h[?25l[A[1Gpulling manifest [K
pulling 2bada8a74506...  17% ▕██              ▏ 795 MB/4.7 GB   17 MB/s   3m47s[K[?25h[?2026l[?2026h[?25l[A[1Gpulling manifest [K
pulling 2bada8a74506...  17% ▕██              ▏ 797 MB/4.7 GB   17 MB/s   3m46s[K[?25h[?2026l[?2026h[?25l[A[1Gpulling manifest [K
pulling 2bada8a74506...  17% ▕██              ▏ 798 MB/4.7 GB   17 MB/s   3m46s[K[?25h[?2026l[?2026h[?25l[A[1Gpulling manifest [K
pulling 2bada8a74506...  17% ▕██              ▏ 801 MB/4.7 GB   17 MB/s   3m46s[K[?25h[?2026l[?2026h[?25l[A[1Gpulling manifest [K
pulling 2bada8a74506...  17% ▕██              ▏ 803 MB/4.7 GB   17 MB/s   3m44s[K[?25h[?2026l[?2026h[?25l[A[1Gpulling manifest [K
pulling 2bada8a74506...  17% ▕██              ▏ 804 MB/4.7 GB   17 MB/s   3m44s[K[?25h[?2026l[?2026h[?25l[A[1Gpulling manifest [K
pulling 2bada8a74506...  17% ▕██              ▏ 806 MB/4.7 GB   17 MB/s   3m43s[K[?25h[?2026l[?2026h[?25l[A[1Gpulling manifest [K
pulling 2bada8a74506...  17% ▕██              ▏ 808 MB/4.7 GB   17 MB/s   3m43s[K[?25h[?2026l[?2026h[?25l[A[1Gpulling manifest [K
pulling 2bada8a74506...  17% ▕██              ▏ 809 MB/4.7 GB   17 MB/s   3m43s[K[?25h[?2026l[?2026h[?25l[A[1Gpulling manifest [K
pulling 2bada8a74506...  17% ▕██              ▏ 811 MB/4.7 GB   17 MB/s   3m43s[K[?25h[?2026l[?2026h[?25l[A[1Gpulling manifest [K
pulling 2bada8a74506...  17% ▕██              ▏ 814 MB/4.7 GB   17 MB/s   3m43s[K[?25h[?2026l[?2026h[?25l[A[1Gpulling manifest [K
pulling 2bada8a74506...  17% ▕██              ▏ 815 MB/4.7 GB   17 MB/s   3m43s[K[?25h[?2026l[?2026h[?25l[A[1Gpulling manifest [K
pulling 2bada8a74506...  17% ▕██              ▏ 817 MB/4.7 GB   17 MB/s   3m43s[K[?25h[?2026l[?2026h[?25l[A[1Gpulling manifest [K
pulling 2bada8a74506...  18% ▕██              ▏ 819 MB/4.7 GB   17 MB/s   3m43s[K[?25h[?2026l[?2026h[?25l[A[1Gpulling manifest [K
pulling 2bada8a74506...  18% ▕██              ▏ 820 MB/4.7 GB   17 MB/s   3m40s[K[?25h[?2026l[?2026h[?25l[A[1Gpulling manifest [K
pulling 2bada8a74506...  18% ▕██              ▏ 823 MB/4.7 GB   17 MB/s   3m40s[K[?25h[?2026l[?2026h[?25l[A[1Gpulling manifest [K
pulling 2bada8a74506...  18% ▕██              ▏ 824 MB/4.7 GB   17 MB/s   3m40s[K[?25h[?2026l[?2026h[?25l[A[1Gpulling manifest [K
pulling 2bada8a74506...  18% ▕██              ▏ 826 MB/4.7 GB   17 MB/s   3m40s[K[?25h[?2026l[?2026h[?25l[A[1Gpulling manifest [K
pulling 2bada8a74506...  18% ▕██              ▏ 828 MB/4.7 GB   17 MB/s   3m39s[K[?25h[?2026l[?2026h[?25l[A[1Gpulling manifest [K
pulling 2bada8a74506...  18% ▕██              ▏ 830 MB/4.7 GB   17 MB/s   3m39s[K[?25h[?2026l[?2026h[?25l[A[1Gpulling manifest [K
pulling 2bada8a74506...  18% ▕██              ▏ 831 MB/4.7 GB   17 MB/s   3m39s[K[?25h[?2026l[?2026h[?25l[A[1Gpulling manifest [K
pulling 2bada8a74506...  18% ▕██              ▏ 833 MB/4.7 GB   17 MB/s   3m39s[K[?25h[?2026l[?2026h[?25l[A[1Gpulling manifest [K
pulling 2bada8a74506...  18% ▕██              ▏ 835 MB/4.7 GB   17 MB/s   3m39s[K[?25h[?2026l[?2026h[?25l[A[1Gpulling manifest [K
pulling 2bada8a74506...  18% ▕██              ▏ 836 MB/4.7 GB   17 MB/s   3m39s[K[?25h[?2026l[?2026h[?25l[A[1Gpulling manifest [K
pulling 2bada8a74506...  18% ▕██              ▏ 837 MB/4.7 GB   17 MB/s   3m37s[K[?25h[?2026l[?2026h[?25l[A[1Gpulling manifest [K
pulling 2bada8a74506...  18% ▕██              ▏ 839 MB/4.7 GB   17 MB/s   3m37s[K[?25h[?2026l[?2026h[?25l[A[1Gpulling manifest [K
pulling 2bada8a74506...  18% ▕██              ▏ 841 MB/4.7 GB   17 MB/s   3m37s[K[?25h[?2026l[?2026h[?25l[A[1Gpulling manifest [K
pulling 2bada8a74506...  18% ▕██              ▏ 843 MB/4.7 GB   17 MB/s   3m37s[K[?25h[?2026l[?2026h[?25l[A[1Gpulling manifest [K
pulling 2bada8a74506...  18% ▕██              ▏ 845 MB/4.7 GB   17 MB/s   3m37s[K[?25h[?2026l[?2026h[?25l[A[1Gpulling manifest [K
pulling 2bada8a74506...  18% ▕██              ▏ 846 MB/4.7 GB   17 MB/s   3m37s[K[?25h[?2026l[?2026h[?25l[A[1Gpulling manifest [K
pulling 2bada8a74506...  18% ▕██              ▏ 848 MB/4.7 GB   17 MB/s   3m37s[K[?25h[?2026l[?2026h[?25l[A[1Gpulling manifest [K
pulling 2bada8a74506...  18% ▕██              ▏ 850 MB/4.7 GB   17 MB/s   3m37s[K[?25h[?2026l[?2026h[?25l[A[1Gpulling manifest [K
pulling 2bada8a74506...  18% ▕██              ▏ 851 MB/4.7 GB   17 MB/s   3m37s[K[?25h[?2026l[?2026h[?25l[A[1Gpulling manifest [K
pulling 2bada8a74506...  18% ▕██              ▏ 853 MB/4.7 GB   17 MB/s   3m36s[K[?25h[?2026l[?2026h[?25l[A[1Gpulling manifest [K
pulling 2bada8a74506...  18% ▕██              ▏ 855 MB/4.7 GB   17 MB/s   3m38s[K[?25h[?2026l[?2026h[?25l[A[1Gpulling manifest [K
pulling 2bada8a74506...  18% ▕██              ▏ 856 MB/4.7 GB   17 MB/s   3m38s[K[?25h[?2026l[?2026h[?25l[A[1Gpulling manifest [K
pulling 2bada8a74506...  18% ▕██              ▏ 858 MB/4.7 GB   17 MB/s   3m38s[K[?25h[?2026l[?2026h[?25l[A[1Gpulling manifest [K
pulling 2bada8a74506...  18% ▕██              ▏ 861 MB/4.7 GB   17 MB/s   3m38s[K[?25h[?2026l[?2026h[?25l[A[1Gpulling manifest [K
pulling 2bada8a74506...  18% ▕██              ▏ 862 MB/4.7 GB   17 MB/s   3m38s[K[?25h[?2026l[?2026h[?25l[A[1Gpulling manifest [K
pulling 2bada8a74506...  18% ▕██              ▏ 864 MB/4.7 GB   17 MB/s   3m37s[K[?25h[?2026l[?2026h[?25l[A[1Gpulling manifest [K
pulling 2bada8a74506...  19% ▕██              ▏ 866 MB/4.7 GB   17 MB/s   3m37s[K[?25h[?2026l[?2026h[?25l[A[1Gpulling manifest [K
pulling 2bada8a74506...  19% ▕██              ▏ 867 MB/4.7 GB   17 MB/s   3m37s[K[?25h[?2026l[?2026h[?25l[A[1Gpulling manifest [K
pulling 2bada8a74506...  19% ▕██              ▏ 869 MB/4.7 GB   17 MB/s   3m37s[K[?25h[?2026l[?2026h[?25l[A[1Gpulling manifest [K
pulling 2bada8a74506...  19% ▕██              ▏ 871 MB/4.7 GB   17 MB/s   3m37s[K[?25h[?2026l[?2026h[?25l[A[1Gpulling manifest [K
pulling 2bada8a74506...  19% ▕██              ▏ 873 MB/4.7 GB   17 MB/s   3m37s[K[?25h[?2026l[?2026h[?25l[A[1Gpulling manifest [K
pulling 2bada8a74506...  19% ▕██              ▏ 875 MB/4.7 GB   17 MB/s   3m32s[K[?25h[?2026l[?2026h[?25l[A[1Gpulling manifest [K
pulling 2bada8a74506...  19% ▕██              ▏ 876 MB/4.7 GB   17 MB/s   3m32s[K[?25h[?2026l[?2026h[?25l[A[1Gpulling manifest [K
pulling 2bada8a74506...  19% ▕██              ▏ 877 MB/4.7 GB   17 MB/s   3m32s[K[?25h[?2026l[?2026h[?25l[A[1Gpulling manifest [K
pulling 2bada8a74506...  19% ▕███             ▏ 879 MB/4.7 GB   17 MB/s   3m32s[K[?25h[?2026l[?2026h[?25l[A[1Gpulling manifest [K
pulling 2bada8a74506...  19% ▕███             ▏ 881 MB/4.7 GB   17 MB/s   3m32s[K[?25h[?2026l[?2026h[?25l[A[1Gpulling manifest [K
pulling 2bada8a74506...  19% ▕███             ▏ 882 MB/4.7 GB   17 MB/s   3m32s[K[?25h[?2026l[?2026h[?25l[A[1Gpulling manifest [K
pulling 2bada8a74506...  19% ▕███             ▏ 884 MB/4.7 GB   17 MB/s   3m32s[K[?25h[?2026l[?2026h[?25l[A[1Gpulling manifest [K
pulling 2bada8a74506...  19% ▕███             ▏ 887 MB/4.7 GB   17 MB/s   3m32s[K[?25h[?2026l[?2026h[?25l[A[1Gpulling manifest [K
pulling 2bada8a74506...  19% ▕███             ▏ 888 MB/4.7 GB   17 MB/s   3m32s[K[?25h[?2026l[?2026h[?25l[A[1Gpulling manifest [K
pulling 2bada8a74506...  19% ▕███             ▏ 890 MB/4.7 GB   17 MB/s   3m32s[K[?25h[?2026l[?2026h[?25l[A[1Gpulling manifest [K
pulling 2bada8a74506...  19% ▕███             ▏ 892 MB/4.7 GB   17 MB/s   3m33s[K[?25h[?2026l[?2026h[?25l[A[1Gpulling manifest [K
pulling 2bada8a74506...  19% ▕███             ▏ 893 MB/4.7 GB   17 MB/s   3m33s[K[?25h[?2026l[?2026h[?25l[A[1Gpulling manifest [K
pulling 2bada8a74506...  19% ▕███             ▏ 896 MB/4.7 GB   17 MB/s   3m33s[K[?25h[?2026l[?2026h[?25l[A[1Gpulling manifest [K
pulling 2bada8a74506...  19% ▕███             ▏ 898 MB/4.7 GB   17 MB/s   3m33s[K[?25h[?2026l[?2026h[?25l[A[1Gpulling manifest [K
pulling 2bada8a74506...  19% ▕███             ▏ 899 MB/4.7 GB   17 MB/s   3m33s[K[?25h[?2026l[?2026h[?25l[A[1Gpulling manifest [K
pulling 2bada8a74506...  19% ▕███             ▏ 901 MB/4.7 GB   17 MB/s   3m33s[K[?25h[?2026l[?2026h[?25l[A[1Gpulling manifest [K
pulling 2bada8a74506...  19% ▕███             ▏ 904 MB/4.7 GB   17 MB/s   3m32s[K[?25h[?2026l[?2026h[?25l[A[1Gpulling manifest [K
pulling 2bada8a74506...  19% ▕███             ▏ 905 MB/4.7 GB   17 MB/s   3m32s[K[?25h[?2026l[?2026h[?25l[A[1Gpulling manifest [K
pulling 2bada8a74506...  19% ▕███             ▏ 907 MB/4.7 GB   17 MB/s   3m32s[K[?25h[?2026l[?2026h[?25l[A[1Gpulling manifest [K
pulling 2bada8a74506...  19% ▕███             ▏ 909 MB/4.7 GB   17 MB/s   3m32s[K[?25h[?2026l[?2026h[?25l[A[1Gpulling manifest [K
pulling 2bada8a74506...  19% ▕███             ▏ 910 MB/4.7 GB   17 MB/s   3m29s[K[?25h[?2026l[?2026h[?25l[A[1Gpulling manifest [K
pulling 2bada8a74506...  20% ▕███             ▏ 913 MB/4.7 GB   17 MB/s   3m29s[K[?25h[?2026l[?2026h[?25l[A[1Gpulling manifest [K
pulling 2bada8a74506...  20% ▕███             ▏ 915 MB/4.7 GB   17 MB/s   3m29s[K[?25h[?2026l[?2026h[?25l[A[1Gpulling manifest [K
pulling 2bada8a74506...  20% ▕███             ▏ 916 MB/4.7 GB   17 MB/s   3m29s[K[?25h[?2026l[?2026h[?25l[A[1Gpulling manifest [K
pulling 2bada8a74506...  20% ▕███             ▏ 918 MB/4.7 GB   17 MB/s   3m29s[K[?25h[?2026l[?2026h[?25l[A[1Gpulling manifest [K
pulling 2bada8a74506...  20% ▕███             ▏ 920 MB/4.7 GB   17 MB/s   3m29s[K[?25h[?2026l[?2026h[?25l[A[1Gpulling manifest [K
pulling 2bada8a74506...  20% ▕███             ▏ 921 MB/4.7 GB   17 MB/s   3m29s[K[?25h[?2026l[?2026h[?25l[A[1Gpulling manifest [K
pulling 2bada8a74506...  20% ▕███             ▏ 923 MB/4.7 GB   17 MB/s   3m29s[K[?25h[?2026l[?2026h[?25l[A[1Gpulling manifest [K
pulling 2bada8a74506...  20% ▕███             ▏ 925 MB/4.7 GB   17 MB/s   3m29s[K[?25h[?2026l[?2026h[?25l[A[1Gpulling manifest [K
pulling 2bada8a74506...  20% ▕███             ▏ 926 MB/4.7 GB   17 MB/s   3m28s[K[?25h[?2026l[?2026h[?25l[A[1Gpulling manifest [K
pulling 2bada8a74506...  20% ▕███             ▏ 929 MB/4.7 GB   18 MB/s   3m26s[K[?25h[?2026l[?2026h[?25l[A[1Gpulling manifest [K
pulling 2bada8a74506...  20% ▕███             ▏ 931 MB/4.7 GB   18 MB/s   3m26s[K[?25h[?2026l[?2026h[?25l[A[1Gpulling manifest [K
pulling 2bada8a74506...  20% ▕███             ▏ 932 MB/4.7 GB   18 MB/s   3m25s[K[?25h[?2026l[?2026h[?25l[A[1Gpulling manifest [K
pulling 2bada8a74506...  20% ▕███             ▏ 935 MB/4.7 GB   18 MB/s   3m25s[K[?25h[?2026l[?2026h[?25l[A[1Gpulling manifest [K
pulling 2bada8a74506...  20% ▕███             ▏ 937 MB/4.7 GB   18 MB/s   3m25s[K[?25h[?2026l[?2026h[?25l[A[1Gpulling manifest [K
pulling 2bada8a74506...  20% ▕███             ▏ 938 MB/4.7 GB   18 MB/s   3m25s[K[?25h[?2026l[?2026h[?25l[A[1Gpulling manifest [K
pulling 2bada8a74506...  20% ▕███             ▏ 940 MB/4.7 GB   18 MB/s   3m25s[K[?25h[?2026l[?2026h[?25l[A[1Gpulling manifest [K
pulling 2bada8a74506...  20% ▕███             ▏ 943 MB/4.7 GB   18 MB/s   3m25s[K[?25h[?2026l[?2026h[?25l[A[1Gpulling manifest [K
pulling 2bada8a74506...  20% ▕███             ▏ 944 MB/4.7 GB   18 MB/s   3m25s[K[?25h[?2026l[?2026h[?25l[A[1Gpulling manifest [K
pulling 2bada8a74506...  20% ▕███             ▏ 946 MB/4.7 GB   18 MB/s   3m25s[K[?25h[?2026l[?2026h[?25l[A[1Gpulling manifest [K
pulling 2bada8a74506...  20% ▕███             ▏ 948 MB/4.7 GB   18 MB/s   3m23s[K[?25h[?2026l[?2026h[?25l[A[1Gpulling manifest [K
pulling 2bada8a74506...  20% ▕███             ▏ 949 MB/4.7 GB   18 MB/s   3m23s[K[?25h[?2026l[?2026h[?25l[A[1Gpulling manifest [K
pulling 2bada8a74506...  20% ▕███             ▏ 952 MB/4.7 GB   18 MB/s   3m23s[K[?25h[?2026l[?2026h[?25l[A[1Gpulling manifest [K
pulling 2bada8a74506...  20% ▕███             ▏ 954 MB/4.7 GB   18 MB/s   3m23s[K[?25h[?2026l[?2026h[?25l[A[1Gpulling manifest [K
pulling 2bada8a74506...  20% ▕███             ▏ 955 MB/4.7 GB   18 MB/s   3m22s[K[?25h[?2026l[?2026h[?25l[A[1Gpulling manifest [K
pulling 2bada8a74506...  20% ▕███             ▏ 957 MB/4.7 GB   18 MB/s   3m22s[K[?25h[?2026l[?2026h[?25l[A[1Gpulling manifest [K
pulling 2bada8a74506...  20% ▕███             ▏ 959 MB/4.7 GB   18 MB/s   3m22s[K[?25h[?2026l[?2026h[?25l[A[1Gpulling manifest [K
pulling 2bada8a74506...  21% ▕███             ▏ 961 MB/4.7 GB   18 MB/s   3m22s[K[?25h[?2026l[?2026h[?25l[A[1Gpulling manifest [K
pulling 2bada8a74506...  21% ▕███             ▏ 963 MB/4.7 GB   18 MB/s   3m22s[K[?25h[?2026l[?2026h[?25l[A[1Gpulling manifest [K
pulling 2bada8a74506...  21% ▕███             ▏ 965 MB/4.7 GB   18 MB/s   3m22s[K[?25h[?2026l[?2026h[?25l[A[1Gpulling manifest [K
pulling 2bada8a74506...  21% ▕███             ▏ 966 MB/4.7 GB   18 MB/s   3m22s[K[?25h[?2026l[?2026h[?25l[A[1Gpulling manifest [K
pulling 2bada8a74506...  21% ▕███             ▏ 968 MB/4.7 GB   18 MB/s   3m21s[K[?25h[?2026l[?2026h[?25l[A[1Gpulling manifest [K
pulling 2bada8a74506...  21% ▕███             ▏ 970 MB/4.7 GB   18 MB/s   3m21s[K[?25h[?2026l[?2026h[?25l[A[1Gpulling manifest [K
pulling 2bada8a74506...  21% ▕███             ▏ 971 MB/4.7 GB   18 MB/s   3m21s[K[?25h[?2026l[?2026h[?25l[A[1Gpulling manifest [K
pulling 2bada8a74506...  21% ▕███             ▏ 974 MB/4.7 GB   18 MB/s   3m21s[K[?25h[?2026l[?2026h[?25l[A[1Gpulling manifest [K
pulling 2bada8a74506...  21% ▕███             ▏ 976 MB/4.7 GB   18 MB/s   3m21s[K[?25h[?2026l[?2026h[?25l[A[1Gpulling manifest [K
pulling 2bada8a74506...  21% ▕███             ▏ 977 MB/4.7 GB   18 MB/s   3m21s[K[?25h[?2026l[?2026h[?25l[A[1Gpulling manifest [K
pulling 2bada8a74506...  21% ▕███             ▏ 979 MB/4.7 GB   18 MB/s   3m21s[K[?25h[?2026l[?2026h[?25l[A[1Gpulling manifest [K
pulling 2bada8a74506...  21% ▕███             ▏ 982 MB/4.7 GB   18 MB/s   3m21s[K[?25h[?2026l[?2026h[?25l[A[1Gpulling manifest [K
pulling 2bada8a74506...  21% ▕███             ▏ 983 MB/4.7 GB   18 MB/s   3m21s[K[?25h[?2026l[?2026h[?25l[A[1Gpulling manifest [K
pulling 2bada8a74506...  21% ▕███             ▏ 985 MB/4.7 GB   18 MB/s   3m20s[K[?25h[?2026l[?2026h[?25l[A[1Gpulling manifest [K
pulling 2bada8a74506...  21% ▕███             ▏ 987 MB/4.7 GB   18 MB/s   3m20s[K[?25h[?2026l[?2026h[?25l[A[1Gpulling manifest [K
pulling 2bada8a74506...  21% ▕███             ▏ 988 MB/4.7 GB   18 MB/s   3m20s[K[?25h[?2026l[?2026h[?25l[A[1Gpulling manifest [K
pulling 2bada8a74506...  21% ▕███             ▏ 990 MB/4.7 GB   18 MB/s   3m20s[K[?25h[?2026l[?2026h[?25l[A[1Gpulling manifest [K
pulling 2bada8a74506...  21% ▕███             ▏ 992 MB/4.7 GB   18 MB/s   3m20s[K[?25h[?2026l[?2026h[?25l[A[1Gpulling manifest [K
pulling 2bada8a74506...  21% ▕███             ▏ 993 MB/4.7 GB   18 MB/s   3m20s[K[?25h[?2026l[?2026h[?25l[A[1Gpulling manifest [K
pulling 2bada8a74506...  21% ▕███             ▏ 995 MB/4.7 GB   18 MB/s   3m19s[K[?25h[?2026l[?2026h[?25l[A[1Gpulling manifest [K
pulling 2bada8a74506...  21% ▕███             ▏ 998 MB/4.7 GB   18 MB/s   3m19s[K[?25h[?2026l[?2026h[?25l[A[1Gpulling manifest [K
pulling 2bada8a74506...  21% ▕███             ▏ 999 MB/4.7 GB   18 MB/s   3m19s[K[?25h[?2026l[?2026h[?25l[A[1Gpulling manifest [K
pulling 2bada8a74506...  21% ▕███             ▏ 1.0 GB/4.7 GB   18 MB/s   3m19s[K[?25h[?2026l[?2026h[?25l[A[1Gpulling manifest [K
pulling 2bada8a74506...  21% ▕███             ▏ 1.0 GB/4.7 GB   18 MB/s   3m19s[K[?25h[?2026l[?2026h[?25l[A[1Gpulling manifest [K
pulling 2bada8a74506...  21% ▕███             ▏ 1.0 GB/4.7 GB   18 MB/s   3m17s[K[?25h[?2026l[?2026h[?25l[A[1Gpulling manifest [K
pulling 2bada8a74506...  22% ▕███             ▏ 1.0 GB/4.7 GB   18 MB/s   3m17s[K[?25h[?2026l[?2026h[?25l[A[1Gpulling manifest [K
pulling 2bada8a74506...  22% ▕███             ▏ 1.0 GB/4.7 GB   18 MB/s   3m17s[K[?25h[?2026l[?2026h[?25l[A[1Gpulling manifest [K
pulling 2bada8a74506...  22% ▕███             ▏ 1.0 GB/4.7 GB   18 MB/s   3m17s[K[?25h[?2026l[?2026h[?25l[A[1Gpulling manifest [K
pulling 2bada8a74506...  22% ▕███             ▏ 1.0 GB/4.7 GB   18 MB/s   3m17s[K[?25h[?2026l[?2026h[?25l[A[1Gpulling manifest [K
pulling 2bada8a74506...  22% ▕███             ▏ 1.0 GB/4.7 GB   18 MB/s   3m17s[K[?25h[?2026l[?2026h[?25l[A[1Gpulling manifest [K
pulling 2bada8a74506...  22% ▕███             ▏ 1.0 GB/4.7 GB   18 MB/s   3m17s[K[?25h[?2026l[?2026h[?25l[A[1Gpulling manifest [K
pulling 2bada8a74506...  22% ▕███             ▏ 1.0 GB/4.7 GB   18 MB/s   3m17s[K[?25h[?2026l[?2026h[?25l[A[1Gpulling manifest [K
pulling 2bada8a74506...  22% ▕███             ▏ 1.0 GB/4.7 GB   18 MB/s   3m17s[K[?25h[?2026l[?2026h[?25l[A[1Gpulling manifest [K
pulling 2bada8a74506...  22% ▕███             ▏ 1.0 GB/4.7 GB   18 MB/s   3m17s[K[?25h[?2026l[?2026h[?25l[A[1Gpulling manifest [K
pulling 2bada8a74506...  22% ▕███             ▏ 1.0 GB/4.7 GB   18 MB/s   3m15s[K[?25h[?2026l[?2026h[?25l[A[1Gpulling manifest [K
pulling 2bada8a74506...  22% ▕███             ▏ 1.0 GB/4.7 GB   18 MB/s   3m15s[K[?25h[?2026l[?2026h[?25l[A[1Gpulling manifest [K
pulling 2bada8a74506...  22% ▕███             ▏ 1.0 GB/4.7 GB   18 MB/s   3m15s[K[?25h[?2026l[?2026h[?25l[A[1Gpulling manifest [K
pulling 2bada8a74506...  22% ▕███             ▏ 1.0 GB/4.7 GB   18 MB/s   3m15s[K[?25h[?2026l[?2026h[?25l[A[1Gpulling manifest [K
pulling 2bada8a74506...  22% ▕███             ▏ 1.0 GB/4.7 GB   18 MB/s   3m15s[K[?25h[?2026l[?2026h[?25l[A[1Gpulling manifest [K
pulling 2bada8a74506...  22% ▕███             ▏ 1.0 GB/4.7 GB   18 MB/s   3m15s[K[?25h[?2026l[?2026h[?25l[A[1Gpulling manifest [K
pulling 2bada8a74506...  22% ▕███             ▏ 1.0 GB/4.7 GB   18 MB/s   3m15s[K[?25h[?2026l[?2026h[?25l[A[1Gpulling manifest [K
pulling 2bada8a74506...  22% ▕███             ▏ 1.0 GB/4.7 GB   18 MB/s   3m15s[K[?25h[?2026l[?2026h[?25l[A[1Gpulling manifest [K
pulling 2bada8a74506...  22% ▕███             ▏ 1.0 GB/4.7 GB   18 MB/s   3m15s[K[?25h[?2026l[?2026h[?25l[A[1Gpulling manifest [K
pulling 2bada8a74506...  22% ▕███             ▏ 1.0 GB/4.7 GB   18 MB/s   3m15s[K[?25h[?2026l[?2026h[?25l[A[1Gpulling manifest [K
pulling 2bada8a74506...  22% ▕███             ▏ 1.0 GB/4.7 GB   18 MB/s   3m17s[K[?25h[?2026l[?2026h[?25l[A[1Gpulling manifest [K
pulling 2bada8a74506...  22% ▕███             ▏ 1.0 GB/4.7 GB   18 MB/s   3m17s[K[?25h[?2026l[?2026h[?25l[A[1Gpulling manifest [K
pulling 2bada8a74506...  22% ▕███             ▏ 1.0 GB/4.7 GB   18 MB/s   3m17s[K[?25h[?2026l[?2026h[?25l[A[1Gpulling manifest [K
pulling 2bada8a74506...  22% ▕███             ▏ 1.0 GB/4.7 GB   18 MB/s   3m17s[K[?25h[?2026l[?2026h[?25l[A[1Gpulling manifest [K
pulling 2bada8a74506...  22% ▕███             ▏ 1.0 GB/4.7 GB   18 MB/s   3m17s[K[?25h[?2026l[?2026h[?25l[A[1Gpulling manifest [K
pulling 2bada8a74506...  22% ▕███             ▏ 1.0 GB/4.7 GB   18 MB/s   3m17s[K[?25h[?2026l[?2026h[?25l[A[1Gpulling manifest [K
pulling 2bada8a74506...  22% ▕███             ▏ 1.1 GB/4.7 GB   18 MB/s   3m16s[K[?25h[?2026l[?2026h[?25l[A[1Gpulling manifest [K
pulling 2bada8a74506...  22% ▕███             ▏ 1.1 GB/4.7 GB   18 MB/s   3m16s[K[?25h[?2026l[?2026h[?25l[A[1Gpulling manifest [K
pulling 2bada8a74506...  23% ▕███             ▏ 1.1 GB/4.7 GB   18 MB/s   3m16s[K[?25h[?2026l[?2026h[?25l[A[1Gpulling manifest [K
pulling 2bada8a74506...  23% ▕███             ▏ 1.1 GB/4.7 GB   18 MB/s   3m16s[K[?25h[?2026l[?2026h[?25l[A[1Gpulling manifest [K
pulling 2bada8a74506...  23% ▕███             ▏ 1.1 GB/4.7 GB   18 MB/s   3m16s[K[?25h[?2026l[?2026h[?25l[A[1Gpulling manifest [K
pulling 2bada8a74506...  23% ▕███             ▏ 1.1 GB/4.7 GB   18 MB/s   3m14s[K[?25h[?2026l[?2026h[?25l[A[1Gpulling manifest [K
pulling 2bada8a74506...  23% ▕███             ▏ 1.1 GB/4.7 GB   18 MB/s   3m14s[K[?25h[?2026l[?2026h[?25l[A[1Gpulling manifest [K
pulling 2bada8a74506...  23% ▕███             ▏ 1.1 GB/4.7 GB   18 MB/s   3m14s[K[?25h[?2026l[?2026h[?25l[A[1Gpulling manifest [K
pulling 2bada8a74506...  23% ▕███             ▏ 1.1 GB/4.7 GB   18 MB/s   3m14s[K[?25h[?2026l[?2026h[?25l[A[1Gpulling manifest [K
pulling 2bada8a74506...  23% ▕███             ▏ 1.1 GB/4.7 GB   18 MB/s   3m14s[K[?25h[?2026l[?2026h[?25l[A[1Gpulling manifest [K
pulling 2bada8a74506...  23% ▕███             ▏ 1.1 GB/4.7 GB   18 MB/s   3m14s[K[?25h[?2026l[?2026h[?25l[A[1Gpulling manifest [K
pulling 2bada8a74506...  23% ▕███             ▏ 1.1 GB/4.7 GB   18 MB/s   3m14s[K[?25h[?2026l[?2026h[?25l[A[1Gpulling manifest [K
pulling 2bada8a74506...  23% ▕███             ▏ 1.1 GB/4.7 GB   18 MB/s   3m14s[K[?25h[?2026l[?2026h[?25l[A[1Gpulling manifest [K
pulling 2bada8a74506...  23% ▕███             ▏ 1.1 GB/4.7 GB   18 MB/s   3m14s[K[?25h[?2026l[?2026h[?25l[A[1Gpulling manifest [K
pulling 2bada8a74506...  23% ▕███             ▏ 1.1 GB/4.7 GB   18 MB/s   3m14s[K[?25h[?2026l[?2026h[?25l[A[1Gpulling manifest [K
pulling 2bada8a74506...  23% ▕███             ▏ 1.1 GB/4.7 GB   18 MB/s   3m17s[K[?25h[?2026l[?2026h[?25l[A[1Gpulling manifest [K
pulling 2bada8a74506...  23% ▕███             ▏ 1.1 GB/4.7 GB   18 MB/s   3m17s[K[?25h[?2026l[?2026h[?25l[A[1Gpulling manifest [K
pulling 2bada8a74506...  23% ▕███             ▏ 1.1 GB/4.7 GB   18 MB/s   3m17s[K[?25h[?2026l[?2026h[?25l[A[1Gpulling manifest [K
pulling 2bada8a74506...  23% ▕███             ▏ 1.1 GB/4.7 GB   18 MB/s   3m17s[K[?25h[?2026l[?2026h[?25l[A[1Gpulling manifest [K
pulling 2bada8a74506...  23% ▕███             ▏ 1.1 GB/4.7 GB   18 MB/s   3m17s[K[?25h[?2026l[?2026h[?25l[A[1Gpulling manifest [K
pulling 2bada8a74506...  23% ▕███             ▏ 1.1 GB/4.7 GB   18 MB/s   3m16s[K[?25h[?2026l[?2026h[?25l[A[1Gpulling manifest [K
pulling 2bada8a74506...  23% ▕███             ▏ 1.1 GB/4.7 GB   18 MB/s   3m16s[K[?25h[?2026l[?2026h[?25l[A[1Gpulling manifest [K
pulling 2bada8a74506...  23% ▕███             ▏ 1.1 GB/4.7 GB   18 MB/s   3m16s[K[?25h[?2026l[?2026h[?25l[A[1Gpulling manifest [K
pulling 2bada8a74506...  23% ▕███             ▏ 1.1 GB/4.7 GB   18 MB/s   3m16s[K[?25h[?2026l[?2026h[?25l[A[1Gpulling manifest [K
pulling 2bada8a74506...  23% ▕███             ▏ 1.1 GB/4.7 GB   18 MB/s   3m16s[K[?25h[?2026l[?2026h[?25l[A[1Gpulling manifest [K
pulling 2bada8a74506...  23% ▕███             ▏ 1.1 GB/4.7 GB   18 MB/s   3m16s[K[?25h[?2026l[?2026h[?25l[A[1Gpulling manifest [K
pulling 2bada8a74506...  23% ▕███             ▏ 1.1 GB/4.7 GB   18 MB/s   3m16s[K[?25h[?2026l[?2026h[?25l[A[1Gpulling manifest [K
pulling 2bada8a74506...  23% ▕███             ▏ 1.1 GB/4.7 GB   18 MB/s   3m16s[K[?25h[?2026l[?2026h[?25l[A[1Gpulling manifest [K
pulling 2bada8a74506...  23% ▕███             ▏ 1.1 GB/4.7 GB   18 MB/s   3m16s[K[?25h[?2026l[?2026h[?25l[A[1Gpulling manifest [K
pulling 2bada8a74506...  24% ▕███             ▏ 1.1 GB/4.7 GB   18 MB/s   3m16s[K[?25h[?2026l[?2026h[?25l[A[1Gpulling manifest [K
pulling 2bada8a74506...  24% ▕███             ▏ 1.1 GB/4.7 GB   18 MB/s   3m15s[K[?25h[?2026l[?2026h[?25l[A[1Gpulling manifest [K
pulling 2bada8a74506...  24% ▕███             ▏ 1.1 GB/4.7 GB   18 MB/s   3m15s[K[?25h[?2026l[?2026h[?25l[A[1Gpulling manifest [K
pulling 2bada8a74506...  24% ▕███             ▏ 1.1 GB/4.7 GB   18 MB/s   3m15s[K[?25h[?2026l[?2026h[?25l[A[1Gpulling manifest [K
pulling 2bada8a74506...  24% ▕███             ▏ 1.1 GB/4.7 GB   18 MB/s   3m15s[K[?25h[?2026l[?2026h[?25l[A[1Gpulling manifest [K
pulling 2bada8a74506...  24% ▕███             ▏ 1.1 GB/4.7 GB   18 MB/s   3m15s[K[?25h[?2026l[?2026h[?25l[A[1Gpulling manifest [K
pulling 2bada8a74506...  24% ▕███             ▏ 1.1 GB/4.7 GB   18 MB/s   3m17s[K[?25h[?2026l[?2026h[?25l[A[1Gpulling manifest [K
pulling 2bada8a74506...  24% ▕███             ▏ 1.1 GB/4.7 GB   18 MB/s   3m17s[K[?25h[?2026l[?2026h[?25l[A[1Gpulling manifest [K
pulling 2bada8a74506...  24% ▕███             ▏ 1.1 GB/4.7 GB   18 MB/s   3m17s[K[?25h[?2026l[?2026h[?25l[A[1Gpulling manifest [K
pulling 2bada8a74506...  24% ▕███             ▏ 1.1 GB/4.7 GB   18 MB/s   3m16s[K[?25h[?2026l[?2026h[?25l[A[1Gpulling manifest [K
pulling 2bada8a74506...  24% ▕███             ▏ 1.1 GB/4.7 GB   18 MB/s   3m16s[K[?25h[?2026l[?2026h[?25l[A[1Gpulling manifest [K
pulling 2bada8a74506...  24% ▕███             ▏ 1.1 GB/4.7 GB   18 MB/s   3m16s[K[?25h[?2026l[?2026h[?25l[A[1Gpulling manifest [K
pulling 2bada8a74506...  24% ▕███             ▏ 1.1 GB/4.7 GB   18 MB/s   3m16s[K[?25h[?2026l[?2026h[?25l[A[1Gpulling manifest [K
pulling 2bada8a74506...  24% ▕███             ▏ 1.1 GB/4.7 GB   18 MB/s   3m16s[K[?25h[?2026l[?2026h[?25l[A[1Gpulling manifest [K
pulling 2bada8a74506...  24% ▕███             ▏ 1.1 GB/4.7 GB   18 MB/s   3m16s[K[?25h[?2026l[?2026h[?25l[A[1Gpulling manifest [K
pulling 2bada8a74506...  24% ▕███             ▏ 1.1 GB/4.7 GB   18 MB/s   3m16s[K[?25h[?2026l[?2026h[?25l[A[1Gpulling manifest [K
pulling 2bada8a74506...  24% ▕███             ▏ 1.1 GB/4.7 GB   17 MB/s   3m17s[K[?25h[?2026l[?2026h[?25l[A[1Gpulling manifest [K
pulling 2bada8a74506...  24% ▕███             ▏ 1.1 GB/4.7 GB   17 MB/s   3m17s[K[?25h[?2026l[?2026h[?25l[A[1Gpulling manifest [K
pulling 2bada8a74506...  24% ▕███             ▏ 1.1 GB/4.7 GB   17 MB/s   3m17s[K[?25h[?2026l[?2026h[?25l[A[1Gpulling manifest [K
pulling 2bada8a74506...  24% ▕███             ▏ 1.1 GB/4.7 GB   17 MB/s   3m17s[K[?25h[?2026l[?2026h[?25l[A[1Gpulling manifest [K
pulling 2bada8a74506...  24% ▕███             ▏ 1.1 GB/4.7 GB   17 MB/s   3m17s[K[?25h[?2026l[?2026h[?25l[A[1Gpulling manifest [K
pulling 2bada8a74506...  24% ▕███             ▏ 1.1 GB/4.7 GB   17 MB/s   3m17s[K[?25h[?2026l[?2026h[?25l[A[1Gpulling manifest [K
pulling 2bada8a74506...  24% ▕███             ▏ 1.1 GB/4.7 GB   17 MB/s   3m17s[K[?25h[?2026l[?2026h[?25l[A[1Gpulling manifest [K
pulling 2bada8a74506...  24% ▕███             ▏ 1.1 GB/4.7 GB   17 MB/s   3m17s[K[?25h[?2026l[?2026h[?25l[A[1Gpulling manifest [K
pulling 2bada8a74506...  24% ▕███             ▏ 1.1 GB/4.7 GB   17 MB/s   3m17s[K[?25h[?2026l[?2026h[?25l[A[1Gpulling manifest [K
pulling 2bada8a74506...  24% ▕███             ▏ 1.1 GB/4.7 GB   17 MB/s   3m17s[K[?25h[?2026l[?2026h[?25l[A[1Gpulling manifest [K
pulling 2bada8a74506...  24% ▕███             ▏ 1.1 GB/4.7 GB   17 MB/s   3m17s[K[?25h[?2026l[?2026h[?25l[A[1Gpulling manifest [K
pulling 2bada8a74506...  25% ▕███             ▏ 1.1 GB/4.7 GB   17 MB/s   3m18s[K[?25h[?2026l[?2026h[?25l[A[1Gpulling manifest [K
pulling 2bada8a74506...  25% ▕███             ▏ 1.2 GB/4.7 GB   17 MB/s   3m18s[K[?25h[?2026l[?2026h[?25l[A[1Gpulling manifest [K
pulling 2bada8a74506...  25% ▕███             ▏ 1.2 GB/4.7 GB   17 MB/s   3m18s[K[?25h[?2026l[?2026h[?25l[A[1Gpulling manifest [K
pulling 2bada8a74506...  25% ▕███             ▏ 1.2 GB/4.7 GB   17 MB/s   3m18s[K[?25h[?2026l[?2026h[?25l[A[1Gpulling manifest [K
pulling 2bada8a74506...  25% ▕███             ▏ 1.2 GB/4.7 GB   17 MB/s   3m18s[K[?25h[?2026l[?2026h[?25l[A[1Gpulling manifest [K
pulling 2bada8a74506...  25% ▕███             ▏ 1.2 GB/4.7 GB   17 MB/s   3m18s[K[?25h[?2026l[?2026h[?25l[A[1Gpulling manifest [K
pulling 2bada8a74506...  25% ▕███             ▏ 1.2 GB/4.7 GB   17 MB/s   3m18s[K[?25h[?2026l[?2026h[?25l[A[1Gpulling manifest [K
pulling 2bada8a74506...  25% ▕███             ▏ 1.2 GB/4.7 GB   17 MB/s   3m17s[K[?25h[?2026l[?2026h[?25l[A[1Gpulling manifest [K
pulling 2bada8a74506...  25% ▕███             ▏ 1.2 GB/4.7 GB   17 MB/s   3m17s[K[?25h[?2026l[?2026h[?25l[A[1Gpulling manifest [K
pulling 2bada8a74506...  25% ▕███             ▏ 1.2 GB/4.7 GB   17 MB/s   3m17s[K[?25h[?2026l[?2026h[?25l[A[1Gpulling manifest [K
pulling 2bada8a74506...  25% ▕███             ▏ 1.2 GB/4.7 GB   17 MB/s   3m18s[K[?25h[?2026l[?2026h[?25l[A[1Gpulling manifest [K
pulling 2bada8a74506...  25% ▕███             ▏ 1.2 GB/4.7 GB   17 MB/s   3m18s[K[?25h[?2026l[?2026h[?25l[A[1Gpulling manifest [K
pulling 2bada8a74506...  25% ▕███             ▏ 1.2 GB/4.7 GB   17 MB/s   3m18s[K[?25h[?2026l[?2026h[?25l[A[1Gpulling manifest [K
pulling 2bada8a74506...  25% ▕████            ▏ 1.2 GB/4.7 GB   17 MB/s   3m18s[K[?25h[?2026l[?2026h[?25l[A[1Gpulling manifest [K
pulling 2bada8a74506...  25% ▕████            ▏ 1.2 GB/4.7 GB   17 MB/s   3m17s[K[?25h[?2026l[?2026h[?25l[A[1Gpulling manifest [K
pulling 2bada8a74506...  25% ▕████            ▏ 1.2 GB/4.7 GB   17 MB/s   3m17s[K[?25h[?2026l[?2026h[?25l[A[1Gpulling manifest [K
pulling 2bada8a74506...  25% ▕████            ▏ 1.2 GB/4.7 GB   17 MB/s   3m17s[K[?25h[?2026l[?2026h[?25l[A[1Gpulling manifest [K
pulling 2bada8a74506...  25% ▕████            ▏ 1.2 GB/4.7 GB   17 MB/s   3m17s[K[?25h[?2026l[?2026h[?25l[A[1Gpulling manifest [K
pulling 2bada8a74506...  25% ▕████            ▏ 1.2 GB/4.7 GB   17 MB/s   3m17s[K[?25h[?2026l[?2026h[?25l[A[1Gpulling manifest [K
pulling 2bada8a74506...  25% ▕████            ▏ 1.2 GB/4.7 GB   17 MB/s   3m17s[K[?25h[?2026l[?2026h[?25l[A[1Gpulling manifest [K
pulling 2bada8a74506...  25% ▕████            ▏ 1.2 GB/4.7 GB   17 MB/s   3m18s[K[?25h[?2026l[?2026h[?25l[A[1Gpulling manifest [K
pulling 2bada8a74506...  25% ▕████            ▏ 1.2 GB/4.7 GB   17 MB/s   3m18s[K[?25h[?2026l[?2026h[?25l[A[1Gpulling manifest [K
pulling 2bada8a74506...  25% ▕████            ▏ 1.2 GB/4.7 GB   17 MB/s   3m18s[K[?25h[?2026l[?2026h[?25l[A[1Gpulling manifest [K
pulling 2bada8a74506...  25% ▕████            ▏ 1.2 GB/4.7 GB   17 MB/s   3m18s[K[?25h[?2026l[?2026h[?25l[A[1Gpulling manifest [K
pulling 2bada8a74506...  25% ▕████            ▏ 1.2 GB/4.7 GB   17 MB/s   3m18s[K[?25h[?2026l[?2026h[?25l[A[1Gpulling manifest [K
pulling 2bada8a74506...  25% ▕████            ▏ 1.2 GB/4.7 GB   17 MB/s   3m18s[K[?25h[?2026l[?2026h[?25l[A[1Gpulling manifest [K
pulling 2bada8a74506...  25% ▕████            ▏ 1.2 GB/4.7 GB   17 MB/s   3m18s[K[?25h[?2026l[?2026h[?25l[A[1Gpulling manifest [K
pulling 2bada8a74506...  26% ▕████            ▏ 1.2 GB/4.7 GB   17 MB/s   3m18s[K[?25h[?2026l[?2026h[?25l[A[1Gpulling manifest [K
pulling 2bada8a74506...  26% ▕████            ▏ 1.2 GB/4.7 GB   17 MB/s   3m17s[K[?25h[?2026l[?2026h[?25l[A[1Gpulling manifest [K
pulling 2bada8a74506...  26% ▕████            ▏ 1.2 GB/4.7 GB   17 MB/s   3m17s[K[?25h[?2026l[?2026h[?25l[A[1Gpulling manifest [K
pulling 2bada8a74506...  26% ▕████            ▏ 1.2 GB/4.7 GB   17 MB/s   3m15s[K[?25h[?2026l[?2026h[?25l[A[1Gpulling manifest [K
pulling 2bada8a74506...  26% ▕████            ▏ 1.2 GB/4.7 GB   17 MB/s   3m15s[K[?25h[?2026l[?2026h[?25l[A[1Gpulling manifest [K
pulling 2bada8a74506...  26% ▕████            ▏ 1.2 GB/4.7 GB   17 MB/s   3m15s[K[?25h[?2026l[?2026h[?25l[A[1Gpulling manifest [K
pulling 2bada8a74506...  26% ▕████            ▏ 1.2 GB/4.7 GB   17 MB/s   3m15s[K[?25h[?2026l[?2026h[?25l[A[1Gpulling manifest [K
pulling 2bada8a74506...  26% ▕████            ▏ 1.2 GB/4.7 GB   17 MB/s   3m15s[K[?25h[?2026l[?2026h[?25l[A[1Gpulling manifest [K
pulling 2bada8a74506...  26% ▕████            ▏ 1.2 GB/4.7 GB   17 MB/s   3m15s[K[?25h[?2026l[?2026h[?25l[A[1Gpulling manifest [K
pulling 2bada8a74506...  26% ▕████            ▏ 1.2 GB/4.7 GB   17 MB/s   3m15s[K[?25h[?2026l[?2026h[?25l[A[1Gpulling manifest [K
pulling 2bada8a74506...  26% ▕████            ▏ 1.2 GB/4.7 GB   17 MB/s   3m15s[K[?25h[?2026l[?2026h[?25l[A[1Gpulling manifest [K
pulling 2bada8a74506...  26% ▕████            ▏ 1.2 GB/4.7 GB   17 MB/s   3m15s[K[?25h[?2026l[?2026h[?25l[A[1Gpulling manifest [K
pulling 2bada8a74506...  26% ▕████            ▏ 1.2 GB/4.7 GB   17 MB/s   3m15s[K[?25h[?2026l[?2026h[?25l[A[1Gpulling manifest [K
pulling 2bada8a74506...  26% ▕████            ▏ 1.2 GB/4.7 GB   17 MB/s   3m14s[K[?25h[?2026l[?2026h[?25l[A[1Gpulling manifest [K
pulling 2bada8a74506...  26% ▕████            ▏ 1.2 GB/4.7 GB   17 MB/s   3m14s[K[?25h[?2026l[?2026h[?25l[A[1Gpulling manifest [K
pulling 2bada8a74506...  26% ▕████            ▏ 1.2 GB/4.7 GB   17 MB/s   3m14s[K[?25h[?2026l[?2026h[?25l[A[1Gpulling manifest [K
pulling 2bada8a74506...  26% ▕████            ▏ 1.2 GB/4.7 GB   17 MB/s   3m14s[K[?25h[?2026l[?2026h[?25l[A[1Gpulling manifest [K
pulling 2bada8a74506...  26% ▕████            ▏ 1.2 GB/4.7 GB   17 MB/s   3m14s[K[?25h[?2026l[?2026h[?25l[A[1Gpulling manifest [K
pulling 2bada8a74506...  26% ▕████            ▏ 1.2 GB/4.7 GB   17 MB/s   3m13s[K[?25h[?2026l[?2026h[?25l[A[1Gpulling manifest [K
pulling 2bada8a74506...  26% ▕████            ▏ 1.2 GB/4.7 GB   17 MB/s   3m13s[K[?25h[?2026l[?2026h[?25l[A[1Gpulling manifest [K
pulling 2bada8a74506...  26% ▕████            ▏ 1.2 GB/4.7 GB   17 MB/s   3m13s[K[?25h[?2026l[?2026h[?25l[A[1Gpulling manifest [K
pulling 2bada8a74506...  26% ▕████            ▏ 1.2 GB/4.7 GB   17 MB/s   3m13s[K[?25h[?2026l[?2026h[?25l[A[1Gpulling manifest [K
pulling 2bada8a74506...  26% ▕████            ▏ 1.2 GB/4.7 GB   17 MB/s   3m13s[K[?25h[?2026l[?2026h[?25l[A[1Gpulling manifest [K
pulling 2bada8a74506...  26% ▕████            ▏ 1.2 GB/4.7 GB   17 MB/s   3m13s[K[?25h[?2026l[?2026h[?25l[A[1Gpulling manifest [K
pulling 2bada8a74506...  26% ▕████            ▏ 1.2 GB/4.7 GB   17 MB/s   3m12s[K[?25h[?2026l[?2026h[?25l[A[1Gpulling manifest [K
pulling 2bada8a74506...  26% ▕████            ▏ 1.2 GB/4.7 GB   17 MB/s   3m12s[K[?25h[?2026l[?2026h[?25l[A[1Gpulling manifest [K
pulling 2bada8a74506...  26% ▕████            ▏ 1.2 GB/4.7 GB   17 MB/s   3m12s[K[?25h[?2026l[?2026h[?25l[A[1Gpulling manifest [K
pulling 2bada8a74506...  27% ▕████            ▏ 1.2 GB/4.7 GB   17 MB/s   3m12s[K[?25h[?2026l[?2026h[?25l[A[1Gpulling manifest [K
pulling 2bada8a74506...  27% ▕████            ▏ 1.2 GB/4.7 GB   17 MB/s   3m12s[K[?25h[?2026l[?2026h[?25l[A[1Gpulling manifest [K
pulling 2bada8a74506...  27% ▕████            ▏ 1.2 GB/4.7 GB   17 MB/s   3m12s[K[?25h[?2026l[?2026h[?25l[A[1Gpulling manifest [K
pulling 2bada8a74506...  27% ▕████            ▏ 1.2 GB/4.7 GB   17 MB/s   3m12s[K[?25h[?2026l[?2026h[?25l[A[1Gpulling manifest [K
pulling 2bada8a74506...  27% ▕████            ▏ 1.2 GB/4.7 GB   17 MB/s   3m11s[K[?25h[?2026l[?2026h[?25l[A[1Gpulling manifest [K
pulling 2bada8a74506...  27% ▕████            ▏ 1.2 GB/4.7 GB   17 MB/s   3m11s[K[?25h[?2026l[?2026h[?25l[A[1Gpulling manifest [K
pulling 2bada8a74506...  27% ▕████            ▏ 1.3 GB/4.7 GB   17 MB/s   3m11s[K[?25h[?2026l[?2026h[?25l[A[1Gpulling manifest [K
pulling 2bada8a74506...  27% ▕████            ▏ 1.3 GB/4.7 GB   17 MB/s   3m14s[K[?25h[?2026l[?2026h[?25l[A[1Gpulling manifest [K
pulling 2bada8a74506...  27% ▕████            ▏ 1.3 GB/4.7 GB   17 MB/s   3m14s[K[?25h[?2026l[?2026h[?25l[A[1Gpulling manifest [K
pulling 2bada8a74506...  27% ▕████            ▏ 1.3 GB/4.7 GB   17 MB/s   3m14s[K[?25h[?2026l[?2026h[?25l[A[1Gpulling manifest [K
pulling 2bada8a74506...  27% ▕████            ▏ 1.3 GB/4.7 GB   17 MB/s   3m14s[K[?25h[?2026l[?2026h[?25l[A[1Gpulling manifest [K
pulling 2bada8a74506...  27% ▕████            ▏ 1.3 GB/4.7 GB   17 MB/s   3m14s[K[?25h[?2026l[?2026h[?25l[A[1Gpulling manifest [K
pulling 2bada8a74506...  27% ▕████            ▏ 1.3 GB/4.7 GB   17 MB/s   3m14s[K[?25h[?2026l[?2026h[?25l[A[1Gpulling manifest [K
pulling 2bada8a74506...  27% ▕████            ▏ 1.3 GB/4.7 GB   17 MB/s   3m14s[K[?25h[?2026l[?2026h[?25l[A[1Gpulling manifest [K
pulling 2bada8a74506...  27% ▕████            ▏ 1.3 GB/4.7 GB   17 MB/s   3m14s[K[?25h[?2026l[?2026h[?25l[A[1Gpulling manifest [K
pulling 2bada8a74506...  27% ▕████            ▏ 1.3 GB/4.7 GB   17 MB/s   3m14s[K[?25h[?2026l[?2026h[?25l[A[1Gpulling manifest [K
pulling 2bada8a74506...  27% ▕████            ▏ 1.3 GB/4.7 GB   17 MB/s   3m14s[K[?25h[?2026l[?2026h[?25l[A[1Gpulling manifest [K
pulling 2bada8a74506...  27% ▕████            ▏ 1.3 GB/4.7 GB   17 MB/s   3m15s[K[?25h[?2026l[?2026h[?25l[A[1Gpulling manifest [K
pulling 2bada8a74506...  27% ▕████            ▏ 1.3 GB/4.7 GB   17 MB/s   3m15s[K[?25h[?2026l[?2026h[?25l[A[1Gpulling manifest [K
pulling 2bada8a74506...  27% ▕████            ▏ 1.3 GB/4.7 GB   17 MB/s   3m15s[K[?25h[?2026l[?2026h[?25l[A[1Gpulling manifest [K
pulling 2bada8a74506...  27% ▕████            ▏ 1.3 GB/4.7 GB   17 MB/s   3m15s[K[?25h[?2026l[?2026h[?25l[A[1Gpulling manifest [K
pulling 2bada8a74506...  27% ▕████            ▏ 1.3 GB/4.7 GB   17 MB/s   3m15s[K[?25h[?2026l[?2026h[?25l[A[1Gpulling manifest [K
pulling 2bada8a74506...  27% ▕████            ▏ 1.3 GB/4.7 GB   17 MB/s   3m15s[K[?25h[?2026l[?2026h[?25l[A[1Gpulling manifest [K
pulling 2bada8a74506...  27% ▕████            ▏ 1.3 GB/4.7 GB   17 MB/s   3m15s[K[?25h[?2026l[?2026h[?25l[A[1Gpulling manifest [K
pulling 2bada8a74506...  27% ▕████            ▏ 1.3 GB/4.7 GB   17 MB/s   3m14s[K[?25h[?2026l[?2026h[?25l[A[1Gpulling manifest [K
pulling 2bada8a74506...  27% ▕████            ▏ 1.3 GB/4.7 GB   17 MB/s   3m14s[K[?25h[?2026l[?2026h[?25l[A[1Gpulling manifest [K
pulling 2bada8a74506...  27% ▕████            ▏ 1.3 GB/4.7 GB   17 MB/s   3m14s[K[?25h[?2026l[?2026h[?25l[A[1Gpulling manifest [K
pulling 2bada8a74506...  27% ▕████            ▏ 1.3 GB/4.7 GB   17 MB/s   3m17s[K[?25h[?2026l[?2026h[?25l[A[1Gpulling manifest [K
pulling 2bada8a74506...  27% ▕████            ▏ 1.3 GB/4.7 GB   17 MB/s   3m16s[K[?25h[?2026l[?2026h[?25l[A[1Gpulling manifest [K
pulling 2bada8a74506...  27% ▕████            ▏ 1.3 GB/4.7 GB   17 MB/s   3m16s[K[?25h[?2026l[?2026h[?25l[A[1Gpulling manifest [K
pulling 2bada8a74506...  28% ▕████            ▏ 1.3 GB/4.7 GB   17 MB/s   3m16s[K[?25h[?2026l[?2026h[?25l[A[1Gpulling manifest [K
pulling 2bada8a74506...  28% ▕████            ▏ 1.3 GB/4.7 GB   17 MB/s   3m16s[K[?25h[?2026l[?2026h[?25l[A[1Gpulling manifest [K
pulling 2bada8a74506...  28% ▕████            ▏ 1.3 GB/4.7 GB   17 MB/s   3m16s[K[?25h[?2026l[?2026h[?25l[A[1Gpulling manifest [K
pulling 2bada8a74506...  28% ▕████            ▏ 1.3 GB/4.7 GB   17 MB/s   3m16s[K[?25h[?2026l[?2026h[?25l[A[1Gpulling manifest [K
pulling 2bada8a74506...  28% ▕████            ▏ 1.3 GB/4.7 GB   17 MB/s   3m16s[K[?25h[?2026l[?2026h[?25l[A[1Gpulling manifest [K
pulling 2bada8a74506...  28% ▕████            ▏ 1.3 GB/4.7 GB   17 MB/s   3m16s[K[?25h[?2026l[?2026h[?25l[A[1Gpulling manifest [K
pulling 2bada8a74506...  28% ▕████            ▏ 1.3 GB/4.7 GB   17 MB/s   3m16s[K[?25h[?2026l[?2026h[?25l[A[1Gpulling manifest [K
pulling 2bada8a74506...  28% ▕████            ▏ 1.3 GB/4.7 GB   17 MB/s   3m16s[K[?25h[?2026l[?2026h[?25l[A[1Gpulling manifest [K
pulling 2bada8a74506...  28% ▕████            ▏ 1.3 GB/4.7 GB   17 MB/s   3m16s[K[?25h[?2026l[?2026h[?25l[A[1Gpulling manifest [K
pulling 2bada8a74506...  28% ▕████            ▏ 1.3 GB/4.7 GB   17 MB/s   3m16s[K[?25h[?2026l[?2026h[?25l[A[1Gpulling manifest [K
pulling 2bada8a74506...  28% ▕████            ▏ 1.3 GB/4.7 GB   17 MB/s   3m16s[K[?25h[?2026l[?2026h[?25l[A[1Gpulling manifest [K
pulling 2bada8a74506...  28% ▕████            ▏ 1.3 GB/4.7 GB   17 MB/s   3m16s[K[?25h[?2026l[?2026h[?25l[A[1Gpulling manifest [K
pulling 2bada8a74506...  28% ▕████            ▏ 1.3 GB/4.7 GB   17 MB/s   3m16s[K[?25h[?2026l[?2026h[?25l[A[1Gpulling manifest [K
pulling 2bada8a74506...  28% ▕████            ▏ 1.3 GB/4.7 GB   17 MB/s   3m15s[K[?25h[?2026l[?2026h[?25l[A[1Gpulling manifest [K
pulling 2bada8a74506...  28% ▕████            ▏ 1.3 GB/4.7 GB   17 MB/s   3m15s[K[?25h[?2026l[?2026h[?25l[A[1Gpulling manifest [K
pulling 2bada8a74506...  28% ▕████            ▏ 1.3 GB/4.7 GB   17 MB/s   3m15s[K[?25h[?2026l[?2026h[?25l[A[1Gpulling manifest [K
pulling 2bada8a74506...  28% ▕████            ▏ 1.3 GB/4.7 GB   17 MB/s   3m15s[K[?25h[?2026l[?2026h[?25l[A[1Gpulling manifest [K
pulling 2bada8a74506...  28% ▕████            ▏ 1.3 GB/4.7 GB   17 MB/s   3m15s[K[?25h[?2026l[?2026h[?25l[A[1Gpulling manifest [K
pulling 2bada8a74506...  28% ▕████            ▏ 1.3 GB/4.7 GB   17 MB/s   3m15s[K[?25h[?2026l[?2026h[?25l[A[1Gpulling manifest [K
pulling 2bada8a74506...  28% ▕████            ▏ 1.3 GB/4.7 GB   17 MB/s   3m15s[K[?25h[?2026l[?2026h[?25l[A[1Gpulling manifest [K
pulling 2bada8a74506...  28% ▕████            ▏ 1.3 GB/4.7 GB   17 MB/s   3m15s[K[?25h[?2026l[?2026h[?25l[A[1Gpulling manifest [K
pulling 2bada8a74506...  28% ▕████            ▏ 1.3 GB/4.7 GB   17 MB/s   3m15s[K[?25h[?2026l[?2026h[?25l[A[1Gpulling manifest [K
pulling 2bada8a74506...  28% ▕████            ▏ 1.3 GB/4.7 GB   17 MB/s   3m15s[K[?25h[?2026l[?2026h[?25l[A[1Gpulling manifest [K
pulling 2bada8a74506...  28% ▕████            ▏ 1.3 GB/4.7 GB   17 MB/s   3m15s[K[?25h[?2026l[?2026h[?25l[A[1Gpulling manifest [K
pulling 2bada8a74506...  28% ▕████            ▏ 1.3 GB/4.7 GB   17 MB/s   3m15s[K[?25h[?2026l[?2026h[?25l[A[1Gpulling manifest [K
pulling 2bada8a74506...  28% ▕████            ▏ 1.3 GB/4.7 GB   17 MB/s   3m15s[K[?25h[?2026l[?2026h[?25l[A[1Gpulling manifest [K
pulling 2bada8a74506...  28% ▕████            ▏ 1.3 GB/4.7 GB   17 MB/s   3m14s[K[?25h[?2026l[?2026h[?25l[A[1Gpulling manifest [K
pulling 2bada8a74506...  29% ▕████            ▏ 1.3 GB/4.7 GB   17 MB/s   3m14s[K[?25h[?2026l[?2026h[?25l[A[1Gpulling manifest [K
pulling 2bada8a74506...  29% ▕████            ▏ 1.3 GB/4.7 GB   17 MB/s   3m13s[K[?25h[?2026l[?2026h[?25l[A[1Gpulling manifest [K
pulling 2bada8a74506...  29% ▕████            ▏ 1.3 GB/4.7 GB   17 MB/s   3m13s[K[?25h[?2026l[?2026h[?25l[A[1Gpulling manifest [K
pulling 2bada8a74506...  29% ▕████            ▏ 1.3 GB/4.7 GB   17 MB/s   3m13s[K[?25h[?2026l[?2026h[?25l[A[1Gpulling manifest [K
pulling 2bada8a74506...  29% ▕████            ▏ 1.3 GB/4.7 GB   17 MB/s   3m13s[K[?25h[?2026l[?2026h[?25l[A[1Gpulling manifest [K
pulling 2bada8a74506...  29% ▕████            ▏ 1.3 GB/4.7 GB   17 MB/s   3m13s[K[?25h[?2026l[?2026h[?25l[A[1Gpulling manifest [K
pulling 2bada8a74506...  29% ▕████            ▏ 1.3 GB/4.7 GB   17 MB/s   3m13s[K[?25h[?2026l[?2026h[?25l[A[1Gpulling manifest [K
pulling 2bada8a74506...  29% ▕████            ▏ 1.3 GB/4.7 GB   17 MB/s   3m13s[K[?25h[?2026l[?2026h[?25l[A[1Gpulling manifest [K
pulling 2bada8a74506...  29% ▕████            ▏ 1.3 GB/4.7 GB   17 MB/s   3m13s[K[?25h[?2026l[?2026h[?25l[A[1Gpulling manifest [K
pulling 2bada8a74506...  29% ▕████            ▏ 1.4 GB/4.7 GB   17 MB/s   3m13s[K[?25h[?2026l[?2026h[?25l[A[1Gpulling manifest [K
pulling 2bada8a74506...  29% ▕████            ▏ 1.4 GB/4.7 GB   17 MB/s   3m12s[K[?25h[?2026l[?2026h[?25l[A[1Gpulling manifest [K
pulling 2bada8a74506...  29% ▕████            ▏ 1.4 GB/4.7 GB   17 MB/s   3m14s[K[?25h[?2026l[?2026h[?25l[A[1Gpulling manifest [K
pulling 2bada8a74506...  29% ▕████            ▏ 1.4 GB/4.7 GB   17 MB/s   3m14s[K[?25h[?2026l[?2026h[?25l[A[1Gpulling manifest [K
pulling 2bada8a74506...  29% ▕████            ▏ 1.4 GB/4.7 GB   17 MB/s   3m14s[K[?25h[?2026l[?2026h[?25l[A[1Gpulling manifest [K
pulling 2bada8a74506...  29% ▕████            ▏ 1.4 GB/4.7 GB   17 MB/s   3m14s[K[?25h[?2026l[?2026h[?25l[A[1Gpulling manifest [K
pulling 2bada8a74506...  29% ▕████            ▏ 1.4 GB/4.7 GB   17 MB/s   3m14s[K[?25h[?2026l[?2026h[?25l[A[1Gpulling manifest [K
pulling 2bada8a74506...  29% ▕████            ▏ 1.4 GB/4.7 GB   17 MB/s   3m14s[K[?25h[?2026l[?2026h[?25l[A[1Gpulling manifest [K
pulling 2bada8a74506...  29% ▕████            ▏ 1.4 GB/4.7 GB   17 MB/s   3m14s[K[?25h[?2026l[?2026h[?25l[A[1Gpulling manifest [K
pulling 2bada8a74506...  29% ▕████            ▏ 1.4 GB/4.7 GB   17 MB/s   3m14s[K[?25h[?2026l[?2026h[?25l[A[1Gpulling manifest [K
pulling 2bada8a74506...  29% ▕████            ▏ 1.4 GB/4.7 GB   17 MB/s   3m13s[K[?25h[?2026l[?2026h[?25l[A[1Gpulling manifest [K
pulling 2bada8a74506...  29% ▕████            ▏ 1.4 GB/4.7 GB   17 MB/s   3m13s[K[?25h[?2026l[?2026h[?25l[A[1Gpulling manifest [K
pulling 2bada8a74506...  29% ▕████            ▏ 1.4 GB/4.7 GB   17 MB/s   3m14s[K[?25h[?2026l[?2026h[?25l[A[1Gpulling manifest [K
pulling 2bada8a74506...  29% ▕████            ▏ 1.4 GB/4.7 GB   17 MB/s   3m14s[K[?25h[?2026l[?2026h[?25l[A[1Gpulling manifest [K
pulling 2bada8a74506...  29% ▕████            ▏ 1.4 GB/4.7 GB   17 MB/s   3m14s[K[?25h[?2026l[?2026h[?25l[A[1Gpulling manifest [K
pulling 2bada8a74506...  29% ▕████            ▏ 1.4 GB/4.7 GB   17 MB/s   3m14s[K[?25h[?2026l[?2026h[?25l[A[1Gpulling manifest [K
pulling 2bada8a74506...  29% ▕████            ▏ 1.4 GB/4.7 GB   17 MB/s   3m14s[K[?25h[?2026l[?2026h[?25l[A[1Gpulling manifest [K
pulling 2bada8a74506...  29% ▕████            ▏ 1.4 GB/4.7 GB   17 MB/s   3m14s[K[?25h[?2026l[?2026h[?25l[A[1Gpulling manifest [K
pulling 2bada8a74506...  30% ▕████            ▏ 1.4 GB/4.7 GB   17 MB/s   3m13s[K[?25h[?2026l[?2026h[?25l[A[1Gpulling manifest [K
pulling 2bada8a74506...  30% ▕████            ▏ 1.4 GB/4.7 GB   17 MB/s   3m13s[K[?25h[?2026l[?2026h[?25l[A[1Gpulling manifest [K
pulling 2bada8a74506...  30% ▕████            ▏ 1.4 GB/4.7 GB   17 MB/s   3m13s[K[?25h[?2026l[?2026h[?25l[A[1Gpulling manifest [K
pulling 2bada8a74506...  30% ▕████            ▏ 1.4 GB/4.7 GB   17 MB/s   3m13s[K[?25h[?2026l[?2026h[?25l[A[1Gpulling manifest [K
pulling 2bada8a74506...  30% ▕████            ▏ 1.4 GB/4.7 GB   17 MB/s   3m13s[K[?25h[?2026l[?2026h[?25l[A[1Gpulling manifest [K
pulling 2bada8a74506...  30% ▕████            ▏ 1.4 GB/4.7 GB   17 MB/s   3m13s[K[?25h[?2026l[?2026h[?25l[A[1Gpulling manifest [K
pulling 2bada8a74506...  30% ▕████            ▏ 1.4 GB/4.7 GB   17 MB/s   3m13s[K[?25h[?2026l[?2026h[?25l[A[1Gpulling manifest [K
pulling 2bada8a74506...  30% ▕████            ▏ 1.4 GB/4.7 GB   17 MB/s   3m13s[K[?25h[?2026l[?2026h[?25l[A[1Gpulling manifest [K
pulling 2bada8a74506...  30% ▕████            ▏ 1.4 GB/4.7 GB   17 MB/s   3m13s[K[?25h[?2026l[?2026h[?25l[A[1Gpulling manifest [K
pulling 2bada8a74506...  30% ▕████            ▏ 1.4 GB/4.7 GB   17 MB/s   3m12s[K[?25h[?2026l[?2026h[?25l[A[1Gpulling manifest [K
pulling 2bada8a74506...  30% ▕████            ▏ 1.4 GB/4.7 GB   17 MB/s   3m12s[K[?25h[?2026l[?2026h[?25l[A[1Gpulling manifest [K
pulling 2bada8a74506...  30% ▕████            ▏ 1.4 GB/4.7 GB   17 MB/s   3m12s[K[?25h[?2026l[?2026h[?25l[A[1Gpulling manifest [K
pulling 2bada8a74506...  30% ▕████            ▏ 1.4 GB/4.7 GB   17 MB/s   3m12s[K[?25h[?2026l[?2026h[?25l[A[1Gpulling manifest [K
pulling 2bada8a74506...  30% ▕████            ▏ 1.4 GB/4.7 GB   17 MB/s   3m12s[K[?25h[?2026l[?2026h[?25l[A[1Gpulling manifest [K
pulling 2bada8a74506...  30% ▕████            ▏ 1.4 GB/4.7 GB   17 MB/s   3m12s[K[?25h[?2026l[?2026h[?25l[A[1Gpulling manifest [K
pulling 2bada8a74506...  30% ▕████            ▏ 1.4 GB/4.7 GB   17 MB/s    3m9s[K[?25h[?2026l[?2026h[?25l[A[1Gpulling manifest [K
pulling 2bada8a74506...  30% ▕████            ▏ 1.4 GB/4.7 GB   17 MB/s    3m9s[K[?25h[?2026l[?2026h[?25l[A[1Gpulling manifest [K
pulling 2bada8a74506...  30% ▕████            ▏ 1.4 GB/4.7 GB   17 MB/s    3m9s[K[?25h[?2026l[?2026h[?25l[A[1Gpulling manifest [K
pulling 2bada8a74506...  30% ▕████            ▏ 1.4 GB/4.7 GB   17 MB/s    3m9s[K[?25h[?2026l[?2026h[?25l[A[1Gpulling manifest [K
pulling 2bada8a74506...  30% ▕████            ▏ 1.4 GB/4.7 GB   17 MB/s    3m9s[K[?25h[?2026l[?2026h[?25l[A[1Gpulling manifest [K
pulling 2bada8a74506...  30% ▕████            ▏ 1.4 GB/4.7 GB   17 MB/s    3m9s[K[?25h[?2026l[?2026h[?25l[A[1Gpulling manifest [K
pulling 2bada8a74506...  30% ▕████            ▏ 1.4 GB/4.7 GB   17 MB/s    3m9s[K[?25h[?2026l[?2026h[?25l[A[1Gpulling manifest [K
pulling 2bada8a74506...  30% ▕████            ▏ 1.4 GB/4.7 GB   17 MB/s    3m8s[K[?25h[?2026l[?2026h[?25l[A[1Gpulling manifest [K
pulling 2bada8a74506...  30% ▕████            ▏ 1.4 GB/4.7 GB   17 MB/s    3m8s[K[?25h[?2026l[?2026h[?25l[A[1Gpulling manifest [K
pulling 2bada8a74506...  30% ▕████            ▏ 1.4 GB/4.7 GB   17 MB/s    3m8s[K[?25h[?2026l[?2026h[?25l[A[1Gpulling manifest [K
pulling 2bada8a74506...  30% ▕████            ▏ 1.4 GB/4.7 GB   17 MB/s    3m8s[K[?25h[?2026l[?2026h[?25l[A[1Gpulling manifest [K
pulling 2bada8a74506...  30% ▕████            ▏ 1.4 GB/4.7 GB   17 MB/s    3m8s[K[?25h[?2026l[?2026h[?25l[A[1Gpulling manifest [K
pulling 2bada8a74506...  31% ▕████            ▏ 1.4 GB/4.7 GB   17 MB/s    3m8s[K[?25h[?2026l[?2026h[?25l[A[1Gpulling manifest [K
pulling 2bada8a74506...  31% ▕████            ▏ 1.4 GB/4.7 GB   17 MB/s    3m8s[K[?25h[?2026l[?2026h[?25l[A[1Gpulling manifest [K
pulling 2bada8a74506...  31% ▕████            ▏ 1.4 GB/4.7 GB   17 MB/s    3m8s[K[?25h[?2026l[?2026h[?25l[A[1Gpulling manifest [K
pulling 2bada8a74506...  31% ▕████            ▏ 1.4 GB/4.7 GB   17 MB/s    3m8s[K[?25h[?2026l[?2026h[?25l[A[1Gpulling manifest [K
pulling 2bada8a74506...  31% ▕████            ▏ 1.4 GB/4.7 GB   17 MB/s    3m8s[K[?25h[?2026l[?2026h[?25l[A[1Gpulling manifest [K
pulling 2bada8a74506...  31% ▕████            ▏ 1.4 GB/4.7 GB   17 MB/s    3m8s[K[?25h[?2026l[?2026h[?25l[A[1Gpulling manifest [K
pulling 2bada8a74506...  31% ▕████            ▏ 1.4 GB/4.7 GB   17 MB/s    3m8s[K[?25h[?2026l[?2026h[?25l[A[1Gpulling manifest [K
pulling 2bada8a74506...  31% ▕████            ▏ 1.4 GB/4.7 GB   17 MB/s    3m7s[K[?25h[?2026l[?2026h[?25l[A[1Gpulling manifest [K
pulling 2bada8a74506...  31% ▕████            ▏ 1.4 GB/4.7 GB   17 MB/s    3m5s[K[?25h[?2026l[?2026h[?25l[A[1Gpulling manifest [K
pulling 2bada8a74506...  31% ▕████            ▏ 1.4 GB/4.7 GB   17 MB/s    3m5s[K[?25h[?2026l[?2026h[?25l[A[1Gpulling manifest [K
pulling 2bada8a74506...  31% ▕████            ▏ 1.4 GB/4.7 GB   17 MB/s    3m5s[K[?25h[?2026l[?2026h[?25l[A[1Gpulling manifest [K
pulling 2bada8a74506...  31% ▕████            ▏ 1.4 GB/4.7 GB   17 MB/s    3m5s[K[?25h[?2026l[?2026h[?25l[A[1Gpulling manifest [K
pulling 2bada8a74506...  31% ▕████            ▏ 1.4 GB/4.7 GB   17 MB/s    3m5s[K[?25h[?2026l[?2026h[?25l[A[1Gpulling manifest [K
pulling 2bada8a74506...  31% ▕████            ▏ 1.5 GB/4.7 GB   17 MB/s    3m5s[K[?25h[?2026l[?2026h[?25l[A[1Gpulling manifest [K
pulling 2bada8a74506...  31% ▕████            ▏ 1.5 GB/4.7 GB   17 MB/s    3m5s[K[?25h[?2026l[?2026h[?25l[A[1Gpulling manifest [K
pulling 2bada8a74506...  31% ▕████            ▏ 1.5 GB/4.7 GB   17 MB/s    3m5s[K[?25h[?2026l[?2026h[?25l[A[1Gpulling manifest [K
pulling 2bada8a74506...  31% ▕████            ▏ 1.5 GB/4.7 GB   17 MB/s    3m5s[K[?25h[?2026l[?2026h[?25l[A[1Gpulling manifest [K
pulling 2bada8a74506...  31% ▕████            ▏ 1.5 GB/4.7 GB   17 MB/s    3m4s[K[?25h[?2026l[?2026h[?25l[A[1Gpulling manifest [K
pulling 2bada8a74506...  31% ▕████            ▏ 1.5 GB/4.7 GB   17 MB/s    3m3s[K[?25h[?2026l[?2026h[?25l[A[1Gpulling manifest [K
pulling 2bada8a74506...  31% ▕████            ▏ 1.5 GB/4.7 GB   17 MB/s    3m3s[K[?25h[?2026l[?2026h[?25l[A[1Gpulling manifest [K
pulling 2bada8a74506...  31% ▕████            ▏ 1.5 GB/4.7 GB   17 MB/s    3m3s[K[?25h[?2026l[?2026h[?25l[A[1Gpulling manifest [K
pulling 2bada8a74506...  31% ▕█████           ▏ 1.5 GB/4.7 GB   17 MB/s    3m3s[K[?25h[?2026l[?2026h[?25l[A[1Gpulling manifest [K
pulling 2bada8a74506...  31% ▕█████           ▏ 1.5 GB/4.7 GB   17 MB/s    3m3s[K[?25h[?2026l[?2026h[?25l[A[1Gpulling manifest [K
pulling 2bada8a74506...  31% ▕█████           ▏ 1.5 GB/4.7 GB   17 MB/s    3m3s[K[?25h[?2026l[?2026h[?25l[A[1Gpulling manifest [K
pulling 2bada8a74506...  31% ▕█████           ▏ 1.5 GB/4.7 GB   17 MB/s    3m3s[K[?25h[?2026l[?2026h[?25l[A[1Gpulling manifest [K
pulling 2bada8a74506...  31% ▕█████           ▏ 1.5 GB/4.7 GB   17 MB/s    3m2s[K[?25h[?2026l[?2026h[?25l[A[1Gpulling manifest [K
pulling 2bada8a74506...  31% ▕█████           ▏ 1.5 GB/4.7 GB   17 MB/s    3m2s[K[?25h[?2026l[?2026h[?25l[A[1Gpulling manifest [K
pulling 2bada8a74506...  31% ▕█████           ▏ 1.5 GB/4.7 GB   17 MB/s    3m2s[K[?25h[?2026l[?2026h[?25l[A[1Gpulling manifest [K
pulling 2bada8a74506...  32% ▕█████           ▏ 1.5 GB/4.7 GB   17 MB/s    3m4s[K[?25h[?2026l[?2026h[?25l[A[1Gpulling manifest [K
pulling 2bada8a74506...  32% ▕█████           ▏ 1.5 GB/4.7 GB   17 MB/s    3m4s[K[?25h[?2026l[?2026h[?25l[A[1Gpulling manifest [K
pulling 2bada8a74506...  32% ▕█████           ▏ 1.5 GB/4.7 GB   17 MB/s    3m4s[K[?25h[?2026l[?2026h[?25l[A[1Gpulling manifest [K
pulling 2bada8a74506...  32% ▕█████           ▏ 1.5 GB/4.7 GB   17 MB/s    3m4s[K[?25h[?2026l[?2026h[?25l[A[1Gpulling manifest [K
pulling 2bada8a74506...  32% ▕█████           ▏ 1.5 GB/4.7 GB   17 MB/s    3m4s[K[?25h[?2026l[?2026h[?25l[A[1Gpulling manifest [K
pulling 2bada8a74506...  32% ▕█████           ▏ 1.5 GB/4.7 GB   17 MB/s    3m4s[K[?25h[?2026l[?2026h[?25l[A[1Gpulling manifest [K
pulling 2bada8a74506...  32% ▕█████           ▏ 1.5 GB/4.7 GB   17 MB/s    3m3s[K[?25h[?2026l[?2026h[?25l[A[1Gpulling manifest [K
pulling 2bada8a74506...  32% ▕█████           ▏ 1.5 GB/4.7 GB   17 MB/s    3m3s[K[?25h[?2026l[?2026h[?25l[A[1Gpulling manifest [K
pulling 2bada8a74506...  32% ▕█████           ▏ 1.5 GB/4.7 GB   17 MB/s    3m3s[K[?25h[?2026l[?2026h[?25l[A[1Gpulling manifest [K
pulling 2bada8a74506...  32% ▕█████           ▏ 1.5 GB/4.7 GB   17 MB/s    3m3s[K[?25h[?2026l[?2026h[?25l[A[1Gpulling manifest [K
pulling 2bada8a74506...  32% ▕█████           ▏ 1.5 GB/4.7 GB   17 MB/s    3m3s[K[?25h[?2026l[?2026h[?25l[A[1Gpulling manifest [K
pulling 2bada8a74506...  32% ▕█████           ▏ 1.5 GB/4.7 GB   17 MB/s    3m6s[K[?25h[?2026l[?2026h[?25l[A[1Gpulling manifest [K
pulling 2bada8a74506...  32% ▕█████           ▏ 1.5 GB/4.7 GB   17 MB/s    3m6s[K[?25h[?2026l[?2026h[?25l[A[1Gpulling manifest [K
pulling 2bada8a74506...  32% ▕█████           ▏ 1.5 GB/4.7 GB   17 MB/s    3m6s[K[?25h[?2026l[?2026h[?25l[A[1Gpulling manifest [K
pulling 2bada8a74506...  32% ▕█████           ▏ 1.5 GB/4.7 GB   17 MB/s    3m6s[K[?25h[?2026l[?2026h[?25l[A[1Gpulling manifest [K
pulling 2bada8a74506...  32% ▕█████           ▏ 1.5 GB/4.7 GB   17 MB/s    3m5s[K[?25h[?2026l[?2026h[?25l[A[1Gpulling manifest [K
pulling 2bada8a74506...  32% ▕█████           ▏ 1.5 GB/4.7 GB   17 MB/s    3m5s[K[?25h[?2026l[?2026h[?25l[A[1Gpulling manifest [K
pulling 2bada8a74506...  32% ▕█████           ▏ 1.5 GB/4.7 GB   17 MB/s    3m5s[K[?25h[?2026l[?2026h[?25l[A[1Gpulling manifest [K
pulling 2bada8a74506...  32% ▕█████           ▏ 1.5 GB/4.7 GB   17 MB/s    3m5s[K[?25h[?2026l[?2026h[?25l[A[1Gpulling manifest [K
pulling 2bada8a74506...  32% ▕█████           ▏ 1.5 GB/4.7 GB   17 MB/s    3m5s[K[?25h[?2026l[?2026h[?25l[A[1Gpulling manifest [K
pulling 2bada8a74506...  32% ▕█████           ▏ 1.5 GB/4.7 GB   17 MB/s    3m5s[K[?25h[?2026l[?2026h[?25l[A[1Gpulling manifest [K
pulling 2bada8a74506...  32% ▕█████           ▏ 1.5 GB/4.7 GB   16 MB/s   3m10s[K[?25h[?2026l[?2026h[?25l[A[1Gpulling manifest [K
pulling 2bada8a74506...  32% ▕█████           ▏ 1.5 GB/4.7 GB   16 MB/s   3m10s[K[?25h[?2026l[?2026h[?25l[A[1Gpulling manifest [K
pulling 2bada8a74506...  32% ▕█████           ▏ 1.5 GB/4.7 GB   16 MB/s    3m9s[K[?25h[?2026l[?2026h[?25l[A[1Gpulling manifest [K
pulling 2bada8a74506...  32% ▕█████           ▏ 1.5 GB/4.7 GB   16 MB/s    3m9s[K[?25h[?2026l[?2026h[?25l[A[1Gpulling manifest [K
pulling 2bada8a74506...  32% ▕█████           ▏ 1.5 GB/4.7 GB   16 MB/s    3m9s[K[?25h[?2026l[?2026h[?25l[A[1Gpulling manifest [K
pulling 2bada8a74506...  32% ▕█████           ▏ 1.5 GB/4.7 GB   16 MB/s    3m9s[K[?25h[?2026l[?2026h[?25l[A[1Gpulling manifest [K
pulling 2bada8a74506...  32% ▕█████           ▏ 1.5 GB/4.7 GB   16 MB/s    3m9s[K[?25h[?2026l[?2026h[?25l[A[1Gpulling manifest [K
pulling 2bada8a74506...  32% ▕█████           ▏ 1.5 GB/4.7 GB   16 MB/s    3m9s[K[?25h[?2026l[?2026h[?25l[A[1Gpulling manifest [K
pulling 2bada8a74506...  32% ▕█████           ▏ 1.5 GB/4.7 GB   16 MB/s    3m9s[K[?25h[?2026l[?2026h[?25l[A[1Gpulling manifest [K
pulling 2bada8a74506...  32% ▕█████           ▏ 1.5 GB/4.7 GB   16 MB/s    3m9s[K[?25h[?2026l[?2026h[?25l[A[1Gpulling manifest [K
pulling 2bada8a74506...  32% ▕█████           ▏ 1.5 GB/4.7 GB   15 MB/s   3m24s[K[?25h[?2026l[?2026h[?25l[A[1Gpulling manifest [K
pulling 2bada8a74506...  32% ▕█████           ▏ 1.5 GB/4.7 GB   15 MB/s   3m24s[K[?25h[?2026l[?2026h[?25l[A[1Gpulling manifest [K
pulling 2bada8a74506...  32% ▕█████           ▏ 1.5 GB/4.7 GB   15 MB/s   3m24s[K[?25h[?2026l[?2026h[?25l[A[1Gpulling manifest [K
pulling 2bada8a74506...  32% ▕█████           ▏ 1.5 GB/4.7 GB   15 MB/s   3m24s[K[?25h[?2026l[?2026h[?25l[A[1Gpulling manifest [K
pulling 2bada8a74506...  32% ▕█████           ▏ 1.5 GB/4.7 GB   15 MB/s   3m23s[K[?25h[?2026l[?2026h[?25l[A[1Gpulling manifest [K
pulling 2bada8a74506...  32% ▕█████           ▏ 1.5 GB/4.7 GB   15 MB/s   3m23s[K[?25h[?2026l[?2026h[?25l[A[1Gpulling manifest [K
pulling 2bada8a74506...  32% ▕█████           ▏ 1.5 GB/4.7 GB   15 MB/s   3m23s[K[?25h[?2026l[?2026h[?25l[A[1Gpulling manifest [K
pulling 2bada8a74506...  33% ▕█████           ▏ 1.5 GB/4.7 GB   15 MB/s   3m23s[K[?25h[?2026l[?2026h[?25l[A[1Gpulling manifest [K
pulling 2bada8a74506...  33% ▕█████           ▏ 1.5 GB/4.7 GB   15 MB/s   3m23s[K[?25h[?2026l[?2026h[?25l[A[1Gpulling manifest [K
pulling 2bada8a74506...  33% ▕█████           ▏ 1.5 GB/4.7 GB   15 MB/s   3m23s[K[?25h[?2026l[?2026h[?25l[A[1Gpulling manifest [K
pulling 2bada8a74506...  33% ▕█████           ▏ 1.5 GB/4.7 GB   15 MB/s   3m24s[K[?25h[?2026l[?2026h[?25l[A[1Gpulling manifest [K
pulling 2bada8a74506...  33% ▕█████           ▏ 1.5 GB/4.7 GB   15 MB/s   3m24s[K[?25h[?2026l[?2026h[?25l[A[1Gpulling manifest [K
pulling 2bada8a74506...  33% ▕█████           ▏ 1.5 GB/4.7 GB   15 MB/s   3m24s[K[?25h[?2026l[?2026h[?25l[A[1Gpulling manifest [K
pulling 2bada8a74506...  33% ▕█████           ▏ 1.5 GB/4.7 GB   15 MB/s   3m24s[K[?25h[?2026l[?2026h[?25l[A[1Gpulling manifest [K
pulling 2bada8a74506...  33% ▕█████           ▏ 1.5 GB/4.7 GB   15 MB/s   3m24s[K[?25h[?2026l[?2026h[?25l[A[1Gpulling manifest [K
pulling 2bada8a74506...  33% ▕█████           ▏ 1.5 GB/4.7 GB   15 MB/s   3m24s[K[?25h[?2026l[?2026h[?25l[A[1Gpulling manifest [K
pulling 2bada8a74506...  33% ▕█████           ▏ 1.5 GB/4.7 GB   15 MB/s   3m23s[K[?25h[?2026l[?2026h[?25l[A[1Gpulling manifest [K
pulling 2bada8a74506...  33% ▕█████           ▏ 1.5 GB/4.7 GB   15 MB/s   3m23s[K[?25h[?2026l[?2026h[?25l[A[1Gpulling manifest [K
pulling 2bada8a74506...  33% ▕█████           ▏ 1.5 GB/4.7 GB   15 MB/s   3m23s[K[?25h[?2026l[?2026h[?25l[A[1Gpulling manifest [K
pulling 2bada8a74506...  33% ▕█████           ▏ 1.5 GB/4.7 GB   15 MB/s   3m23s[K[?25h[?2026l[?2026h[?25l[A[1Gpulling manifest [K
pulling 2bada8a74506...  33% ▕█████           ▏ 1.5 GB/4.7 GB   15 MB/s   3m22s[K[?25h[?2026l[?2026h[?25l[A[1Gpulling manifest [K
pulling 2bada8a74506...  33% ▕█████           ▏ 1.5 GB/4.7 GB   15 MB/s   3m22s[K[?25h[?2026l[?2026h[?25l[A[1Gpulling manifest [K
pulling 2bada8a74506...  33% ▕█████           ▏ 1.5 GB/4.7 GB   15 MB/s   3m22s[K[?25h[?2026l[?2026h[?25l[A[1Gpulling manifest [K
pulling 2bada8a74506...  33% ▕█████           ▏ 1.6 GB/4.7 GB   15 MB/s   3m22s[K[?25h[?2026l[?2026h[?25l[A[1Gpulling manifest [K
pulling 2bada8a74506...  33% ▕█████           ▏ 1.6 GB/4.7 GB   15 MB/s   3m22s[K[?25h[?2026l[?2026h[?25l[A[1Gpulling manifest [K
pulling 2bada8a74506...  33% ▕█████           ▏ 1.6 GB/4.7 GB   15 MB/s   3m22s[K[?25h[?2026l[?2026h[?25l[A[1Gpulling manifest [K
pulling 2bada8a74506...  33% ▕█████           ▏ 1.6 GB/4.7 GB   15 MB/s   3m22s[K[?25h[?2026l[?2026h[?25l[A[1Gpulling manifest [K
pulling 2bada8a74506...  33% ▕█████           ▏ 1.6 GB/4.7 GB   15 MB/s   3m21s[K[?25h[?2026l[?2026h[?25l[A[1Gpulling manifest [K
pulling 2bada8a74506...  33% ▕█████           ▏ 1.6 GB/4.7 GB   15 MB/s   3m21s[K[?25h[?2026l[?2026h[?25l[A[1Gpulling manifest [K
pulling 2bada8a74506...  33% ▕█████           ▏ 1.6 GB/4.7 GB   15 MB/s   3m21s[K[?25h[?2026l[?2026h[?25l[A[1Gpulling manifest [K
pulling 2bada8a74506...  33% ▕█████           ▏ 1.6 GB/4.7 GB   15 MB/s   3m21s[K[?25h[?2026l[?2026h[?25l[A[1Gpulling manifest [K
pulling 2bada8a74506...  33% ▕█████           ▏ 1.6 GB/4.7 GB   15 MB/s   3m19s[K[?25h[?2026l[?2026h[?25l[A[1Gpulling manifest [K
pulling 2bada8a74506...  33% ▕█████           ▏ 1.6 GB/4.7 GB   15 MB/s   3m19s[K[?25h[?2026l[?2026h[?25l[A[1Gpulling manifest [K
pulling 2bada8a74506...  33% ▕█████           ▏ 1.6 GB/4.7 GB   15 MB/s   3m19s[K[?25h[?2026l[?2026h[?25l[A[1Gpulling manifest [K
pulling 2bada8a74506...  34% ▕█████           ▏ 1.6 GB/4.7 GB   15 MB/s   3m19s[K[?25h[?2026l[?2026h[?25l[A[1Gpulling manifest [K
pulling 2bada8a74506...  34% ▕█████           ▏ 1.6 GB/4.7 GB   15 MB/s   3m19s[K[?25h[?2026l[?2026h[?25l[A[1Gpulling manifest [K
pulling 2bada8a74506...  34% ▕█████           ▏ 1.6 GB/4.7 GB   15 MB/s   3m19s[K[?25h[?2026l[?2026h[?25l[A[1Gpulling manifest [K
pulling 2bada8a74506...  34% ▕█████           ▏ 1.6 GB/4.7 GB   15 MB/s   3m19s[K[?25h[?2026l[?2026h[?25l[A[1Gpulling manifest [K
pulling 2bada8a74506...  34% ▕█████           ▏ 1.6 GB/4.7 GB   15 MB/s   3m19s[K[?25h[?2026l[?2026h[?25l[A[1Gpulling manifest [K
pulling 2bada8a74506...  34% ▕█████           ▏ 1.6 GB/4.7 GB   15 MB/s   3m19s[K[?25h[?2026l[?2026h[?25l[A[1Gpulling manifest [K
pulling 2bada8a74506...  34% ▕█████           ▏ 1.6 GB/4.7 GB   15 MB/s   3m19s[K[?25h[?2026l[?2026h[?25l[A[1Gpulling manifest [K
pulling 2bada8a74506...  34% ▕█████           ▏ 1.6 GB/4.7 GB   15 MB/s   3m22s[K[?25h[?2026l[?2026h[?25l[A[1Gpulling manifest [K
pulling 2bada8a74506...  34% ▕█████           ▏ 1.6 GB/4.7 GB   15 MB/s   3m22s[K[?25h[?2026l[?2026h[?25l[A[1Gpulling manifest [K
pulling 2bada8a74506...  34% ▕█████           ▏ 1.6 GB/4.7 GB   15 MB/s   3m22s[K[?25h[?2026l[?2026h[?25l[A[1Gpulling manifest [K
pulling 2bada8a74506...  34% ▕█████           ▏ 1.6 GB/4.7 GB   15 MB/s   3m22s[K[?25h[?2026l[?2026h[?25l[A[1Gpulling manifest [K
pulling 2bada8a74506...  34% ▕█████           ▏ 1.6 GB/4.7 GB   15 MB/s   3m22s[K[?25h[?2026l[?2026h[?25l[A[1Gpulling manifest [K
pulling 2bada8a74506...  34% ▕█████           ▏ 1.6 GB/4.7 GB   15 MB/s   3m21s[K[?25h[?2026l[?2026h[?25l[A[1Gpulling manifest [K
pulling 2bada8a74506...  34% ▕█████           ▏ 1.6 GB/4.7 GB   15 MB/s   3m21s[K[?25h[?2026l[?2026h[?25l[A[1Gpulling manifest [K
pulling 2bada8a74506...  34% ▕█████           ▏ 1.6 GB/4.7 GB   15 MB/s   3m21s[K[?25h[?2026l[?2026h[?25l[A[1Gpulling manifest [K
pulling 2bada8a74506...  34% ▕█████           ▏ 1.6 GB/4.7 GB   15 MB/s   3m21s[K[?25h[?2026l[?2026h[?25l[A[1Gpulling manifest [K
pulling 2bada8a74506...  34% ▕█████           ▏ 1.6 GB/4.7 GB   15 MB/s   3m21s[K[?25h[?2026l[?2026h[?25l[A[1Gpulling manifest [K
pulling 2bada8a74506...  34% ▕█████           ▏ 1.6 GB/4.7 GB   15 MB/s   3m22s[K[?25h[?2026l[?2026h[?25l[A[1Gpulling manifest [K
pulling 2bada8a74506...  34% ▕█████           ▏ 1.6 GB/4.7 GB   15 MB/s   3m22s[K[?25h[?2026l[?2026h[?25l[A[1Gpulling manifest [K
pulling 2bada8a74506...  34% ▕█████           ▏ 1.6 GB/4.7 GB   15 MB/s   3m22s[K[?25h[?2026l[?2026h[?25l[A[1Gpulling manifest [K
pulling 2bada8a74506...  34% ▕█████           ▏ 1.6 GB/4.7 GB   15 MB/s   3m22s[K[?25h[?2026l[?2026h[?25l[A[1Gpulling manifest [K
pulling 2bada8a74506...  34% ▕█████           ▏ 1.6 GB/4.7 GB   15 MB/s   3m22s[K[?25h[?2026l[?2026h[?25l[A[1Gpulling manifest [K
pulling 2bada8a74506...  34% ▕█████           ▏ 1.6 GB/4.7 GB   15 MB/s   3m22s[K[?25h[?2026l[?2026h[?25l[A[1Gpulling manifest [K
pulling 2bada8a74506...  34% ▕█████           ▏ 1.6 GB/4.7 GB   15 MB/s   3m22s[K[?25h[?2026l[?2026h[?25l[A[1Gpulling manifest [K
pulling 2bada8a74506...  34% ▕█████           ▏ 1.6 GB/4.7 GB   15 MB/s   3m21s[K[?25h[?2026l[?2026h[?25l[A[1Gpulling manifest [K
pulling 2bada8a74506...  34% ▕█████           ▏ 1.6 GB/4.7 GB   15 MB/s   3m21s[K[?25h[?2026l[?2026h[?25l[A[1Gpulling manifest [K
pulling 2bada8a74506...  34% ▕█████           ▏ 1.6 GB/4.7 GB   15 MB/s   3m21s[K[?25h[?2026l[?2026h[?25l[A[1Gpulling manifest [K
pulling 2bada8a74506...  34% ▕█████           ▏ 1.6 GB/4.7 GB   15 MB/s   3m21s[K[?25h[?2026l[?2026h[?25l[A[1Gpulling manifest [K
pulling 2bada8a74506...  34% ▕█████           ▏ 1.6 GB/4.7 GB   15 MB/s   3m21s[K[?25h[?2026l[?2026h[?25l[A[1Gpulling manifest [K
pulling 2bada8a74506...  35% ▕█████           ▏ 1.6 GB/4.7 GB   15 MB/s   3m21s[K[?25h[?2026l[?2026h[?25l[A[1Gpulling manifest [K
pulling 2bada8a74506...  35% ▕█████           ▏ 1.6 GB/4.7 GB   15 MB/s   3m21s[K[?25h[?2026l[?2026h[?25l[A[1Gpulling manifest [K
pulling 2bada8a74506...  35% ▕█████           ▏ 1.6 GB/4.7 GB   15 MB/s   3m21s[K[?25h[?2026l[?2026h[?25l[A[1Gpulling manifest [K
pulling 2bada8a74506...  35% ▕█████           ▏ 1.6 GB/4.7 GB   15 MB/s   3m21s[K[?25h[?2026l[?2026h[?25l[A[1Gpulling manifest [K
pulling 2bada8a74506...  35% ▕█████           ▏ 1.6 GB/4.7 GB   15 MB/s   3m21s[K[?25h[?2026l[?2026h[?25l[A[1Gpulling manifest [K
pulling 2bada8a74506...  35% ▕█████           ▏ 1.6 GB/4.7 GB   15 MB/s   3m21s[K[?25h[?2026l[?2026h[?25l[A[1Gpulling manifest [K
pulling 2bada8a74506...  35% ▕█████           ▏ 1.6 GB/4.7 GB   15 MB/s   3m20s[K[?25h[?2026l[?2026h[?25l[A[1Gpulling manifest [K
pulling 2bada8a74506...  35% ▕█████           ▏ 1.6 GB/4.7 GB   15 MB/s   3m20s[K[?25h[?2026l[?2026h[?25l[A[1Gpulling manifest [K
pulling 2bada8a74506...  35% ▕█████           ▏ 1.6 GB/4.7 GB   15 MB/s   3m17s[K[?25h[?2026l[?2026h[?25l[A[1Gpulling manifest [K
pulling 2bada8a74506...  35% ▕█████           ▏ 1.6 GB/4.7 GB   15 MB/s   3m17s[K[?25h[?2026l[?2026h[?25l[A[1Gpulling manifest [K
pulling 2bada8a74506...  35% ▕█████           ▏ 1.6 GB/4.7 GB   15 MB/s   3m17s[K[?25h[?2026l[?2026h[?25l[A[1Gpulling manifest [K
pulling 2bada8a74506...  35% ▕█████           ▏ 1.6 GB/4.7 GB   15 MB/s   3m16s[K[?25h[?2026l[?2026h[?25l[A[1Gpulling manifest [K
pulling 2bada8a74506...  35% ▕█████           ▏ 1.6 GB/4.7 GB   15 MB/s   3m16s[K[?25h[?2026l[?2026h[?25l[A[1Gpulling manifest [K
pulling 2bada8a74506...  35% ▕█████           ▏ 1.6 GB/4.7 GB   15 MB/s   3m16s[K[?25h[?2026l[?2026h[?25l[A[1Gpulling manifest [K
pulling 2bada8a74506...  35% ▕█████           ▏ 1.6 GB/4.7 GB   15 MB/s   3m16s[K[?25h[?2026l[?2026h[?25l[A[1Gpulling manifest [K
pulling 2bada8a74506...  35% ▕█████           ▏ 1.6 GB/4.7 GB   15 MB/s   3m16s[K[?25h[?2026l[?2026h[?25l[A[1Gpulling manifest [K
pulling 2bada8a74506...  35% ▕█████           ▏ 1.6 GB/4.7 GB   15 MB/s   3m16s[K[?25h[?2026l[?2026h[?25l[A[1Gpulling manifest [K
pulling 2bada8a74506...  35% ▕█████           ▏ 1.6 GB/4.7 GB   15 MB/s   3m16s[K[?25h[?2026l[?2026h[?25l[A[1Gpulling manifest [K
pulling 2bada8a74506...  35% ▕█████           ▏ 1.6 GB/4.7 GB   15 MB/s   3m16s[K[?25h[?2026l[?2026h[?25l[A[1Gpulling manifest [K
pulling 2bada8a74506...  35% ▕█████           ▏ 1.6 GB/4.7 GB   16 MB/s    3m9s[K[?25h[?2026l[?2026h[?25l[A[1Gpulling manifest [K
pulling 2bada8a74506...  35% ▕█████           ▏ 1.7 GB/4.7 GB   16 MB/s    3m9s[K[?25h[?2026l[?2026h[?25l[A[1Gpulling manifest [K
pulling 2bada8a74506...  35% ▕█████           ▏ 1.7 GB/4.7 GB   16 MB/s    3m9s[K[?25h[?2026l[?2026h[?25l[A[1Gpulling manifest [K
pulling 2bada8a74506...  35% ▕█████           ▏ 1.7 GB/4.7 GB   16 MB/s    3m9s[K[?25h[?2026l[?2026h[?25l[A[1Gpulling manifest [K
pulling 2bada8a74506...  35% ▕█████           ▏ 1.7 GB/4.7 GB   16 MB/s    3m8s[K[?25h[?2026l[?2026h[?25l[A[1Gpulling manifest [K
pulling 2bada8a74506...  35% ▕█████           ▏ 1.7 GB/4.7 GB   16 MB/s    3m8s[K[?25h[?2026l[?2026h[?25l[A[1Gpulling manifest [K
pulling 2bada8a74506...  35% ▕█████           ▏ 1.7 GB/4.7 GB   16 MB/s    3m8s[K[?25h[?2026l[?2026h[?25l[A[1Gpulling manifest [K
pulling 2bada8a74506...  35% ▕█████           ▏ 1.7 GB/4.7 GB   16 MB/s    3m8s[K[?25h[?2026l[?2026h[?25l[A[1Gpulling manifest [K
pulling 2bada8a74506...  36% ▕█████           ▏ 1.7 GB/4.7 GB   16 MB/s    3m8s[K[?25h[?2026l[?2026h[?25l[A[1Gpulling manifest [K
pulling 2bada8a74506...  36% ▕█████           ▏ 1.7 GB/4.7 GB   16 MB/s    3m8s[K[?25h[?2026l[?2026h[?25l[A[1Gpulling manifest [K
pulling 2bada8a74506...  36% ▕█████           ▏ 1.7 GB/4.7 GB   17 MB/s   2m56s[K[?25h[?2026l[?2026h[?25l[A[1Gpulling manifest [K
pulling 2bada8a74506...  36% ▕█████           ▏ 1.7 GB/4.7 GB   17 MB/s   2m56s[K[?25h[?2026l[?2026h[?25l[A[1Gpulling manifest [K
pulling 2bada8a74506...  36% ▕█████           ▏ 1.7 GB/4.7 GB   17 MB/s   2m56s[K[?25h[?2026l[?2026h[?25l[A[1Gpulling manifest [K
pulling 2bada8a74506...  36% ▕█████           ▏ 1.7 GB/4.7 GB   17 MB/s   2m56s[K[?25h[?2026l[?2026h[?25l[A[1Gpulling manifest [K
pulling 2bada8a74506...  36% ▕█████           ▏ 1.7 GB/4.7 GB   17 MB/s   2m56s[K[?25h[?2026l[?2026h[?25l[A[1Gpulling manifest [K
pulling 2bada8a74506...  36% ▕█████           ▏ 1.7 GB/4.7 GB   17 MB/s   2m56s[K[?25h[?2026l[?2026h[?25l[A[1Gpulling manifest [K
pulling 2bada8a74506...  36% ▕█████           ▏ 1.7 GB/4.7 GB   17 MB/s   2m56s[K[?25h[?2026l[?2026h[?25l[A[1Gpulling manifest [K
pulling 2bada8a74506...  36% ▕█████           ▏ 1.7 GB/4.7 GB   17 MB/s   2m56s[K[?25h[?2026l[?2026h[?25l[A[1Gpulling manifest [K
pulling 2bada8a74506...  36% ▕█████           ▏ 1.7 GB/4.7 GB   17 MB/s   2m56s[K[?25h[?2026l[?2026h[?25l[A[1Gpulling manifest [K
pulling 2bada8a74506...  36% ▕█████           ▏ 1.7 GB/4.7 GB   17 MB/s   2m56s[K[?25h[?2026l[?2026h[?25l[A[1Gpulling manifest [K
pulling 2bada8a74506...  36% ▕█████           ▏ 1.7 GB/4.7 GB   17 MB/s   2m56s[K[?25h[?2026l[?2026h[?25l[A[1Gpulling manifest [K
pulling 2bada8a74506...  36% ▕█████           ▏ 1.7 GB/4.7 GB   17 MB/s   2m56s[K[?25h[?2026l[?2026h[?25l[A[1Gpulling manifest [K
pulling 2bada8a74506...  36% ▕█████           ▏ 1.7 GB/4.7 GB   17 MB/s   2m56s[K[?25h[?2026l[?2026h[?25l[A[1Gpulling manifest [K
pulling 2bada8a74506...  36% ▕█████           ▏ 1.7 GB/4.7 GB   17 MB/s   2m56s[K[?25h[?2026l[?2026h[?25l[A[1Gpulling manifest [K
pulling 2bada8a74506...  36% ▕█████           ▏ 1.7 GB/4.7 GB   17 MB/s   2m56s[K[?25h[?2026l[?2026h[?25l[A[1Gpulling manifest [K
pulling 2bada8a74506...  36% ▕█████           ▏ 1.7 GB/4.7 GB   17 MB/s   2m55s[K[?25h[?2026l[?2026h[?25l[A[1Gpulling manifest [K
pulling 2bada8a74506...  36% ▕█████           ▏ 1.7 GB/4.7 GB   17 MB/s   2m55s[K[?25h[?2026l[?2026h[?25l[A[1Gpulling manifest [K
pulling 2bada8a74506...  36% ▕█████           ▏ 1.7 GB/4.7 GB   17 MB/s   2m55s[K[?25h[?2026l[?2026h[?25l[A[1Gpulling manifest [K
pulling 2bada8a74506...  36% ▕█████           ▏ 1.7 GB/4.7 GB   17 MB/s   2m55s[K[?25h[?2026l[?2026h[?25l[A[1Gpulling manifest [K
pulling 2bada8a74506...  36% ▕█████           ▏ 1.7 GB/4.7 GB   17 MB/s   2m55s[K[?25h[?2026l[?2026h[?25l[A[1Gpulling manifest [K
pulling 2bada8a74506...  36% ▕█████           ▏ 1.7 GB/4.7 GB   16 MB/s   2m56s[K[?25h[?2026l[?2026h[?25l[A[1Gpulling manifest [K
pulling 2bada8a74506...  36% ▕█████           ▏ 1.7 GB/4.7 GB   16 MB/s   2m56s[K[?25h[?2026l[?2026h[?25l[A[1Gpulling manifest [K
pulling 2bada8a74506...  36% ▕█████           ▏ 1.7 GB/4.7 GB   16 MB/s   2m56s[K[?25h[?2026l[?2026h[?25l[A[1Gpulling manifest [K
pulling 2bada8a74506...  36% ▕█████           ▏ 1.7 GB/4.7 GB   16 MB/s   2m56s[K[?25h[?2026l[?2026h[?25l[A[1Gpulling manifest [K
pulling 2bada8a74506...  36% ▕█████           ▏ 1.7 GB/4.7 GB   16 MB/s   2m56s[K[?25h[?2026l[?2026h[?25l[A[1Gpulling manifest [K
pulling 2bada8a74506...  36% ▕█████           ▏ 1.7 GB/4.7 GB   16 MB/s   2m56s[K[?25h[?2026l[?2026h[?25l[A[1Gpulling manifest [K
pulling 2bada8a74506...  37% ▕█████           ▏ 1.7 GB/4.7 GB   16 MB/s   2m56s[K[?25h[?2026l[?2026h[?25l[A[1Gpulling manifest [K
pulling 2bada8a74506...  37% ▕█████           ▏ 1.7 GB/4.7 GB   16 MB/s   2m56s[K[?25h[?2026l[?2026h[?25l[A[1Gpulling manifest [K
pulling 2bada8a74506...  37% ▕█████           ▏ 1.7 GB/4.7 GB   16 MB/s   2m56s[K[?25h[?2026l[?2026h[?25l[A[1Gpulling manifest [K
pulling 2bada8a74506...  37% ▕█████           ▏ 1.7 GB/4.7 GB   16 MB/s   2m55s[K[?25h[?2026l[?2026h[?25l[A[1Gpulling manifest [K
pulling 2bada8a74506...  37% ▕█████           ▏ 1.7 GB/4.7 GB   16 MB/s   2m54s[K[?25h[?2026l[?2026h[?25l[A[1Gpulling manifest [K
pulling 2bada8a74506...  37% ▕█████           ▏ 1.7 GB/4.7 GB   16 MB/s   2m54s[K[?25h[?2026l[?2026h[?25l[A[1Gpulling manifest [K
pulling 2bada8a74506...  37% ▕█████           ▏ 1.7 GB/4.7 GB   16 MB/s   2m54s[K[?25h[?2026l[?2026h[?25l[A[1Gpulling manifest [K
pulling 2bada8a74506...  37% ▕█████           ▏ 1.7 GB/4.7 GB   16 MB/s   2m54s[K[?25h[?2026l[?2026h[?25l[A[1Gpulling manifest [K
pulling 2bada8a74506...  37% ▕█████           ▏ 1.7 GB/4.7 GB   16 MB/s   2m54s[K[?25h[?2026l[?2026h[?25l[A[1Gpulling manifest [K
pulling 2bada8a74506...  37% ▕█████           ▏ 1.7 GB/4.7 GB   16 MB/s   2m54s[K[?25h[?2026l[?2026h[?25l[A[1Gpulling manifest [K
pulling 2bada8a74506...  37% ▕█████           ▏ 1.7 GB/4.7 GB   16 MB/s   2m54s[K[?25h[?2026l[?2026h[?25l[A[1Gpulling manifest [K
pulling 2bada8a74506...  37% ▕█████           ▏ 1.7 GB/4.7 GB   16 MB/s   2m54s[K[?25h[?2026l[?2026h[?25l[A[1Gpulling manifest [K
pulling 2bada8a74506...  37% ▕█████           ▏ 1.7 GB/4.7 GB   16 MB/s   2m53s[K[?25h[?2026l[?2026h[?25l[A[1Gpulling manifest [K
pulling 2bada8a74506...  37% ▕█████           ▏ 1.7 GB/4.7 GB   16 MB/s   2m53s[K[?25h[?2026l[?2026h[?25l[A[1Gpulling manifest [K
pulling 2bada8a74506...  37% ▕█████           ▏ 1.7 GB/4.7 GB   16 MB/s   2m53s[K[?25h[?2026l[?2026h[?25l[A[1Gpulling manifest [K
pulling 2bada8a74506...  37% ▕█████           ▏ 1.7 GB/4.7 GB   17 MB/s   2m50s[K[?25h[?2026l[?2026h[?25l[A[1Gpulling manifest [K
pulling 2bada8a74506...  37% ▕█████           ▏ 1.7 GB/4.7 GB   17 MB/s   2m50s[K[?25h[?2026l[?2026h[?25l[A[1Gpulling manifest [K
pulling 2bada8a74506...  37% ▕█████           ▏ 1.7 GB/4.7 GB   17 MB/s   2m50s[K[?25h[?2026l[?2026h[?25l[A[1Gpulling manifest [K
pulling 2bada8a74506...  37% ▕█████           ▏ 1.7 GB/4.7 GB   17 MB/s   2m50s[K[?25h[?2026l[?2026h[?25l[A[1Gpulling manifest [K
pulling 2bada8a74506...  37% ▕█████           ▏ 1.7 GB/4.7 GB   17 MB/s   2m50s[K[?25h[?2026l[?2026h[?25l[A[1Gpulling manifest [K
pulling 2bada8a74506...  37% ▕█████           ▏ 1.7 GB/4.7 GB   17 MB/s   2m50s[K[?25h[?2026l[?2026h[?25l[A[1Gpulling manifest [K
pulling 2bada8a74506...  37% ▕█████           ▏ 1.7 GB/4.7 GB   17 MB/s   2m50s[K[?25h[?2026l[?2026h[?25l[A[1Gpulling manifest [K
pulling 2bada8a74506...  37% ▕█████           ▏ 1.7 GB/4.7 GB   17 MB/s   2m50s[K[?25h[?2026l[?2026h[?25l[A[1Gpulling manifest [K
pulling 2bada8a74506...  37% ▕█████           ▏ 1.7 GB/4.7 GB   17 MB/s   2m50s[K[?25h[?2026l[?2026h[?25l[A[1Gpulling manifest [K
pulling 2bada8a74506...  37% ▕█████           ▏ 1.8 GB/4.7 GB   17 MB/s   2m49s[K[?25h[?2026l[?2026h[?25l[A[1Gpulling manifest [K
pulling 2bada8a74506...  37% ▕█████           ▏ 1.8 GB/4.7 GB   17 MB/s   2m49s[K[?25h[?2026l[?2026h[?25l[A[1Gpulling manifest [K
pulling 2bada8a74506...  37% ▕█████           ▏ 1.8 GB/4.7 GB   17 MB/s   2m49s[K[?25h[?2026l[?2026h[?25l[A[1Gpulling manifest [K
pulling 2bada8a74506...  38% ▕██████          ▏ 1.8 GB/4.7 GB   17 MB/s   2m49s[K[?25h[?2026l[?2026h[?25l[A[1Gpulling manifest [K
pulling 2bada8a74506...  38% ▕██████          ▏ 1.8 GB/4.7 GB   17 MB/s   2m49s[K[?25h[?2026l[?2026h[?25l[A[1Gpulling manifest [K
pulling 2bada8a74506...  38% ▕██████          ▏ 1.8 GB/4.7 GB   17 MB/s   2m49s[K[?25h[?2026l[?2026h[?25l[A[1Gpulling manifest [K
pulling 2bada8a74506...  38% ▕██████          ▏ 1.8 GB/4.7 GB   17 MB/s   2m49s[K[?25h[?2026l[?2026h[?25l[A[1Gpulling manifest [K
pulling 2bada8a74506...  38% ▕██████          ▏ 1.8 GB/4.7 GB   17 MB/s   2m49s[K[?25h[?2026l[?2026h[?25l[A[1Gpulling manifest [K
pulling 2bada8a74506...  38% ▕██████          ▏ 1.8 GB/4.7 GB   17 MB/s   2m49s[K[?25h[?2026l[?2026h[?25l[A[1Gpulling manifest [K
pulling 2bada8a74506...  38% ▕██████          ▏ 1.8 GB/4.7 GB   17 MB/s   2m48s[K[?25h[?2026l[?2026h[?25l[A[1Gpulling manifest [K
pulling 2bada8a74506...  38% ▕██████          ▏ 1.8 GB/4.7 GB   17 MB/s   2m48s[K[?25h[?2026l[?2026h[?25l[A[1Gpulling manifest [K
pulling 2bada8a74506...  38% ▕██████          ▏ 1.8 GB/4.7 GB   17 MB/s   2m45s[K[?25h[?2026l[?2026h[?25l[A[1Gpulling manifest [K
pulling 2bada8a74506...  38% ▕██████          ▏ 1.8 GB/4.7 GB   17 MB/s   2m45s[K[?25h[?2026l[?2026h[?25l[A[1Gpulling manifest [K
pulling 2bada8a74506...  38% ▕██████          ▏ 1.8 GB/4.7 GB   17 MB/s   2m45s[K[?25h[?2026l[?2026h[?25l[A[1Gpulling manifest [K
pulling 2bada8a74506...  38% ▕██████          ▏ 1.8 GB/4.7 GB   17 MB/s   2m45s[K[?25h[?2026l[?2026h[?25l[A[1Gpulling manifest [K
pulling 2bada8a74506...  38% ▕██████          ▏ 1.8 GB/4.7 GB   17 MB/s   2m45s[K[?25h[?2026l[?2026h[?25l[A[1Gpulling manifest [K
pulling 2bada8a74506...  38% ▕██████          ▏ 1.8 GB/4.7 GB   17 MB/s   2m45s[K[?25h[?2026l[?2026h[?25l[A[1Gpulling manifest [K
pulling 2bada8a74506...  38% ▕██████          ▏ 1.8 GB/4.7 GB   17 MB/s   2m44s[K[?25h[?2026l[?2026h[?25l[A[1Gpulling manifest [K
pulling 2bada8a74506...  38% ▕██████          ▏ 1.8 GB/4.7 GB   17 MB/s   2m44s[K[?25h[?2026l[?2026h[?25l[A[1Gpulling manifest [K
pulling 2bada8a74506...  38% ▕██████          ▏ 1.8 GB/4.7 GB   17 MB/s   2m44s[K[?25h[?2026l[?2026h[?25l[A[1Gpulling manifest [K
pulling 2bada8a74506...  38% ▕██████          ▏ 1.8 GB/4.7 GB   17 MB/s   2m44s[K[?25h[?2026l[?2026h[?25l[A[1Gpulling manifest [K
pulling 2bada8a74506...  38% ▕██████          ▏ 1.8 GB/4.7 GB   17 MB/s   2m44s[K[?25h[?2026l[?2026h[?25l[A[1Gpulling manifest [K
pulling 2bada8a74506...  38% ▕██████          ▏ 1.8 GB/4.7 GB   17 MB/s   2m44s[K[?25h[?2026l[?2026h[?25l[A[1Gpulling manifest [K
pulling 2bada8a74506...  38% ▕██████          ▏ 1.8 GB/4.7 GB   17 MB/s   2m44s[K[?25h[?2026l[?2026h[?25l[A[1Gpulling manifest [K
pulling 2bada8a74506...  38% ▕██████          ▏ 1.8 GB/4.7 GB   17 MB/s   2m44s[K[?25h[?2026l[?2026h[?25l[A[1Gpulling manifest [K
pulling 2bada8a74506...  38% ▕██████          ▏ 1.8 GB/4.7 GB   17 MB/s   2m44s[K[?25h[?2026l[?2026h[?25l[A[1Gpulling manifest [K
pulling 2bada8a74506...  38% ▕██████          ▏ 1.8 GB/4.7 GB   17 MB/s   2m44s[K[?25h[?2026l[?2026h[?25l[A[1Gpulling manifest [K
pulling 2bada8a74506...  38% ▕██████          ▏ 1.8 GB/4.7 GB   17 MB/s   2m43s[K[?25h[?2026l[?2026h[?25l[A[1Gpulling manifest [K
pulling 2bada8a74506...  38% ▕██████          ▏ 1.8 GB/4.7 GB   17 MB/s   2m43s[K[?25h[?2026l[?2026h[?25l[A[1Gpulling manifest [K
pulling 2bada8a74506...  39% ▕██████          ▏ 1.8 GB/4.7 GB   17 MB/s   2m43s[K[?25h[?2026l[?2026h[?25l[A[1Gpulling manifest [K
pulling 2bada8a74506...  39% ▕██████          ▏ 1.8 GB/4.7 GB   17 MB/s   2m43s[K[?25h[?2026l[?2026h[?25l[A[1Gpulling manifest [K
pulling 2bada8a74506...  39% ▕██████          ▏ 1.8 GB/4.7 GB   17 MB/s   2m42s[K[?25h[?2026l[?2026h[?25l[A[1Gpulling manifest [K
pulling 2bada8a74506...  39% ▕██████          ▏ 1.8 GB/4.7 GB   17 MB/s   2m42s[K[?25h[?2026l[?2026h[?25l[A[1Gpulling manifest [K
pulling 2bada8a74506...  39% ▕██████          ▏ 1.8 GB/4.7 GB   17 MB/s   2m42s[K[?25h[?2026l[?2026h[?25l[A[1Gpulling manifest [K
pulling 2bada8a74506...  39% ▕██████          ▏ 1.8 GB/4.7 GB   17 MB/s   2m41s[K[?25h[?2026l[?2026h[?25l[A[1Gpulling manifest [K
pulling 2bada8a74506...  39% ▕██████          ▏ 1.8 GB/4.7 GB   17 MB/s   2m41s[K[?25h[?2026l[?2026h[?25l[A[1Gpulling manifest [K
pulling 2bada8a74506...  39% ▕██████          ▏ 1.8 GB/4.7 GB   17 MB/s   2m41s[K[?25h[?2026l[?2026h[?25l[A[1Gpulling manifest [K
pulling 2bada8a74506...  39% ▕██████          ▏ 1.8 GB/4.7 GB   17 MB/s   2m41s[K[?25h[?2026l[?2026h[?25l[A[1Gpulling manifest [K
pulling 2bada8a74506...  39% ▕██████          ▏ 1.8 GB/4.7 GB   17 MB/s   2m41s[K[?25h[?2026l[?2026h[?25l[A[1Gpulling manifest [K
pulling 2bada8a74506...  39% ▕██████          ▏ 1.8 GB/4.7 GB   17 MB/s   2m41s[K[?25h[?2026l[?2026h[?25l[A[1Gpulling manifest [K
pulling 2bada8a74506...  39% ▕██████          ▏ 1.8 GB/4.7 GB   17 MB/s   2m41s[K[?25h[?2026l[?2026h[?25l[A[1Gpulling manifest [K
pulling 2bada8a74506...  39% ▕██████          ▏ 1.8 GB/4.7 GB   17 MB/s   2m41s[K[?25h[?2026l[?2026h[?25l[A[1Gpulling manifest [K
pulling 2bada8a74506...  39% ▕██████          ▏ 1.8 GB/4.7 GB   17 MB/s   2m39s[K[?25h[?2026l[?2026h[?25l[A[1Gpulling manifest [K
pulling 2bada8a74506...  39% ▕██████          ▏ 1.8 GB/4.7 GB   17 MB/s   2m39s[K[?25h[?2026l[?2026h[?25l[A[1Gpulling manifest [K
pulling 2bada8a74506...  39% ▕██████          ▏ 1.8 GB/4.7 GB   17 MB/s   2m38s[K[?25h[?2026l[?2026h[?25l[A[1Gpulling manifest [K
pulling 2bada8a74506...  39% ▕██████          ▏ 1.8 GB/4.7 GB   17 MB/s   2m38s[K[?25h[?2026l[?2026h[?25l[A[1Gpulling manifest [K
pulling 2bada8a74506...  39% ▕██████          ▏ 1.8 GB/4.7 GB   17 MB/s   2m38s[K[?25h[?2026l[?2026h[?25l[A[1Gpulling manifest [K
pulling 2bada8a74506...  39% ▕██████          ▏ 1.8 GB/4.7 GB   17 MB/s   2m38s[K[?25h[?2026l[?2026h[?25l[A[1Gpulling manifest [K
pulling 2bada8a74506...  39% ▕██████          ▏ 1.8 GB/4.7 GB   17 MB/s   2m38s[K[?25h[?2026l[?2026h[?25l[A[1Gpulling manifest [K
pulling 2bada8a74506...  39% ▕██████          ▏ 1.8 GB/4.7 GB   17 MB/s   2m38s[K[?25h[?2026l[?2026h[?25l[A[1Gpulling manifest [K
pulling 2bada8a74506...  39% ▕██████          ▏ 1.8 GB/4.7 GB   17 MB/s   2m38s[K[?25h[?2026l[?2026h[?25l[A[1Gpulling manifest [K
pulling 2bada8a74506...  39% ▕██████          ▏ 1.8 GB/4.7 GB   17 MB/s   2m38s[K[?25h[?2026l[?2026h[?25l[A[1Gpulling manifest [K
pulling 2bada8a74506...  39% ▕██████          ▏ 1.8 GB/4.7 GB   17 MB/s   2m37s[K[?25h[?2026l[?2026h[?25l[A[1Gpulling manifest [K
pulling 2bada8a74506...  39% ▕██████          ▏ 1.8 GB/4.7 GB   17 MB/s   2m37s[K[?25h[?2026l[?2026h[?25l[A[1Gpulling manifest [K
pulling 2bada8a74506...  39% ▕██████          ▏ 1.8 GB/4.7 GB   17 MB/s   2m37s[K[?25h[?2026l[?2026h[?25l[A[1Gpulling manifest [K
pulling 2bada8a74506...  39% ▕██████          ▏ 1.8 GB/4.7 GB   17 MB/s   2m37s[K[?25h[?2026l[?2026h[?25l[A[1Gpulling manifest [K
pulling 2bada8a74506...  39% ▕██████          ▏ 1.8 GB/4.7 GB   17 MB/s   2m37s[K[?25h[?2026l[?2026h[?25l[A[1Gpulling manifest [K
pulling 2bada8a74506...  40% ▕██████          ▏ 1.9 GB/4.7 GB   17 MB/s   2m37s[K[?25h[?2026l[?2026h[?25l[A[1Gpulling manifest [K
pulling 2bada8a74506...  40% ▕██████          ▏ 1.9 GB/4.7 GB   17 MB/s   2m37s[K[?25h[?2026l[?2026h[?25l[A[1Gpulling manifest [K
pulling 2bada8a74506...  40% ▕██████          ▏ 1.9 GB/4.7 GB   17 MB/s   2m37s[K[?25h[?2026l[?2026h[?25l[A[1Gpulling manifest [K
pulling 2bada8a74506...  40% ▕██████          ▏ 1.9 GB/4.7 GB   17 MB/s   2m37s[K[?25h[?2026l[?2026h[?25l[A[1Gpulling manifest [K
pulling 2bada8a74506...  40% ▕██████          ▏ 1.9 GB/4.7 GB   17 MB/s   2m36s[K[?25h[?2026l[?2026h[?25l[A[1Gpulling manifest [K
pulling 2bada8a74506...  40% ▕██████          ▏ 1.9 GB/4.7 GB   18 MB/s   2m36s[K[?25h[?2026l[?2026h[?25l[A[1Gpulling manifest [K
pulling 2bada8a74506...  40% ▕██████          ▏ 1.9 GB/4.7 GB   18 MB/s   2m36s[K[?25h[?2026l[?2026h[?25l[A[1Gpulling manifest [K
pulling 2bada8a74506...  40% ▕██████          ▏ 1.9 GB/4.7 GB   18 MB/s   2m36s[K[?25h[?2026l[?2026h[?25l[A[1Gpulling manifest [K
pulling 2bada8a74506...  40% ▕██████          ▏ 1.9 GB/4.7 GB   18 MB/s   2m36s[K[?25h[?2026l[?2026h[?25l[A[1Gpulling manifest [K
pulling 2bada8a74506...  40% ▕██████          ▏ 1.9 GB/4.7 GB   18 MB/s   2m36s[K[?25h[?2026l[?2026h[?25l[A[1Gpulling manifest [K
pulling 2bada8a74506...  40% ▕██████          ▏ 1.9 GB/4.7 GB   18 MB/s   2m36s[K[?25h[?2026l[?2026h[?25l[A[1Gpulling manifest [K
pulling 2bada8a74506...  40% ▕██████          ▏ 1.9 GB/4.7 GB   18 MB/s   2m36s[K[?25h[?2026l[?2026h[?25l[A[1Gpulling manifest [K
pulling 2bada8a74506...  40% ▕██████          ▏ 1.9 GB/4.7 GB   18 MB/s   2m35s[K[?25h[?2026l[?2026h[?25l[A[1Gpulling manifest [K
pulling 2bada8a74506...  40% ▕██████          ▏ 1.9 GB/4.7 GB   18 MB/s   2m35s[K[?25h[?2026l[?2026h[?25l[A[1Gpulling manifest [K
pulling 2bada8a74506...  40% ▕██████          ▏ 1.9 GB/4.7 GB   18 MB/s   2m35s[K[?25h[?2026l[?2026h[?25l[A[1Gpulling manifest [K
pulling 2bada8a74506...  40% ▕██████          ▏ 1.9 GB/4.7 GB   17 MB/s   2m37s[K[?25h[?2026l[?2026h[?25l[A[1Gpulling manifest [K
pulling 2bada8a74506...  40% ▕██████          ▏ 1.9 GB/4.7 GB   17 MB/s   2m37s[K[?25h[?2026l[?2026h[?25l[A[1Gpulling manifest [K
pulling 2bada8a74506...  40% ▕██████          ▏ 1.9 GB/4.7 GB   17 MB/s   2m37s[K[?25h[?2026l[?2026h[?25l[A[1Gpulling manifest [K
pulling 2bada8a74506...  40% ▕██████          ▏ 1.9 GB/4.7 GB   17 MB/s   2m37s[K[?25h[?2026l[?2026h[?25l[A[1Gpulling manifest [K
pulling 2bada8a74506...  40% ▕██████          ▏ 1.9 GB/4.7 GB   17 MB/s   2m36s[K[?25h[?2026l[?2026h[?25l[A[1Gpulling manifest [K
pulling 2bada8a74506...  40% ▕██████          ▏ 1.9 GB/4.7 GB   17 MB/s   2m36s[K[?25h[?2026l[?2026h[?25l[A[1Gpulling manifest [K
pulling 2bada8a74506...  40% ▕██████          ▏ 1.9 GB/4.7 GB   17 MB/s   2m36s[K[?25h[?2026l[?2026h[?25l[A[1Gpulling manifest [K
pulling 2bada8a74506...  40% ▕██████          ▏ 1.9 GB/4.7 GB   17 MB/s   2m36s[K[?25h[?2026l[?2026h[?25l[A[1Gpulling manifest [K
pulling 2bada8a74506...  40% ▕██████          ▏ 1.9 GB/4.7 GB   17 MB/s   2m36s[K[?25h[?2026l[?2026h[?25l[A[1Gpulling manifest [K
pulling 2bada8a74506...  40% ▕██████          ▏ 1.9 GB/4.7 GB   17 MB/s   2m36s[K[?25h[?2026l[?2026h[?25l[A[1Gpulling manifest [K
pulling 2bada8a74506...  40% ▕██████          ▏ 1.9 GB/4.7 GB   17 MB/s   2m36s[K[?25h[?2026l[?2026h[?25l[A[1Gpulling manifest [K
pulling 2bada8a74506...  40% ▕██████          ▏ 1.9 GB/4.7 GB   17 MB/s   2m36s[K[?25h[?2026l[?2026h[?25l[A[1Gpulling manifest [K
pulling 2bada8a74506...  41% ▕██████          ▏ 1.9 GB/4.7 GB   17 MB/s   2m36s[K[?25h[?2026l[?2026h[?25l[A[1Gpulling manifest [K
pulling 2bada8a74506...  41% ▕██████          ▏ 1.9 GB/4.7 GB   17 MB/s   2m36s[K[?25h[?2026l[?2026h[?25l[A[1Gpulling manifest [K
pulling 2bada8a74506...  41% ▕██████          ▏ 1.9 GB/4.7 GB   17 MB/s   2m36s[K[?25h[?2026l[?2026h[?25l[A[1Gpulling manifest [K
pulling 2bada8a74506...  41% ▕██████          ▏ 1.9 GB/4.7 GB   17 MB/s   2m36s[K[?25h[?2026l[?2026h[?25l[A[1Gpulling manifest [K
pulling 2bada8a74506...  41% ▕██████          ▏ 1.9 GB/4.7 GB   17 MB/s   2m36s[K[?25h[?2026l[?2026h[?25l[A[1Gpulling manifest [K
pulling 2bada8a74506...  41% ▕██████          ▏ 1.9 GB/4.7 GB   17 MB/s   2m36s[K[?25h[?2026l[?2026h[?25l[A[1Gpulling manifest [K
pulling 2bada8a74506...  41% ▕██████          ▏ 1.9 GB/4.7 GB   17 MB/s   2m36s[K[?25h[?2026l[?2026h[?25l[A[1Gpulling manifest [K
pulling 2bada8a74506...  41% ▕██████          ▏ 1.9 GB/4.7 GB   17 MB/s   2m35s[K[?25h[?2026l[?2026h[?25l[A[1Gpulling manifest [K
pulling 2bada8a74506...  41% ▕██████          ▏ 1.9 GB/4.7 GB   17 MB/s   2m35s[K[?25h[?2026l[?2026h[?25l[A[1Gpulling manifest [K
pulling 2bada8a74506...  41% ▕██████          ▏ 1.9 GB/4.7 GB   17 MB/s   2m34s[K[?25h[?2026l[?2026h[?25l[A[1Gpulling manifest [K
pulling 2bada8a74506...  41% ▕██████          ▏ 1.9 GB/4.7 GB   17 MB/s   2m34s[K[?25h[?2026l[?2026h[?25l[A[1Gpulling manifest [K
pulling 2bada8a74506...  41% ▕██████          ▏ 1.9 GB/4.7 GB   17 MB/s   2m34s[K[?25h[?2026l[?2026h[?25l[A[1Gpulling manifest [K
pulling 2bada8a74506...  41% ▕██████          ▏ 1.9 GB/4.7 GB   17 MB/s   2m34s[K[?25h[?2026l[?2026h[?25l[A[1Gpulling manifest [K
pulling 2bada8a74506...  41% ▕██████          ▏ 1.9 GB/4.7 GB   17 MB/s   2m34s[K[?25h[?2026l[?2026h[?25l[A[1Gpulling manifest [K
pulling 2bada8a74506...  41% ▕██████          ▏ 1.9 GB/4.7 GB   17 MB/s   2m33s[K[?25h[?2026l[?2026h[?25l[A[1Gpulling manifest [K
pulling 2bada8a74506...  41% ▕██████          ▏ 1.9 GB/4.7 GB   17 MB/s   2m33s[K[?25h[?2026l[?2026h[?25l[A[1Gpulling manifest [K
pulling 2bada8a74506...  41% ▕██████          ▏ 1.9 GB/4.7 GB   17 MB/s   2m33s[K[?25h[?2026l[?2026h[?25l[A[1Gpulling manifest [K
pulling 2bada8a74506...  41% ▕██████          ▏ 1.9 GB/4.7 GB   17 MB/s   2m33s[K[?25h[?2026l[?2026h[?25l[A[1Gpulling manifest [K
pulling 2bada8a74506...  41% ▕██████          ▏ 1.9 GB/4.7 GB   17 MB/s   2m33s[K[?25h[?2026l[?2026h[?25l[A[1Gpulling manifest [K
pulling 2bada8a74506...  41% ▕██████          ▏ 1.9 GB/4.7 GB   17 MB/s   2m35s[K[?25h[?2026l[?2026h[?25l[A[1Gpulling manifest [K
pulling 2bada8a74506...  41% ▕██████          ▏ 1.9 GB/4.7 GB   17 MB/s   2m35s[K[?25h[?2026l[?2026h[?25l[A[1Gpulling manifest [K
pulling 2bada8a74506...  41% ▕██████          ▏ 1.9 GB/4.7 GB   17 MB/s   2m35s[K[?25h[?2026l[?2026h[?25l[A[1Gpulling manifest [K
pulling 2bada8a74506...  41% ▕██████          ▏ 1.9 GB/4.7 GB   17 MB/s   2m34s[K[?25h[?2026l[?2026h[?25l[A[1Gpulling manifest [K
pulling 2bada8a74506...  41% ▕██████          ▏ 1.9 GB/4.7 GB   17 MB/s   2m34s[K[?25h[?2026l[?2026h[?25l[A[1Gpulling manifest [K
pulling 2bada8a74506...  41% ▕██████          ▏ 1.9 GB/4.7 GB   17 MB/s   2m34s[K[?25h[?2026l[?2026h[?25l[A[1Gpulling manifest [K
pulling 2bada8a74506...  41% ▕██████          ▏ 1.9 GB/4.7 GB   17 MB/s   2m34s[K[?25h[?2026l[?2026h[?25l[A[1Gpulling manifest [K
pulling 2bada8a74506...  41% ▕██████          ▏ 1.9 GB/4.7 GB   17 MB/s   2m34s[K[?25h[?2026l[?2026h[?25l[A[1Gpulling manifest [K
pulling 2bada8a74506...  42% ▕██████          ▏ 1.9 GB/4.7 GB   17 MB/s   2m34s[K[?25h[?2026l[?2026h[?25l[A[1Gpulling manifest [K
pulling 2bada8a74506...  42% ▕██████          ▏ 1.9 GB/4.7 GB   17 MB/s   2m34s[K[?25h[?2026l[?2026h[?25l[A[1Gpulling manifest [K
pulling 2bada8a74506...  42% ▕██████          ▏ 1.9 GB/4.7 GB   17 MB/s   2m34s[K[?25h[?2026l[?2026h[?25l[A[1Gpulling manifest [K
pulling 2bada8a74506...  42% ▕██████          ▏ 2.0 GB/4.7 GB   17 MB/s   2m34s[K[?25h[?2026l[?2026h[?25l[A[1Gpulling manifest [K
pulling 2bada8a74506...  42% ▕██████          ▏ 2.0 GB/4.7 GB   17 MB/s   2m34s[K[?25h[?2026l[?2026h[?25l[A[1Gpulling manifest [K
pulling 2bada8a74506...  42% ▕██████          ▏ 2.0 GB/4.7 GB   17 MB/s   2m34s[K[?25h[?2026l[?2026h[?25l[A[1Gpulling manifest [K
pulling 2bada8a74506...  42% ▕██████          ▏ 2.0 GB/4.7 GB   17 MB/s   2m34s[K[?25h[?2026l[?2026h[?25l[A[1Gpulling manifest [K
pulling 2bada8a74506...  42% ▕██████          ▏ 2.0 GB/4.7 GB   17 MB/s   2m33s[K[?25h[?2026l[?2026h[?25l[A[1Gpulling manifest [K
pulling 2bada8a74506...  42% ▕██████          ▏ 2.0 GB/4.7 GB   17 MB/s   2m33s[K[?25h[?2026l[?2026h[?25l[A[1Gpulling manifest [K
pulling 2bada8a74506...  42% ▕██████          ▏ 2.0 GB/4.7 GB   17 MB/s   2m33s[K[?25h[?2026l[?2026h[?25l[A[1Gpulling manifest [K
pulling 2bada8a74506...  42% ▕██████          ▏ 2.0 GB/4.7 GB   17 MB/s   2m33s[K[?25h[?2026l[?2026h[?25l[A[1Gpulling manifest [K
pulling 2bada8a74506...  42% ▕██████          ▏ 2.0 GB/4.7 GB   17 MB/s   2m33s[K[?25h[?2026l[?2026h[?25l[A[1Gpulling manifest [K
pulling 2bada8a74506...  42% ▕██████          ▏ 2.0 GB/4.7 GB   17 MB/s   2m34s[K[?25h[?2026l[?2026h[?25l[A[1Gpulling manifest [K
pulling 2bada8a74506...  42% ▕██████          ▏ 2.0 GB/4.7 GB   17 MB/s   2m34s[K[?25h[?2026l[?2026h[?25l[A[1Gpulling manifest [K
pulling 2bada8a74506...  42% ▕██████          ▏ 2.0 GB/4.7 GB   17 MB/s   2m34s[K[?25h[?2026l[?2026h[?25l[A[1Gpulling manifest [K
pulling 2bada8a74506...  42% ▕██████          ▏ 2.0 GB/4.7 GB   17 MB/s   2m34s[K[?25h[?2026l[?2026h[?25l[A[1Gpulling manifest [K
pulling 2bada8a74506...  42% ▕██████          ▏ 2.0 GB/4.7 GB   17 MB/s   2m34s[K[?25h[?2026l[?2026h[?25l[A[1Gpulling manifest [K
pulling 2bada8a74506...  42% ▕██████          ▏ 2.0 GB/4.7 GB   17 MB/s   2m34s[K[?25h[?2026l[?2026h[?25l[A[1Gpulling manifest [K
pulling 2bada8a74506...  42% ▕██████          ▏ 2.0 GB/4.7 GB   17 MB/s   2m34s[K[?25h[?2026l[?2026h[?25l[A[1Gpulling manifest [K
pulling 2bada8a74506...  42% ▕██████          ▏ 2.0 GB/4.7 GB   17 MB/s   2m33s[K[?25h[?2026l[?2026h[?25l[A[1Gpulling manifest [K
pulling 2bada8a74506...  42% ▕██████          ▏ 2.0 GB/4.7 GB   17 MB/s   2m33s[K[?25h[?2026l[?2026h[?25l[A[1Gpulling manifest [K
pulling 2bada8a74506...  42% ▕██████          ▏ 2.0 GB/4.7 GB   17 MB/s   2m33s[K[?25h[?2026l[?2026h[?25l[A[1Gpulling manifest [K
pulling 2bada8a74506...  42% ▕██████          ▏ 2.0 GB/4.7 GB   17 MB/s   2m34s[K[?25h[?2026l[?2026h[?25l[A[1Gpulling manifest [K
pulling 2bada8a74506...  42% ▕██████          ▏ 2.0 GB/4.7 GB   17 MB/s   2m34s[K[?25h[?2026l[?2026h[?25l[A[1Gpulling manifest [K
pulling 2bada8a74506...  42% ▕██████          ▏ 2.0 GB/4.7 GB   17 MB/s   2m34s[K[?25h[?2026l[?2026h[?25l[A[1Gpulling manifest [K
pulling 2bada8a74506...  42% ▕██████          ▏ 2.0 GB/4.7 GB   17 MB/s   2m34s[K[?25h[?2026l[?2026h[?25l[A[1Gpulling manifest [K
pulling 2bada8a74506...  42% ▕██████          ▏ 2.0 GB/4.7 GB   17 MB/s   2m34s[K[?25h[?2026l[?2026h[?25l[A[1Gpulling manifest [K
pulling 2bada8a74506...  43% ▕██████          ▏ 2.0 GB/4.7 GB   17 MB/s   2m34s[K[?25h[?2026l[?2026h[?25l[A[1Gpulling manifest [K
pulling 2bada8a74506...  43% ▕██████          ▏ 2.0 GB/4.7 GB   17 MB/s   2m34s[K[?25h[?2026l[?2026h[?25l[A[1Gpulling manifest [K
pulling 2bada8a74506...  43% ▕██████          ▏ 2.0 GB/4.7 GB   17 MB/s   2m34s[K[?25h[?2026l[?2026h[?25l[A[1Gpulling manifest [K
pulling 2bada8a74506...  43% ▕██████          ▏ 2.0 GB/4.7 GB   17 MB/s   2m34s[K[?25h[?2026l[?2026h[?25l[A[1Gpulling manifest [K
pulling 2bada8a74506...  43% ▕██████          ▏ 2.0 GB/4.7 GB   17 MB/s   2m34s[K[?25h[?2026l[?2026h[?25l[A[1Gpulling manifest [K
pulling 2bada8a74506...  43% ▕██████          ▏ 2.0 GB/4.7 GB   17 MB/s   2m33s[K[?25h[?2026l[?2026h[?25l[A[1Gpulling manifest [K
pulling 2bada8a74506...  43% ▕██████          ▏ 2.0 GB/4.7 GB   17 MB/s   2m34s[K[?25h[?2026l[?2026h[?25l[A[1Gpulling manifest [K
pulling 2bada8a74506...  43% ▕██████          ▏ 2.0 GB/4.7 GB   17 MB/s   2m33s[K[?25h[?2026l[?2026h[?25l[A[1Gpulling manifest [K
pulling 2bada8a74506...  43% ▕██████          ▏ 2.0 GB/4.7 GB   17 MB/s   2m33s[K[?25h[?2026l[?2026h[?25l[A[1Gpulling manifest [K
pulling 2bada8a74506...  43% ▕██████          ▏ 2.0 GB/4.7 GB   17 MB/s   2m33s[K[?25h[?2026l[?2026h[?25l[A[1Gpulling manifest [K
pulling 2bada8a74506...  43% ▕██████          ▏ 2.0 GB/4.7 GB   17 MB/s   2m33s[K[?25h[?2026l[?2026h[?25l[A[1Gpulling manifest [K
pulling 2bada8a74506...  43% ▕██████          ▏ 2.0 GB/4.7 GB   17 MB/s   2m33s[K[?25h[?2026l[?2026h[?25l[A[1Gpulling manifest [K
pulling 2bada8a74506...  43% ▕██████          ▏ 2.0 GB/4.7 GB   17 MB/s   2m33s[K[?25h[?2026l[?2026h[?25l[A[1Gpulling manifest [K
pulling 2bada8a74506...  43% ▕██████          ▏ 2.0 GB/4.7 GB   17 MB/s   2m33s[K[?25h[?2026l[?2026h[?25l[A[1Gpulling manifest [K
pulling 2bada8a74506...  43% ▕██████          ▏ 2.0 GB/4.7 GB   17 MB/s   2m33s[K[?25h[?2026l[?2026h[?25l[A[1Gpulling manifest [K
pulling 2bada8a74506...  43% ▕██████          ▏ 2.0 GB/4.7 GB   17 MB/s   2m33s[K[?25h[?2026l[?2026h[?25l[A[1Gpulling manifest [K
pulling 2bada8a74506...  43% ▕██████          ▏ 2.0 GB/4.7 GB   17 MB/s   2m33s[K[?25h[?2026l[?2026h[?25l[A[1Gpulling manifest [K
pulling 2bada8a74506...  43% ▕██████          ▏ 2.0 GB/4.7 GB   17 MB/s   2m33s[K[?25h[?2026l[?2026h[?25l[A[1Gpulling manifest [K
pulling 2bada8a74506...  43% ▕██████          ▏ 2.0 GB/4.7 GB   17 MB/s   2m33s[K[?25h[?2026l[?2026h[?25l[A[1Gpulling manifest [K
pulling 2bada8a74506...  43% ▕██████          ▏ 2.0 GB/4.7 GB   17 MB/s   2m33s[K[?25h[?2026l[?2026h[?25l[A[1Gpulling manifest [K
pulling 2bada8a74506...  43% ▕██████          ▏ 2.0 GB/4.7 GB   17 MB/s   2m33s[K[?25h[?2026l[?2026h[?25l[A[1Gpulling manifest [K
pulling 2bada8a74506...  43% ▕██████          ▏ 2.0 GB/4.7 GB   17 MB/s   2m33s[K[?25h[?2026l[?2026h[?25l[A[1Gpulling manifest [K
pulling 2bada8a74506...  43% ▕██████          ▏ 2.0 GB/4.7 GB   17 MB/s   2m33s[K[?25h[?2026l[?2026h[?25l[A[1Gpulling manifest [K
pulling 2bada8a74506...  43% ▕██████          ▏ 2.0 GB/4.7 GB   17 MB/s   2m32s[K[?25h[?2026l[?2026h[?25l[A[1Gpulling manifest [K
pulling 2bada8a74506...  43% ▕██████          ▏ 2.0 GB/4.7 GB   17 MB/s   2m32s[K[?25h[?2026l[?2026h[?25l[A[1Gpulling manifest [K
pulling 2bada8a74506...  43% ▕██████          ▏ 2.0 GB/4.7 GB   17 MB/s   2m32s[K[?25h[?2026l[?2026h[?25l[A[1Gpulling manifest [K
pulling 2bada8a74506...  43% ▕██████          ▏ 2.0 GB/4.7 GB   17 MB/s   2m32s[K[?25h[?2026l[?2026h[?25l[A[1Gpulling manifest [K
pulling 2bada8a74506...  43% ▕██████          ▏ 2.0 GB/4.7 GB   17 MB/s   2m32s[K[?25h[?2026l[?2026h[?25l[A[1Gpulling manifest [K
pulling 2bada8a74506...  44% ▕██████          ▏ 2.0 GB/4.7 GB   17 MB/s   2m32s[K[?25h[?2026l[?2026h[?25l[A[1Gpulling manifest [K
pulling 2bada8a74506...  44% ▕██████          ▏ 2.0 GB/4.7 GB   17 MB/s   2m32s[K[?25h[?2026l[?2026h[?25l[A[1Gpulling manifest [K
pulling 2bada8a74506...  44% ▕██████          ▏ 2.0 GB/4.7 GB   17 MB/s   2m32s[K[?25h[?2026l[?2026h[?25l[A[1Gpulling manifest [K
pulling 2bada8a74506...  44% ▕██████          ▏ 2.0 GB/4.7 GB   17 MB/s   2m31s[K[?25h[?2026l[?2026h[?25l[A[1Gpulling manifest [K
pulling 2bada8a74506...  44% ▕██████          ▏ 2.0 GB/4.7 GB   17 MB/s   2m31s[K[?25h[?2026l[?2026h[?25l[A[1Gpulling manifest [K
pulling 2bada8a74506...  44% ▕██████          ▏ 2.0 GB/4.7 GB   17 MB/s   2m31s[K[?25h[?2026l[?2026h[?25l[A[1Gpulling manifest [K
pulling 2bada8a74506...  44% ▕██████          ▏ 2.0 GB/4.7 GB   17 MB/s   2m31s[K[?25h[?2026l[?2026h[?25l[A[1Gpulling manifest [K
pulling 2bada8a74506...  44% ▕██████          ▏ 2.0 GB/4.7 GB   17 MB/s   2m31s[K[?25h[?2026l[?2026h[?25l[A[1Gpulling manifest [K
pulling 2bada8a74506...  44% ▕███████         ▏ 2.0 GB/4.7 GB   17 MB/s   2m32s[K[?25h[?2026l[?2026h[?25l[A[1Gpulling manifest [K
pulling 2bada8a74506...  44% ▕███████         ▏ 2.1 GB/4.7 GB   17 MB/s   2m32s[K[?25h[?2026l[?2026h[?25l[A[1Gpulling manifest [K
pulling 2bada8a74506...  44% ▕███████         ▏ 2.1 GB/4.7 GB   17 MB/s   2m32s[K[?25h[?2026l[?2026h[?25l[A[1Gpulling manifest [K
pulling 2bada8a74506...  44% ▕███████         ▏ 2.1 GB/4.7 GB   17 MB/s   2m32s[K[?25h[?2026l[?2026h[?25l[A[1Gpulling manifest [K
pulling 2bada8a74506...  44% ▕███████         ▏ 2.1 GB/4.7 GB   17 MB/s   2m32s[K[?25h[?2026l[?2026h[?25l[A[1Gpulling manifest [K
pulling 2bada8a74506...  44% ▕███████         ▏ 2.1 GB/4.7 GB   17 MB/s   2m32s[K[?25h[?2026l[?2026h[?25l[A[1Gpulling manifest [K
pulling 2bada8a74506...  44% ▕███████         ▏ 2.1 GB/4.7 GB   17 MB/s   2m32s[K[?25h[?2026l[?2026h[?25l[A[1Gpulling manifest [K
pulling 2bada8a74506...  44% ▕███████         ▏ 2.1 GB/4.7 GB   17 MB/s   2m32s[K[?25h[?2026l[?2026h[?25l[A[1Gpulling manifest [K
pulling 2bada8a74506...  44% ▕███████         ▏ 2.1 GB/4.7 GB   17 MB/s   2m32s[K[?25h[?2026l[?2026h[?25l[A[1Gpulling manifest [K
pulling 2bada8a74506...  44% ▕███████         ▏ 2.1 GB/4.7 GB   17 MB/s   2m31s[K[?25h[?2026l[?2026h[?25l[A[1Gpulling manifest [K
pulling 2bada8a74506...  44% ▕███████         ▏ 2.1 GB/4.7 GB   17 MB/s   2m32s[K[?25h[?2026l[?2026h[?25l[A[1Gpulling manifest [K
pulling 2bada8a74506...  44% ▕███████         ▏ 2.1 GB/4.7 GB   17 MB/s   2m32s[K[?25h[?2026l[?2026h[?25l[A[1Gpulling manifest [K
pulling 2bada8a74506...  44% ▕███████         ▏ 2.1 GB/4.7 GB   17 MB/s   2m32s[K[?25h[?2026l[?2026h[?25l[A[1Gpulling manifest [K
pulling 2bada8a74506...  44% ▕███████         ▏ 2.1 GB/4.7 GB   17 MB/s   2m32s[K[?25h[?2026l[?2026h[?25l[A[1Gpulling manifest [K
pulling 2bada8a74506...  44% ▕███████         ▏ 2.1 GB/4.7 GB   17 MB/s   2m32s[K[?25h[?2026l[?2026h[?25l[A[1Gpulling manifest [K
pulling 2bada8a74506...  44% ▕███████         ▏ 2.1 GB/4.7 GB   17 MB/s   2m32s[K[?25h[?2026l[?2026h[?25l[A[1Gpulling manifest [K
pulling 2bada8a74506...  44% ▕███████         ▏ 2.1 GB/4.7 GB   17 MB/s   2m32s[K[?25h[?2026l[?2026h[?25l[A[1Gpulling manifest [K
pulling 2bada8a74506...  44% ▕███████         ▏ 2.1 GB/4.7 GB   17 MB/s   2m32s[K[?25h[?2026l[?2026h[?25l[A[1Gpulling manifest [K
pulling 2bada8a74506...  44% ▕███████         ▏ 2.1 GB/4.7 GB   17 MB/s   2m32s[K[?25h[?2026l[?2026h[?25l[A[1Gpulling manifest [K
pulling 2bada8a74506...  44% ▕███████         ▏ 2.1 GB/4.7 GB   17 MB/s   2m31s[K[?25h[?2026l[?2026h[?25l[A[1Gpulling manifest [K
pulling 2bada8a74506...  45% ▕███████         ▏ 2.1 GB/4.7 GB   17 MB/s   2m31s[K[?25h[?2026l[?2026h[?25l[A[1Gpulling manifest [K
pulling 2bada8a74506...  45% ▕███████         ▏ 2.1 GB/4.7 GB   17 MB/s   2m31s[K[?25h[?2026l[?2026h[?25l[A[1Gpulling manifest [K
pulling 2bada8a74506...  45% ▕███████         ▏ 2.1 GB/4.7 GB   17 MB/s   2m31s[K[?25h[?2026l[?2026h[?25l[A[1Gpulling manifest [K
pulling 2bada8a74506...  45% ▕███████         ▏ 2.1 GB/4.7 GB   17 MB/s   2m30s[K[?25h[?2026l[?2026h[?25l[A[1Gpulling manifest [K
pulling 2bada8a74506...  45% ▕███████         ▏ 2.1 GB/4.7 GB   17 MB/s   2m30s[K[?25h[?2026l[?2026h[?25l[A[1Gpulling manifest [K
pulling 2bada8a74506...  45% ▕███████         ▏ 2.1 GB/4.7 GB   17 MB/s   2m30s[K[?25h[?2026l[?2026h[?25l[A[1Gpulling manifest [K
pulling 2bada8a74506...  45% ▕███████         ▏ 2.1 GB/4.7 GB   17 MB/s   2m30s[K[?25h[?2026l[?2026h[?25l[A[1Gpulling manifest [K
pulling 2bada8a74506...  45% ▕███████         ▏ 2.1 GB/4.7 GB   17 MB/s   2m30s[K[?25h[?2026l[?2026h[?25l[A[1Gpulling manifest [K
pulling 2bada8a74506...  45% ▕███████         ▏ 2.1 GB/4.7 GB   17 MB/s   2m30s[K[?25h[?2026l[?2026h[?25l[A[1Gpulling manifest [K
pulling 2bada8a74506...  45% ▕███████         ▏ 2.1 GB/4.7 GB   17 MB/s   2m30s[K[?25h[?2026l[?2026h[?25l[A[1Gpulling manifest [K
pulling 2bada8a74506...  45% ▕███████         ▏ 2.1 GB/4.7 GB   17 MB/s   2m30s[K[?25h[?2026l[?2026h[?25l[A[1Gpulling manifest [K
pulling 2bada8a74506...  45% ▕███████         ▏ 2.1 GB/4.7 GB   17 MB/s   2m29s[K[?25h[?2026l[?2026h[?25l[A[1Gpulling manifest [K
pulling 2bada8a74506...  45% ▕███████         ▏ 2.1 GB/4.7 GB   17 MB/s   2m29s[K[?25h[?2026l[?2026h[?25l[A[1Gpulling manifest [K
pulling 2bada8a74506...  45% ▕███████         ▏ 2.1 GB/4.7 GB   17 MB/s   2m29s[K[?25h[?2026l[?2026h[?25l[A[1Gpulling manifest [K
pulling 2bada8a74506...  45% ▕███████         ▏ 2.1 GB/4.7 GB   17 MB/s   2m29s[K[?25h[?2026l[?2026h[?25l[A[1Gpulling manifest [K
pulling 2bada8a74506...  45% ▕███████         ▏ 2.1 GB/4.7 GB   17 MB/s   2m29s[K[?25h[?2026l[?2026h[?25l[A[1Gpulling manifest [K
pulling 2bada8a74506...  45% ▕███████         ▏ 2.1 GB/4.7 GB   17 MB/s   2m29s[K[?25h[?2026l[?2026h[?25l[A[1Gpulling manifest [K
pulling 2bada8a74506...  45% ▕███████         ▏ 2.1 GB/4.7 GB   17 MB/s   2m29s[K[?25h[?2026l[?2026h[?25l[A[1Gpulling manifest [K
pulling 2bada8a74506...  45% ▕███████         ▏ 2.1 GB/4.7 GB   17 MB/s   2m29s[K[?25h[?2026l[?2026h[?25l[A[1Gpulling manifest [K
pulling 2bada8a74506...  45% ▕███████         ▏ 2.1 GB/4.7 GB   17 MB/s   2m29s[K[?25h[?2026l[?2026h[?25l[A[1Gpulling manifest [K
pulling 2bada8a74506...  45% ▕███████         ▏ 2.1 GB/4.7 GB   17 MB/s   2m28s[K[?25h[?2026l[?2026h[?25l[A[1Gpulling manifest [K
pulling 2bada8a74506...  45% ▕███████         ▏ 2.1 GB/4.7 GB   17 MB/s   2m28s[K[?25h[?2026l[?2026h[?25l[A[1Gpulling manifest [K
pulling 2bada8a74506...  45% ▕███████         ▏ 2.1 GB/4.7 GB   17 MB/s   2m28s[K[?25h[?2026l[?2026h[?25l[A[1Gpulling manifest [K
pulling 2bada8a74506...  45% ▕███████         ▏ 2.1 GB/4.7 GB   17 MB/s   2m28s[K[?25h[?2026l[?2026h[?25l[A[1Gpulling manifest [K
pulling 2bada8a74506...  45% ▕███████         ▏ 2.1 GB/4.7 GB   17 MB/s   2m28s[K[?25h[?2026l[?2026h[?25l[A[1Gpulling manifest [K
pulling 2bada8a74506...  45% ▕███████         ▏ 2.1 GB/4.7 GB   17 MB/s   2m28s[K[?25h[?2026l[?2026h[?25l[A[1Gpulling manifest [K
pulling 2bada8a74506...  45% ▕███████         ▏ 2.1 GB/4.7 GB   17 MB/s   2m28s[K[?25h[?2026l[?2026h[?25l[A[1Gpulling manifest [K
pulling 2bada8a74506...  45% ▕███████         ▏ 2.1 GB/4.7 GB   17 MB/s   2m28s[K[?25h[?2026l[?2026h[?25l[A[1Gpulling manifest [K
pulling 2bada8a74506...  45% ▕███████         ▏ 2.1 GB/4.7 GB   17 MB/s   2m28s[K[?25h[?2026l[?2026h[?25l[A[1Gpulling manifest [K
pulling 2bada8a74506...  46% ▕███████         ▏ 2.1 GB/4.7 GB   17 MB/s   2m28s[K[?25h[?2026l[?2026h[?25l[A[1Gpulling manifest [K
pulling 2bada8a74506...  46% ▕███████         ▏ 2.1 GB/4.7 GB   17 MB/s   2m28s[K[?25h[?2026l[?2026h[?25l[A[1Gpulling manifest [K
pulling 2bada8a74506...  46% ▕███████         ▏ 2.1 GB/4.7 GB   16 MB/s   2m31s[K[?25h[?2026l[?2026h[?25l[A[1Gpulling manifest [K
pulling 2bada8a74506...  46% ▕███████         ▏ 2.1 GB/4.7 GB   16 MB/s   2m31s[K[?25h[?2026l[?2026h[?25l[A[1Gpulling manifest [K
pulling 2bada8a74506...  46% ▕███████         ▏ 2.1 GB/4.7 GB   16 MB/s   2m31s[K[?25h[?2026l[?2026h[?25l[A[1Gpulling manifest [K
pulling 2bada8a74506...  46% ▕███████         ▏ 2.1 GB/4.7 GB   16 MB/s   2m31s[K[?25h[?2026l[?2026h[?25l[A[1Gpulling manifest [K
pulling 2bada8a74506...  46% ▕███████         ▏ 2.1 GB/4.7 GB   16 MB/s   2m31s[K[?25h[?2026l[?2026h[?25l[A[1Gpulling manifest [K
pulling 2bada8a74506...  46% ▕███████         ▏ 2.1 GB/4.7 GB   16 MB/s   2m30s[K[?25h[?2026l[?2026h[?25l[A[1Gpulling manifest [K
pulling 2bada8a74506...  46% ▕███████         ▏ 2.1 GB/4.7 GB   16 MB/s   2m30s[K[?25h[?2026l[?2026h[?25l[A[1Gpulling manifest [K
pulling 2bada8a74506...  46% ▕███████         ▏ 2.1 GB/4.7 GB   16 MB/s   2m30s[K[?25h[?2026l[?2026h[?25l[A[1Gpulling manifest [K
pulling 2bada8a74506...  46% ▕███████         ▏ 2.1 GB/4.7 GB   16 MB/s   2m30s[K[?25h[?2026l[?2026h[?25l[A[1Gpulling manifest [K
pulling 2bada8a74506...  46% ▕███████         ▏ 2.1 GB/4.7 GB   16 MB/s   2m30s[K[?25h[?2026l[?2026h[?25l[A[1Gpulling manifest [K
pulling 2bada8a74506...  46% ▕███████         ▏ 2.1 GB/4.7 GB   16 MB/s   2m33s[K[?25h[?2026l[?2026h[?25l[A[1Gpulling manifest [K
pulling 2bada8a74506...  46% ▕███████         ▏ 2.1 GB/4.7 GB   16 MB/s   2m33s[K[?25h[?2026l[?2026h[?25l[A[1Gpulling manifest [K
pulling 2bada8a74506...  46% ▕███████         ▏ 2.2 GB/4.7 GB   16 MB/s   2m33s[K[?25h[?2026l[?2026h[?25l[A[1Gpulling manifest [K
pulling 2bada8a74506...  46% ▕███████         ▏ 2.2 GB/4.7 GB   16 MB/s   2m33s[K[?25h[?2026l[?2026h[?25l[A[1Gpulling manifest [K
pulling 2bada8a74506...  46% ▕███████         ▏ 2.2 GB/4.7 GB   16 MB/s   2m33s[K[?25h[?2026l[?2026h[?25l[A[1Gpulling manifest [K
pulling 2bada8a74506...  46% ▕███████         ▏ 2.2 GB/4.7 GB   16 MB/s   2m33s[K[?25h[?2026l[?2026h[?25l[A[1Gpulling manifest [K
pulling 2bada8a74506...  46% ▕███████         ▏ 2.2 GB/4.7 GB   16 MB/s   2m32s[K[?25h[?2026l[?2026h[?25l[A[1Gpulling manifest [K
pulling 2bada8a74506...  46% ▕███████         ▏ 2.2 GB/4.7 GB   16 MB/s   2m32s[K[?25h[?2026l[?2026h[?25l[A[1Gpulling manifest [K
pulling 2bada8a74506...  46% ▕███████         ▏ 2.2 GB/4.7 GB   16 MB/s   2m32s[K[?25h[?2026l[?2026h[?25l[A[1Gpulling manifest [K
pulling 2bada8a74506...  46% ▕███████         ▏ 2.2 GB/4.7 GB   16 MB/s   2m32s[K[?25h[?2026l[?2026h[?25l[A[1Gpulling manifest [K
pulling 2bada8a74506...  46% ▕███████         ▏ 2.2 GB/4.7 GB   16 MB/s   2m32s[K[?25h[?2026l[?2026h[?25l[A[1Gpulling manifest [K
pulling 2bada8a74506...  46% ▕███████         ▏ 2.2 GB/4.7 GB   16 MB/s   2m32s[K[?25h[?2026l[?2026h[?25l[A[1Gpulling manifest [K
pulling 2bada8a74506...  46% ▕███████         ▏ 2.2 GB/4.7 GB   16 MB/s   2m32s[K[?25h[?2026l[?2026h[?25l[A[1Gpulling manifest [K
pulling 2bada8a74506...  46% ▕███████         ▏ 2.2 GB/4.7 GB   16 MB/s   2m32s[K[?25h[?2026l[?2026h[?25l[A[1Gpulling manifest [K
pulling 2bada8a74506...  46% ▕███████         ▏ 2.2 GB/4.7 GB   16 MB/s   2m32s[K[?25h[?2026l[?2026h[?25l[A[1Gpulling manifest [K
pulling 2bada8a74506...  46% ▕███████         ▏ 2.2 GB/4.7 GB   16 MB/s   2m32s[K[?25h[?2026l[?2026h[?25l[A[1Gpulling manifest [K
pulling 2bada8a74506...  46% ▕███████         ▏ 2.2 GB/4.7 GB   16 MB/s   2m32s[K[?25h[?2026l[?2026h[?25l[A[1Gpulling manifest [K
pulling 2bada8a74506...  46% ▕███████         ▏ 2.2 GB/4.7 GB   16 MB/s   2m32s[K[?25h[?2026l[?2026h[?25l[A[1Gpulling manifest [K
pulling 2bada8a74506...  46% ▕███████         ▏ 2.2 GB/4.7 GB   16 MB/s   2m32s[K[?25h[?2026l[?2026h[?25l[A[1Gpulling manifest [K
pulling 2bada8a74506...  47% ▕███████         ▏ 2.2 GB/4.7 GB   16 MB/s   2m32s[K[?25h[?2026l[?2026h[?25l[A[1Gpulling manifest [K
pulling 2bada8a74506...  47% ▕███████         ▏ 2.2 GB/4.7 GB   16 MB/s   2m31s[K[?25h[?2026l[?2026h[?25l[A[1Gpulling manifest [K
pulling 2bada8a74506...  47% ▕███████         ▏ 2.2 GB/4.7 GB   16 MB/s   2m32s[K[?25h[?2026l[?2026h[?25l[A[1Gpulling manifest [K
pulling 2bada8a74506...  47% ▕███████         ▏ 2.2 GB/4.7 GB   16 MB/s   2m32s[K[?25h[?2026l[?2026h[?25l[A[1Gpulling manifest [K
pulling 2bada8a74506...  47% ▕███████         ▏ 2.2 GB/4.7 GB   16 MB/s   2m32s[K[?25h[?2026l[?2026h[?25l[A[1Gpulling manifest [K
pulling 2bada8a74506...  47% ▕███████         ▏ 2.2 GB/4.7 GB   16 MB/s   2m31s[K[?25h[?2026l[?2026h[?25l[A[1Gpulling manifest [K
pulling 2bada8a74506...  47% ▕███████         ▏ 2.2 GB/4.7 GB   16 MB/s   2m31s[K[?25h[?2026l[?2026h[?25l[A[1Gpulling manifest [K
pulling 2bada8a74506...  47% ▕███████         ▏ 2.2 GB/4.7 GB   16 MB/s   2m31s[K[?25h[?2026l[?2026h[?25l[A[1Gpulling manifest [K
pulling 2bada8a74506...  47% ▕███████         ▏ 2.2 GB/4.7 GB   16 MB/s   2m31s[K[?25h[?2026l[?2026h[?25l[A[1Gpulling manifest [K
pulling 2bada8a74506...  47% ▕███████         ▏ 2.2 GB/4.7 GB   16 MB/s   2m31s[K[?25h[?2026l[?2026h[?25l[A[1Gpulling manifest [K
pulling 2bada8a74506...  47% ▕███████         ▏ 2.2 GB/4.7 GB   16 MB/s   2m31s[K[?25h[?2026l[?2026h[?25l[A[1Gpulling manifest [K
pulling 2bada8a74506...  47% ▕███████         ▏ 2.2 GB/4.7 GB   16 MB/s   2m31s[K[?25h[?2026l[?2026h[?25l[A[1Gpulling manifest [K
pulling 2bada8a74506...  47% ▕███████         ▏ 2.2 GB/4.7 GB   16 MB/s   2m29s[K[?25h[?2026l[?2026h[?25l[A[1Gpulling manifest [K
pulling 2bada8a74506...  47% ▕███████         ▏ 2.2 GB/4.7 GB   16 MB/s   2m29s[K[?25h[?2026l[?2026h[?25l[A[1Gpulling manifest [K
pulling 2bada8a74506...  47% ▕███████         ▏ 2.2 GB/4.7 GB   16 MB/s   2m29s[K[?25h[?2026l[?2026h[?25l[A[1Gpulling manifest [K
pulling 2bada8a74506...  47% ▕███████         ▏ 2.2 GB/4.7 GB   16 MB/s   2m28s[K[?25h[?2026l[?2026h[?25l[A[1Gpulling manifest [K
pulling 2bada8a74506...  47% ▕███████         ▏ 2.2 GB/4.7 GB   16 MB/s   2m28s[K[?25h[?2026l[?2026h[?25l[A[1Gpulling manifest [K
pulling 2bada8a74506...  47% ▕███████         ▏ 2.2 GB/4.7 GB   16 MB/s   2m28s[K[?25h[?2026l[?2026h[?25l[A[1Gpulling manifest [K
pulling 2bada8a74506...  47% ▕███████         ▏ 2.2 GB/4.7 GB   16 MB/s   2m28s[K[?25h[?2026l[?2026h[?25l[A[1Gpulling manifest [K
pulling 2bada8a74506...  47% ▕███████         ▏ 2.2 GB/4.7 GB   16 MB/s   2m28s[K[?25h[?2026l[?2026h[?25l[A[1Gpulling manifest [K
pulling 2bada8a74506...  47% ▕███████         ▏ 2.2 GB/4.7 GB   16 MB/s   2m28s[K[?25h[?2026l[?2026h[?25l[A[1Gpulling manifest [K
pulling 2bada8a74506...  47% ▕███████         ▏ 2.2 GB/4.7 GB   16 MB/s   2m28s[K[?25h[?2026l[?2026h[?25l[A[1Gpulling manifest [K
pulling 2bada8a74506...  47% ▕███████         ▏ 2.2 GB/4.7 GB   16 MB/s   2m30s[K[?25h[?2026l[?2026h[?25l[A[1Gpulling manifest [K
pulling 2bada8a74506...  47% ▕███████         ▏ 2.2 GB/4.7 GB   16 MB/s   2m29s[K[?25h[?2026l[?2026h[?25l[A[1Gpulling manifest [K
pulling 2bada8a74506...  47% ▕███████         ▏ 2.2 GB/4.7 GB   16 MB/s   2m29s[K[?25h[?2026l[?2026h[?25l[A[1Gpulling manifest [K
pulling 2bada8a74506...  47% ▕███████         ▏ 2.2 GB/4.7 GB   16 MB/s   2m29s[K[?25h[?2026l[?2026h[?25l[A[1Gpulling manifest [K
pulling 2bada8a74506...  47% ▕███████         ▏ 2.2 GB/4.7 GB   16 MB/s   2m29s[K[?25h[?2026l[?2026h[?25l[A[1Gpulling manifest [K
pulling 2bada8a74506...  47% ▕███████         ▏ 2.2 GB/4.7 GB   16 MB/s   2m29s[K[?25h[?2026l[?2026h[?25l[A[1Gpulling manifest [K
pulling 2bada8a74506...  48% ▕███████         ▏ 2.2 GB/4.7 GB   16 MB/s   2m29s[K[?25h[?2026l[?2026h[?25l[A[1Gpulling manifest [K
pulling 2bada8a74506...  48% ▕███████         ▏ 2.2 GB/4.7 GB   16 MB/s   2m29s[K[?25h[?2026l[?2026h[?25l[A[1Gpulling manifest [K
pulling 2bada8a74506...  48% ▕███████         ▏ 2.2 GB/4.7 GB   16 MB/s   2m29s[K[?25h[?2026l[?2026h[?25l[A[1Gpulling manifest [K
pulling 2bada8a74506...  48% ▕███████         ▏ 2.2 GB/4.7 GB   16 MB/s   2m29s[K[?25h[?2026l[?2026h[?25l[A[1Gpulling manifest [K
pulling 2bada8a74506...  48% ▕███████         ▏ 2.2 GB/4.7 GB   16 MB/s   2m31s[K[?25h[?2026l[?2026h[?25l[A[1Gpulling manifest [K
pulling 2bada8a74506...  48% ▕███████         ▏ 2.2 GB/4.7 GB   16 MB/s   2m30s[K[?25h[?2026l[?2026h[?25l[A[1Gpulling manifest [K
pulling 2bada8a74506...  48% ▕███████         ▏ 2.2 GB/4.7 GB   16 MB/s   2m30s[K[?25h[?2026l[?2026h[?25l[A[1Gpulling manifest [K
pulling 2bada8a74506...  48% ▕███████         ▏ 2.2 GB/4.7 GB   16 MB/s   2m30s[K[?25h[?2026l[?2026h[?25l[A[1Gpulling manifest [K
pulling 2bada8a74506...  48% ▕███████         ▏ 2.2 GB/4.7 GB   16 MB/s   2m30s[K[?25h[?2026l[?2026h[?25l[A[1Gpulling manifest [K
pulling 2bada8a74506...  48% ▕███████         ▏ 2.2 GB/4.7 GB   16 MB/s   2m30s[K[?25h[?2026l[?2026h[?25l[A[1Gpulling manifest [K
pulling 2bada8a74506...  48% ▕███████         ▏ 2.2 GB/4.7 GB   16 MB/s   2m30s[K[?25h[?2026l[?2026h[?25l[A[1Gpulling manifest [K
pulling 2bada8a74506...  48% ▕███████         ▏ 2.2 GB/4.7 GB   16 MB/s   2m30s[K[?25h[?2026l[?2026h[?25l[A[1Gpulling manifest [K
pulling 2bada8a74506...  48% ▕███████         ▏ 2.2 GB/4.7 GB   16 MB/s   2m30s[K[?25h[?2026l[?2026h[?25l[A[1Gpulling manifest [K
pulling 2bada8a74506...  48% ▕███████         ▏ 2.2 GB/4.7 GB   16 MB/s   2m29s[K[?25h[?2026l[?2026h[?25l[A[1Gpulling manifest [K
pulling 2bada8a74506...  48% ▕███████         ▏ 2.2 GB/4.7 GB   16 MB/s   2m29s[K[?25h[?2026l[?2026h[?25l[A[1Gpulling manifest [K
pulling 2bada8a74506...  48% ▕███████         ▏ 2.3 GB/4.7 GB   16 MB/s   2m29s[K[?25h[?2026l[?2026h[?25l[A[1Gpulling manifest [K
pulling 2bada8a74506...  48% ▕███████         ▏ 2.3 GB/4.7 GB   16 MB/s   2m29s[K[?25h[?2026l[?2026h[?25l[A[1Gpulling manifest [K
pulling 2bada8a74506...  48% ▕███████         ▏ 2.3 GB/4.7 GB   16 MB/s   2m29s[K[?25h[?2026l[?2026h[?25l[A[1Gpulling manifest [K
pulling 2bada8a74506...  48% ▕███████         ▏ 2.3 GB/4.7 GB   16 MB/s   2m29s[K[?25h[?2026l[?2026h[?25l[A[1Gpulling manifest [K
pulling 2bada8a74506...  48% ▕███████         ▏ 2.3 GB/4.7 GB   16 MB/s   2m29s[K[?25h[?2026l[?2026h[?25l[A[1Gpulling manifest [K
pulling 2bada8a74506...  48% ▕███████         ▏ 2.3 GB/4.7 GB   16 MB/s   2m29s[K[?25h[?2026l[?2026h[?25l[A[1Gpulling manifest [K
pulling 2bada8a74506...  48% ▕███████         ▏ 2.3 GB/4.7 GB   16 MB/s   2m29s[K[?25h[?2026l[?2026h[?25l[A[1Gpulling manifest [K
pulling 2bada8a74506...  48% ▕███████         ▏ 2.3 GB/4.7 GB   16 MB/s   2m28s[K[?25h[?2026l[?2026h[?25l[A[1Gpulling manifest [K
pulling 2bada8a74506...  48% ▕███████         ▏ 2.3 GB/4.7 GB   16 MB/s   2m28s[K[?25h[?2026l[?2026h[?25l[A[1Gpulling manifest [K
pulling 2bada8a74506...  48% ▕███████         ▏ 2.3 GB/4.7 GB   16 MB/s   2m28s[K[?25h[?2026l[?2026h[?25l[A[1Gpulling manifest [K
pulling 2bada8a74506...  48% ▕███████         ▏ 2.3 GB/4.7 GB   16 MB/s   2m28s[K[?25h[?2026l[?2026h[?25l[A[1Gpulling manifest [K
pulling 2bada8a74506...  48% ▕███████         ▏ 2.3 GB/4.7 GB   16 MB/s   2m28s[K[?25h[?2026l[?2026h[?25l[A[1Gpulling manifest [K
pulling 2bada8a74506...  49% ▕███████         ▏ 2.3 GB/4.7 GB   16 MB/s   2m28s[K[?25h[?2026l[?2026h[?25l[A[1Gpulling manifest [K
pulling 2bada8a74506...  49% ▕███████         ▏ 2.3 GB/4.7 GB   16 MB/s   2m28s[K[?25h[?2026l[?2026h[?25l[A[1Gpulling manifest [K
pulling 2bada8a74506...  49% ▕███████         ▏ 2.3 GB/4.7 GB   16 MB/s   2m28s[K[?25h[?2026l[?2026h[?25l[A[1Gpulling manifest [K
pulling 2bada8a74506...  49% ▕███████         ▏ 2.3 GB/4.7 GB   16 MB/s   2m27s[K[?25h[?2026l[?2026h[?25l[A[1Gpulling manifest [K
pulling 2bada8a74506...  49% ▕███████         ▏ 2.3 GB/4.7 GB   16 MB/s   2m27s[K[?25h[?2026l[?2026h[?25l[A[1Gpulling manifest [K
pulling 2bada8a74506...  49% ▕███████         ▏ 2.3 GB/4.7 GB   16 MB/s   2m27s[K[?25h[?2026l[?2026h[?25l[A[1Gpulling manifest [K
pulling 2bada8a74506...  49% ▕███████         ▏ 2.3 GB/4.7 GB   16 MB/s   2m27s[K[?25h[?2026l[?2026h[?25l[A[1Gpulling manifest [K
pulling 2bada8a74506...  49% ▕███████         ▏ 2.3 GB/4.7 GB   16 MB/s   2m27s[K[?25h[?2026l[?2026h[?25l[A[1Gpulling manifest [K
pulling 2bada8a74506...  49% ▕███████         ▏ 2.3 GB/4.7 GB   16 MB/s   2m23s[K[?25h[?2026l[?2026h[?25l[A[1Gpulling manifest [K
pulling 2bada8a74506...  49% ▕███████         ▏ 2.3 GB/4.7 GB   16 MB/s   2m23s[K[?25h[?2026l[?2026h[?25l[A[1Gpulling manifest [K
pulling 2bada8a74506...  49% ▕███████         ▏ 2.3 GB/4.7 GB   16 MB/s   2m23s[K[?25h[?2026l[?2026h[?25l[A[1Gpulling manifest [K
pulling 2bada8a74506...  49% ▕███████         ▏ 2.3 GB/4.7 GB   16 MB/s   2m23s[K[?25h[?2026l[?2026h[?25l[A[1Gpulling manifest [K
pulling 2bada8a74506...  49% ▕███████         ▏ 2.3 GB/4.7 GB   16 MB/s   2m23s[K[?25h[?2026l[?2026h[?25l[A[1Gpulling manifest [K
pulling 2bada8a74506...  49% ▕███████         ▏ 2.3 GB/4.7 GB   16 MB/s   2m23s[K[?25h[?2026l[?2026h[?25l[A[1Gpulling manifest [K
pulling 2bada8a74506...  49% ▕███████         ▏ 2.3 GB/4.7 GB   16 MB/s   2m23s[K[?25h[?2026l[?2026h[?25l[A[1Gpulling manifest [K
pulling 2bada8a74506...  49% ▕███████         ▏ 2.3 GB/4.7 GB   16 MB/s   2m23s[K[?25h[?2026l[?2026h[?25l[A[1Gpulling manifest [K
pulling 2bada8a74506...  49% ▕███████         ▏ 2.3 GB/4.7 GB   16 MB/s   2m22s[K[?25h[?2026l[?2026h[?25l[A[1Gpulling manifest [K
pulling 2bada8a74506...  49% ▕███████         ▏ 2.3 GB/4.7 GB   16 MB/s   2m22s[K[?25h[?2026l[?2026h[?25l[A[1Gpulling manifest [K
pulling 2bada8a74506...  49% ▕███████         ▏ 2.3 GB/4.7 GB   17 MB/s   2m17s[K[?25h[?2026l[?2026h[?25l[A[1Gpulling manifest [K
pulling 2bada8a74506...  49% ▕███████         ▏ 2.3 GB/4.7 GB   17 MB/s   2m17s[K[?25h[?2026l[?2026h[?25l[A[1Gpulling manifest [K
pulling 2bada8a74506...  49% ▕███████         ▏ 2.3 GB/4.7 GB   17 MB/s   2m17s[K[?25h[?2026l[?2026h[?25l[A[1Gpulling manifest [K
pulling 2bada8a74506...  49% ▕███████         ▏ 2.3 GB/4.7 GB   17 MB/s   2m17s[K[?25h[?2026l[?2026h[?25l[A[1Gpulling manifest [K
pulling 2bada8a74506...  49% ▕███████         ▏ 2.3 GB/4.7 GB   17 MB/s   2m16s[K[?25h[?2026l[?2026h[?25l[A[1Gpulling manifest [K
pulling 2bada8a74506...  49% ▕███████         ▏ 2.3 GB/4.7 GB   17 MB/s   2m16s[K[?25h[?2026l[?2026h[?25l[A[1Gpulling manifest [K
pulling 2bada8a74506...  49% ▕███████         ▏ 2.3 GB/4.7 GB   17 MB/s   2m16s[K[?25h[?2026l[?2026h[?25l[A[1Gpulling manifest [K
pulling 2bada8a74506...  49% ▕███████         ▏ 2.3 GB/4.7 GB   17 MB/s   2m16s[K[?25h[?2026l[?2026h[?25l[A[1Gpulling manifest [K
pulling 2bada8a74506...  50% ▕███████         ▏ 2.3 GB/4.7 GB   17 MB/s   2m16s[K[?25h[?2026l[?2026h[?25l[A[1Gpulling manifest [K
pulling 2bada8a74506...  50% ▕███████         ▏ 2.3 GB/4.7 GB   17 MB/s   2m16s[K[?25h[?2026l[?2026h[?25l[A[1Gpulling manifest [K
pulling 2bada8a74506...  50% ▕███████         ▏ 2.3 GB/4.7 GB   17 MB/s   2m15s[K[?25h[?2026l[?2026h[?25l[A[1Gpulling manifest [K
pulling 2bada8a74506...  50% ▕███████         ▏ 2.3 GB/4.7 GB   17 MB/s   2m15s[K[?25h[?2026l[?2026h[?25l[A[1Gpulling manifest [K
pulling 2bada8a74506...  50% ▕███████         ▏ 2.3 GB/4.7 GB   17 MB/s   2m15s[K[?25h[?2026l[?2026h[?25l[A[1Gpulling manifest [K
pulling 2bada8a74506...  50% ▕███████         ▏ 2.3 GB/4.7 GB   17 MB/s   2m15s[K[?25h[?2026l[?2026h[?25l[A[1Gpulling manifest [K
pulling 2bada8a74506...  50% ▕███████         ▏ 2.3 GB/4.7 GB   17 MB/s   2m15s[K[?25h[?2026l[?2026h[?25l[A[1Gpulling manifest [K
pulling 2bada8a74506...  50% ▕███████         ▏ 2.3 GB/4.7 GB   17 MB/s   2m15s[K[?25h[?2026l[?2026h[?25l[A[1Gpulling manifest [K
pulling 2bada8a74506...  50% ▕███████         ▏ 2.3 GB/4.7 GB   17 MB/s   2m15s[K[?25h[?2026l[?2026h[?25l[A[1Gpulling manifest [K
pulling 2bada8a74506...  50% ▕███████         ▏ 2.3 GB/4.7 GB   17 MB/s   2m15s[K[?25h[?2026l[?2026h[?25l[A[1Gpulling manifest [K
pulling 2bada8a74506...  50% ▕███████         ▏ 2.3 GB/4.7 GB   17 MB/s   2m14s[K[?25h[?2026l[?2026h[?25l[A[1Gpulling manifest [K
pulling 2bada8a74506...  50% ▕███████         ▏ 2.3 GB/4.7 GB   17 MB/s   2m14s[K[?25h[?2026l[?2026h[?25l[A[1Gpulling manifest [K
pulling 2bada8a74506...  50% ▕███████         ▏ 2.3 GB/4.7 GB   17 MB/s   2m14s[K[?25h[?2026l[?2026h[?25l[A[1Gpulling manifest [K
pulling 2bada8a74506...  50% ▕███████         ▏ 2.3 GB/4.7 GB   17 MB/s   2m12s[K[?25h[?2026l[?2026h[?25l[A[1Gpulling manifest [K
pulling 2bada8a74506...  50% ▕████████        ▏ 2.3 GB/4.7 GB   17 MB/s   2m12s[K[?25h[?2026l[?2026h[?25l[A[1Gpulling manifest [K
pulling 2bada8a74506...  50% ▕████████        ▏ 2.3 GB/4.7 GB   17 MB/s   2m12s[K[?25h[?2026l[?2026h[?25l[A[1Gpulling manifest [K
pulling 2bada8a74506...  50% ▕████████        ▏ 2.3 GB/4.7 GB   17 MB/s   2m12s[K[?25h[?2026l[?2026h[?25l[A[1Gpulling manifest [K
pulling 2bada8a74506...  50% ▕████████        ▏ 2.3 GB/4.7 GB   17 MB/s   2m12s[K[?25h[?2026l[?2026h[?25l[A[1Gpulling manifest [K
pulling 2bada8a74506...  50% ▕████████        ▏ 2.4 GB/4.7 GB   17 MB/s   2m12s[K[?25h[?2026l[?2026h[?25l[A[1Gpulling manifest [K
pulling 2bada8a74506...  50% ▕████████        ▏ 2.4 GB/4.7 GB   17 MB/s   2m12s[K[?25h[?2026l[?2026h[?25l[A[1Gpulling manifest [K
pulling 2bada8a74506...  50% ▕████████        ▏ 2.4 GB/4.7 GB   17 MB/s   2m11s[K[?25h[?2026l[?2026h[?25l[A[1Gpulling manifest [K
pulling 2bada8a74506...  50% ▕████████        ▏ 2.4 GB/4.7 GB   17 MB/s   2m11s[K[?25h[?2026l[?2026h[?25l[A[1Gpulling manifest [K
pulling 2bada8a74506...  50% ▕████████        ▏ 2.4 GB/4.7 GB   17 MB/s   2m11s[K[?25h[?2026l[?2026h[?25l[A[1Gpulling manifest [K
pulling 2bada8a74506...  50% ▕████████        ▏ 2.4 GB/4.7 GB   17 MB/s   2m11s[K[?25h[?2026l[?2026h[?25l[A[1Gpulling manifest [K
pulling 2bada8a74506...  50% ▕████████        ▏ 2.4 GB/4.7 GB   17 MB/s   2m11s[K[?25h[?2026l[?2026h[?25l[A[1Gpulling manifest [K
pulling 2bada8a74506...  50% ▕████████        ▏ 2.4 GB/4.7 GB   17 MB/s   2m11s[K[?25h[?2026l[?2026h[?25l[A[1Gpulling manifest [K
pulling 2bada8a74506...  51% ▕████████        ▏ 2.4 GB/4.7 GB   17 MB/s   2m11s[K[?25h[?2026l[?2026h[?25l[A[1Gpulling manifest [K
pulling 2bada8a74506...  51% ▕████████        ▏ 2.4 GB/4.7 GB   17 MB/s   2m10s[K[?25h[?2026l[?2026h[?25l[A[1Gpulling manifest [K
pulling 2bada8a74506...  51% ▕████████        ▏ 2.4 GB/4.7 GB   17 MB/s   2m10s[K[?25h[?2026l[?2026h[?25l[A[1Gpulling manifest [K
pulling 2bada8a74506...  51% ▕████████        ▏ 2.4 GB/4.7 GB   17 MB/s   2m10s[K[?25h[?2026l[?2026h[?25l[A[1Gpulling manifest [K
pulling 2bada8a74506...  51% ▕████████        ▏ 2.4 GB/4.7 GB   17 MB/s   2m10s[K[?25h[?2026l[?2026h[?25l[A[1Gpulling manifest [K
pulling 2bada8a74506...  51% ▕████████        ▏ 2.4 GB/4.7 GB   17 MB/s   2m10s[K[?25h[?2026l[?2026h[?25l[A[1Gpulling manifest [K
pulling 2bada8a74506...  51% ▕████████        ▏ 2.4 GB/4.7 GB   17 MB/s   2m10s[K[?25h[?2026l[?2026h[?25l[A[1Gpulling manifest [K
pulling 2bada8a74506...  51% ▕████████        ▏ 2.4 GB/4.7 GB   18 MB/s    2m8s[K[?25h[?2026l[?2026h[?25l[A[1Gpulling manifest [K
pulling 2bada8a74506...  51% ▕████████        ▏ 2.4 GB/4.7 GB   18 MB/s    2m7s[K[?25h[?2026l[?2026h[?25l[A[1Gpulling manifest [K
pulling 2bada8a74506...  51% ▕████████        ▏ 2.4 GB/4.7 GB   18 MB/s    2m7s[K[?25h[?2026l[?2026h[?25l[A[1Gpulling manifest [K
pulling 2bada8a74506...  51% ▕████████        ▏ 2.4 GB/4.7 GB   18 MB/s    2m7s[K[?25h[?2026l[?2026h[?25l[A[1Gpulling manifest [K
pulling 2bada8a74506...  51% ▕████████        ▏ 2.4 GB/4.7 GB   18 MB/s    2m7s[K[?25h[?2026l[?2026h[?25l[A[1Gpulling manifest [K
pulling 2bada8a74506...  51% ▕████████        ▏ 2.4 GB/4.7 GB   18 MB/s    2m7s[K[?25h[?2026l[?2026h[?25l[A[1Gpulling manifest [K
pulling 2bada8a74506...  51% ▕████████        ▏ 2.4 GB/4.7 GB   18 MB/s    2m7s[K[?25h[?2026l[?2026h[?25l[A[1Gpulling manifest [K
pulling 2bada8a74506...  51% ▕████████        ▏ 2.4 GB/4.7 GB   18 MB/s    2m7s[K[?25h[?2026l[?2026h[?25l[A[1Gpulling manifest [K
pulling 2bada8a74506...  51% ▕████████        ▏ 2.4 GB/4.7 GB   18 MB/s    2m7s[K[?25h[?2026l[?2026h[?25l[A[1Gpulling manifest [K
pulling 2bada8a74506...  51% ▕████████        ▏ 2.4 GB/4.7 GB   18 MB/s    2m7s[K[?25h[?2026l[?2026h[?25l[A[1Gpulling manifest [K
pulling 2bada8a74506...  51% ▕████████        ▏ 2.4 GB/4.7 GB   18 MB/s    2m6s[K[?25h[?2026l[?2026h[?25l[A[1Gpulling manifest [K
pulling 2bada8a74506...  51% ▕████████        ▏ 2.4 GB/4.7 GB   18 MB/s    2m6s[K[?25h[?2026l[?2026h[?25l[A[1Gpulling manifest [K
pulling 2bada8a74506...  51% ▕████████        ▏ 2.4 GB/4.7 GB   18 MB/s    2m6s[K[?25h[?2026l[?2026h[?25l[A[1Gpulling manifest [K
pulling 2bada8a74506...  51% ▕████████        ▏ 2.4 GB/4.7 GB   18 MB/s    2m6s[K[?25h[?2026l[?2026h[?25l[A[1Gpulling manifest [K
pulling 2bada8a74506...  51% ▕████████        ▏ 2.4 GB/4.7 GB   18 MB/s    2m6s[K[?25h[?2026l[?2026h[?25l[A[1Gpulling manifest [K
pulling 2bada8a74506...  51% ▕████████        ▏ 2.4 GB/4.7 GB   18 MB/s    2m6s[K[?25h[?2026l[?2026h[?25l[A[1Gpulling manifest [K
pulling 2bada8a74506...  51% ▕████████        ▏ 2.4 GB/4.7 GB   18 MB/s    2m6s[K[?25h[?2026l[?2026h[?25l[A[1Gpulling manifest [K
pulling 2bada8a74506...  51% ▕████████        ▏ 2.4 GB/4.7 GB   18 MB/s    2m6s[K[?25h[?2026l[?2026h[?25l[A[1Gpulling manifest [K
pulling 2bada8a74506...  51% ▕████████        ▏ 2.4 GB/4.7 GB   18 MB/s    2m6s[K[?25h[?2026l[?2026h[?25l[A[1Gpulling manifest [K
pulling 2bada8a74506...  51% ▕████████        ▏ 2.4 GB/4.7 GB   18 MB/s    2m6s[K[?25h[?2026l[?2026h[?25l[A[1Gpulling manifest [K
pulling 2bada8a74506...  51% ▕████████        ▏ 2.4 GB/4.7 GB   17 MB/s    2m7s[K[?25h[?2026l[?2026h[?25l[A[1Gpulling manifest [K
pulling 2bada8a74506...  51% ▕████████        ▏ 2.4 GB/4.7 GB   17 MB/s    2m7s[K[?25h[?2026l[?2026h[?25l[A[1Gpulling manifest [K
pulling 2bada8a74506...  52% ▕████████        ▏ 2.4 GB/4.7 GB   17 MB/s    2m7s[K[?25h[?2026l[?2026h[?25l[A[1Gpulling manifest [K
pulling 2bada8a74506...  52% ▕████████        ▏ 2.4 GB/4.7 GB   17 MB/s    2m7s[K[?25h[?2026l[?2026h[?25l[A[1Gpulling manifest [K
pulling 2bada8a74506...  52% ▕████████        ▏ 2.4 GB/4.7 GB   17 MB/s    2m7s[K[?25h[?2026l[?2026h[?25l[A[1Gpulling manifest [K
pulling 2bada8a74506...  52% ▕████████        ▏ 2.4 GB/4.7 GB   17 MB/s    2m6s[K[?25h[?2026l[?2026h[?25l[A[1Gpulling manifest [K
pulling 2bada8a74506...  52% ▕████████        ▏ 2.4 GB/4.7 GB   17 MB/s    2m6s[K[?25h[?2026l[?2026h[?25l[A[1Gpulling manifest [K
pulling 2bada8a74506...  52% ▕████████        ▏ 2.4 GB/4.7 GB   17 MB/s    2m6s[K[?25h[?2026l[?2026h[?25l[A[1Gpulling manifest [K
pulling 2bada8a74506...  52% ▕████████        ▏ 2.4 GB/4.7 GB   17 MB/s    2m6s[K[?25h[?2026l[?2026h[?25l[A[1Gpulling manifest [K
pulling 2bada8a74506...  52% ▕████████        ▏ 2.4 GB/4.7 GB   17 MB/s    2m6s[K[?25h[?2026l[?2026h[?25l[A[1Gpulling manifest [K
pulling 2bada8a74506...  52% ▕████████        ▏ 2.4 GB/4.7 GB   17 MB/s    2m6s[K[?25h[?2026l[?2026h[?25l[A[1Gpulling manifest [K
pulling 2bada8a74506...  52% ▕████████        ▏ 2.4 GB/4.7 GB   17 MB/s    2m9s[K[?25h[?2026l[?2026h[?25l[A[1Gpulling manifest [K
pulling 2bada8a74506...  52% ▕████████        ▏ 2.4 GB/4.7 GB   17 MB/s    2m9s[K[?25h[?2026l[?2026h[?25l[A[1Gpulling manifest [K
pulling 2bada8a74506...  52% ▕████████        ▏ 2.4 GB/4.7 GB   17 MB/s    2m9s[K[?25h[?2026l[?2026h[?25l[A[1Gpulling manifest [K
pulling 2bada8a74506...  52% ▕████████        ▏ 2.4 GB/4.7 GB   17 MB/s    2m8s[K[?25h[?2026l[?2026h[?25l[A[1Gpulling manifest [K
pulling 2bada8a74506...  52% ▕████████        ▏ 2.4 GB/4.7 GB   17 MB/s    2m8s[K[?25h[?2026l[?2026h[?25l[A[1Gpulling manifest [K
pulling 2bada8a74506...  52% ▕████████        ▏ 2.4 GB/4.7 GB   17 MB/s    2m8s[K[?25h[?2026l[?2026h[?25l[A[1Gpulling manifest [K
pulling 2bada8a74506...  52% ▕████████        ▏ 2.4 GB/4.7 GB   17 MB/s    2m8s[K[?25h[?2026l[?2026h[?25l[A[1Gpulling manifest [K
pulling 2bada8a74506...  52% ▕████████        ▏ 2.4 GB/4.7 GB   17 MB/s    2m8s[K[?25h[?2026l[?2026h[?25l[A[1Gpulling manifest [K
pulling 2bada8a74506...  52% ▕████████        ▏ 2.4 GB/4.7 GB   17 MB/s    2m8s[K[?25h[?2026l[?2026h[?25l[A[1Gpulling manifest [K
pulling 2bada8a74506...  52% ▕████████        ▏ 2.4 GB/4.7 GB   17 MB/s    2m8s[K[?25h[?2026l[?2026h[?25l[A[1Gpulling manifest [K
pulling 2bada8a74506...  52% ▕████████        ▏ 2.4 GB/4.7 GB   17 MB/s    2m9s[K[?25h[?2026l[?2026h[?25l[A[1Gpulling manifest [K
pulling 2bada8a74506...  52% ▕████████        ▏ 2.4 GB/4.7 GB   17 MB/s    2m9s[K[?25h[?2026l[?2026h[?25l[A[1Gpulling manifest [K
pulling 2bada8a74506...  52% ▕████████        ▏ 2.4 GB/4.7 GB   17 MB/s    2m9s[K[?25h[?2026l[?2026h[?25l[A[1Gpulling manifest [K
pulling 2bada8a74506...  52% ▕████████        ▏ 2.4 GB/4.7 GB   17 MB/s    2m8s[K[?25h[?2026l[?2026h[?25l[A[1Gpulling manifest [K
pulling 2bada8a74506...  52% ▕████████        ▏ 2.4 GB/4.7 GB   17 MB/s    2m8s[K[?25h[?2026l[?2026h[?25l[A[1Gpulling manifest [K
pulling 2bada8a74506...  52% ▕████████        ▏ 2.5 GB/4.7 GB   17 MB/s    2m8s[K[?25h[?2026l[?2026h[?25l[A[1Gpulling manifest [K
pulling 2bada8a74506...  52% ▕████████        ▏ 2.5 GB/4.7 GB   17 MB/s    2m8s[K[?25h[?2026l[?2026h[?25l[A[1Gpulling manifest [K
pulling 2bada8a74506...  52% ▕████████        ▏ 2.5 GB/4.7 GB   17 MB/s    2m8s[K[?25h[?2026l[?2026h[?25l[A[1Gpulling manifest [K
pulling 2bada8a74506...  52% ▕████████        ▏ 2.5 GB/4.7 GB   17 MB/s    2m8s[K[?25h[?2026l[?2026h[?25l[A[1Gpulling manifest [K
pulling 2bada8a74506...  52% ▕████████        ▏ 2.5 GB/4.7 GB   17 MB/s    2m8s[K[?25h[?2026l[?2026h[?25l[A[1Gpulling manifest [K
pulling 2bada8a74506...  52% ▕████████        ▏ 2.5 GB/4.7 GB   16 MB/s   2m12s[K[?25h[?2026l[?2026h[?25l[A[1Gpulling manifest [K
pulling 2bada8a74506...  53% ▕████████        ▏ 2.5 GB/4.7 GB   16 MB/s   2m12s[K[?25h[?2026l[?2026h[?25l[A[1Gpulling manifest [K
pulling 2bada8a74506...  53% ▕████████        ▏ 2.5 GB/4.7 GB   16 MB/s   2m11s[K[?25h[?2026l[?2026h[?25l[A[1Gpulling manifest [K
pulling 2bada8a74506...  53% ▕████████        ▏ 2.5 GB/4.7 GB   16 MB/s   2m11s[K[?25h[?2026l[?2026h[?25l[A[1Gpulling manifest [K
pulling 2bada8a74506...  53% ▕████████        ▏ 2.5 GB/4.7 GB   16 MB/s   2m11s[K[?25h[?2026l[?2026h[?25l[A[1Gpulling manifest [K
pulling 2bada8a74506...  53% ▕████████        ▏ 2.5 GB/4.7 GB   16 MB/s   2m11s[K[?25h[?2026l[?2026h[?25l[A[1Gpulling manifest [K
pulling 2bada8a74506...  53% ▕████████        ▏ 2.5 GB/4.7 GB   16 MB/s   2m11s[K[?25h[?2026l[?2026h[?25l[A[1Gpulling manifest [K
pulling 2bada8a74506...  53% ▕████████        ▏ 2.5 GB/4.7 GB   16 MB/s   2m11s[K[?25h[?2026l[?2026h[?25l[A[1Gpulling manifest [K
pulling 2bada8a74506...  53% ▕████████        ▏ 2.5 GB/4.7 GB   16 MB/s   2m11s[K[?25h[?2026l[?2026h[?25l[A[1Gpulling manifest [K
pulling 2bada8a74506...  53% ▕████████        ▏ 2.5 GB/4.7 GB   16 MB/s   2m11s[K[?25h[?2026l[?2026h[?25l[A[1Gpulling manifest [K
pulling 2bada8a74506...  53% ▕████████        ▏ 2.5 GB/4.7 GB   17 MB/s    2m8s[K[?25h[?2026l[?2026h[?25l[A[1Gpulling manifest [K
pulling 2bada8a74506...  53% ▕████████        ▏ 2.5 GB/4.7 GB   17 MB/s    2m8s[K[?25h[?2026l[?2026h[?25l[A[1Gpulling manifest [K
pulling 2bada8a74506...  53% ▕████████        ▏ 2.5 GB/4.7 GB   17 MB/s    2m8s[K[?25h[?2026l[?2026h[?25l[A[1Gpulling manifest [K
pulling 2bada8a74506...  53% ▕████████        ▏ 2.5 GB/4.7 GB   17 MB/s    2m8s[K[?25h[?2026l[?2026h[?25l[A[1Gpulling manifest [K
pulling 2bada8a74506...  53% ▕████████        ▏ 2.5 GB/4.7 GB   17 MB/s    2m8s[K[?25h[?2026l[?2026h[?25l[A[1Gpulling manifest [K
pulling 2bada8a74506...  53% ▕████████        ▏ 2.5 GB/4.7 GB   17 MB/s    2m8s[K[?25h[?2026l[?2026h[?25l[A[1Gpulling manifest [K
pulling 2bada8a74506...  53% ▕████████        ▏ 2.5 GB/4.7 GB   17 MB/s    2m8s[K[?25h[?2026l[?2026h[?25l[A[1Gpulling manifest [K
pulling 2bada8a74506...  53% ▕████████        ▏ 2.5 GB/4.7 GB   17 MB/s    2m7s[K[?25h[?2026l[?2026h[?25l[A[1Gpulling manifest [K
pulling 2bada8a74506...  53% ▕████████        ▏ 2.5 GB/4.7 GB   17 MB/s    2m7s[K[?25h[?2026l[?2026h[?25l[A[1Gpulling manifest [K
pulling 2bada8a74506...  53% ▕████████        ▏ 2.5 GB/4.7 GB   17 MB/s    2m7s[K[?25h[?2026l[?2026h[?25l[A[1Gpulling manifest [K
pulling 2bada8a74506...  53% ▕████████        ▏ 2.5 GB/4.7 GB   16 MB/s    2m9s[K[?25h[?2026l[?2026h[?25l[A[1Gpulling manifest [K
pulling 2bada8a74506...  53% ▕████████        ▏ 2.5 GB/4.7 GB   16 MB/s    2m9s[K[?25h[?2026l[?2026h[?25l[A[1Gpulling manifest [K
pulling 2bada8a74506...  53% ▕████████        ▏ 2.5 GB/4.7 GB   16 MB/s    2m9s[K[?25h[?2026l[?2026h[?25l[A[1Gpulling manifest [K
pulling 2bada8a74506...  53% ▕████████        ▏ 2.5 GB/4.7 GB   16 MB/s    2m9s[K[?25h[?2026l[?2026h[?25l[A[1Gpulling manifest [K
pulling 2bada8a74506...  53% ▕████████        ▏ 2.5 GB/4.7 GB   16 MB/s    2m9s[K[?25h[?2026l[?2026h[?25l[A[1Gpulling manifest [K
pulling 2bada8a74506...  53% ▕████████        ▏ 2.5 GB/4.7 GB   16 MB/s    2m9s[K[?25h[?2026l[?2026h[?25l[A[1Gpulling manifest [K
pulling 2bada8a74506...  53% ▕████████        ▏ 2.5 GB/4.7 GB   16 MB/s    2m9s[K[?25h[?2026l[?2026h[?25l[A[1Gpulling manifest [K
pulling 2bada8a74506...  53% ▕████████        ▏ 2.5 GB/4.7 GB   16 MB/s    2m9s[K[?25h[?2026l[?2026h[?25l[A[1Gpulling manifest [K
pulling 2bada8a74506...  53% ▕████████        ▏ 2.5 GB/4.7 GB   16 MB/s    2m9s[K[?25h[?2026l[?2026h[?25l[A[1Gpulling manifest [K
pulling 2bada8a74506...  54% ▕████████        ▏ 2.5 GB/4.7 GB   16 MB/s    2m9s[K[?25h[?2026l[?2026h[?25l[A[1Gpulling manifest [K
pulling 2bada8a74506...  54% ▕████████        ▏ 2.5 GB/4.7 GB   16 MB/s    2m9s[K[?25h[?2026l[?2026h[?25l[A[1Gpulling manifest [K
pulling 2bada8a74506...  54% ▕████████        ▏ 2.5 GB/4.7 GB   16 MB/s   2m10s[K[?25h[?2026l[?2026h[?25l[A[1Gpulling manifest [K
pulling 2bada8a74506...  54% ▕████████        ▏ 2.5 GB/4.7 GB   16 MB/s    2m9s[K[?25h[?2026l[?2026h[?25l[A[1Gpulling manifest [K
pulling 2bada8a74506...  54% ▕████████        ▏ 2.5 GB/4.7 GB   16 MB/s    2m9s[K[?25h[?2026l[?2026h[?25l[A[1Gpulling manifest [K
pulling 2bada8a74506...  54% ▕████████        ▏ 2.5 GB/4.7 GB   16 MB/s    2m9s[K[?25h[?2026l[?2026h[?25l[A[1Gpulling manifest [K
pulling 2bada8a74506...  54% ▕████████        ▏ 2.5 GB/4.7 GB   16 MB/s    2m9s[K[?25h[?2026l[?2026h[?25l[A[1Gpulling manifest [K
pulling 2bada8a74506...  54% ▕████████        ▏ 2.5 GB/4.7 GB   16 MB/s    2m9s[K[?25h[?2026l[?2026h[?25l[A[1Gpulling manifest [K
pulling 2bada8a74506...  54% ▕████████        ▏ 2.5 GB/4.7 GB   16 MB/s    2m9s[K[?25h[?2026l[?2026h[?25l[A[1Gpulling manifest [K
pulling 2bada8a74506...  54% ▕████████        ▏ 2.5 GB/4.7 GB   16 MB/s    2m9s[K[?25h[?2026l[?2026h[?25l[A[1Gpulling manifest [K
pulling 2bada8a74506...  54% ▕████████        ▏ 2.5 GB/4.7 GB   16 MB/s    2m9s[K[?25h[?2026l[?2026h[?25l[A[1Gpulling manifest [K
pulling 2bada8a74506...  54% ▕████████        ▏ 2.5 GB/4.7 GB   16 MB/s    2m9s[K[?25h[?2026l[?2026h[?25l[A[1Gpulling manifest [K
pulling 2bada8a74506...  54% ▕████████        ▏ 2.5 GB/4.7 GB   16 MB/s   2m10s[K[?25h[?2026l[?2026h[?25l[A[1Gpulling manifest [K
pulling 2bada8a74506...  54% ▕████████        ▏ 2.5 GB/4.7 GB   16 MB/s   2m10s[K[?25h[?2026l[?2026h[?25l[A[1Gpulling manifest [K
pulling 2bada8a74506...  54% ▕████████        ▏ 2.5 GB/4.7 GB   16 MB/s   2m10s[K[?25h[?2026l[?2026h[?25l[A[1Gpulling manifest [K
pulling 2bada8a74506...  54% ▕████████        ▏ 2.5 GB/4.7 GB   16 MB/s   2m10s[K[?25h[?2026l[?2026h[?25l[A[1Gpulling manifest [K
pulling 2bada8a74506...  54% ▕████████        ▏ 2.5 GB/4.7 GB   16 MB/s    2m9s[K[?25h[?2026l[?2026h[?25l[A[1Gpulling manifest [K
pulling 2bada8a74506...  54% ▕████████        ▏ 2.5 GB/4.7 GB   16 MB/s    2m9s[K[?25h[?2026l[?2026h[?25l[A[1Gpulling manifest [K
pulling 2bada8a74506...  54% ▕████████        ▏ 2.5 GB/4.7 GB   16 MB/s    2m9s[K[?25h[?2026l[?2026h[?25l[A[1Gpulling manifest [K
pulling 2bada8a74506...  54% ▕████████        ▏ 2.5 GB/4.7 GB   16 MB/s    2m9s[K[?25h[?2026l[?2026h[?25l[A[1Gpulling manifest [K
pulling 2bada8a74506...  54% ▕████████        ▏ 2.5 GB/4.7 GB   16 MB/s    2m9s[K[?25h[?2026l[?2026h[?25l[A[1Gpulling manifest [K
pulling 2bada8a74506...  54% ▕████████        ▏ 2.5 GB/4.7 GB   16 MB/s    2m9s[K[?25h[?2026l[?2026h[?25l[A[1Gpulling manifest [K
pulling 2bada8a74506...  54% ▕████████        ▏ 2.5 GB/4.7 GB   16 MB/s    2m7s[K[?25h[?2026l[?2026h[?25l[A[1Gpulling manifest [K
pulling 2bada8a74506...  54% ▕████████        ▏ 2.5 GB/4.7 GB   16 MB/s    2m7s[K[?25h[?2026l[?2026h[?25l[A[1Gpulling manifest [K
pulling 2bada8a74506...  54% ▕████████        ▏ 2.5 GB/4.7 GB   16 MB/s    2m7s[K[?25h[?2026l[?2026h[?25l[A[1Gpulling manifest [K
pulling 2bada8a74506...  54% ▕████████        ▏ 2.6 GB/4.7 GB   16 MB/s    2m7s[K[?25h[?2026l[?2026h[?25l[A[1Gpulling manifest [K
pulling 2bada8a74506...  55% ▕████████        ▏ 2.6 GB/4.7 GB   16 MB/s    2m7s[K[?25h[?2026l[?2026h[?25l[A[1Gpulling manifest [K
pulling 2bada8a74506...  55% ▕████████        ▏ 2.6 GB/4.7 GB   16 MB/s    2m6s[K[?25h[?2026l[?2026h[?25l[A[1Gpulling manifest [K
pulling 2bada8a74506...  55% ▕████████        ▏ 2.6 GB/4.7 GB   16 MB/s    2m6s[K[?25h[?2026l[?2026h[?25l[A[1Gpulling manifest [K
pulling 2bada8a74506...  55% ▕████████        ▏ 2.6 GB/4.7 GB   16 MB/s    2m6s[K[?25h[?2026l[?2026h[?25l[A[1Gpulling manifest [K
pulling 2bada8a74506...  55% ▕████████        ▏ 2.6 GB/4.7 GB   16 MB/s    2m6s[K[?25h[?2026l[?2026h[?25l[A[1Gpulling manifest [K
pulling 2bada8a74506...  55% ▕████████        ▏ 2.6 GB/4.7 GB   16 MB/s    2m6s[K[?25h[?2026l[?2026h[?25l[A[1Gpulling manifest [K
pulling 2bada8a74506...  55% ▕████████        ▏ 2.6 GB/4.7 GB   17 MB/s    2m4s[K[?25h[?2026l[?2026h[?25l[A[1Gpulling manifest [K
pulling 2bada8a74506...  55% ▕████████        ▏ 2.6 GB/4.7 GB   17 MB/s    2m4s[K[?25h[?2026l[?2026h[?25l[A[1Gpulling manifest [K
pulling 2bada8a74506...  55% ▕████████        ▏ 2.6 GB/4.7 GB   17 MB/s    2m4s[K[?25h[?2026l[?2026h[?25l[A[1Gpulling manifest [K
pulling 2bada8a74506...  55% ▕████████        ▏ 2.6 GB/4.7 GB   17 MB/s    2m4s[K[?25h[?2026l[?2026h[?25l[A[1Gpulling manifest [K
pulling 2bada8a74506...  55% ▕████████        ▏ 2.6 GB/4.7 GB   17 MB/s    2m4s[K[?25h[?2026l[?2026h[?25l[A[1Gpulling manifest [K
pulling 2bada8a74506...  55% ▕████████        ▏ 2.6 GB/4.7 GB   17 MB/s    2m4s[K[?25h[?2026l[?2026h[?25l[A[1Gpulling manifest [K
pulling 2bada8a74506...  55% ▕████████        ▏ 2.6 GB/4.7 GB   17 MB/s    2m3s[K[?25h[?2026l[?2026h[?25l[A[1Gpulling manifest [K
pulling 2bada8a74506...  55% ▕████████        ▏ 2.6 GB/4.7 GB   17 MB/s    2m3s[K[?25h[?2026l[?2026h[?25l[A[1Gpulling manifest [K
pulling 2bada8a74506...  55% ▕████████        ▏ 2.6 GB/4.7 GB   17 MB/s    2m3s[K[?25h[?2026l[?2026h[?25l[A[1Gpulling manifest [K
pulling 2bada8a74506...  55% ▕████████        ▏ 2.6 GB/4.7 GB   17 MB/s    2m3s[K[?25h[?2026l[?2026h[?25l[A[1Gpulling manifest [K
pulling 2bada8a74506...  55% ▕████████        ▏ 2.6 GB/4.7 GB   17 MB/s    2m2s[K[?25h[?2026l[?2026h[?25l[A[1Gpulling manifest [K
pulling 2bada8a74506...  55% ▕████████        ▏ 2.6 GB/4.7 GB   17 MB/s    2m2s[K[?25h[?2026l[?2026h[?25l[A[1Gpulling manifest [K
pulling 2bada8a74506...  55% ▕████████        ▏ 2.6 GB/4.7 GB   17 MB/s    2m2s[K[?25h[?2026l[?2026h[?25l[A[1Gpulling manifest [K
pulling 2bada8a74506...  55% ▕████████        ▏ 2.6 GB/4.7 GB   17 MB/s    2m2s[K[?25h[?2026l[?2026h[?25l[A[1Gpulling manifest [K
pulling 2bada8a74506...  55% ▕████████        ▏ 2.6 GB/4.7 GB   17 MB/s    2m2s[K[?25h[?2026l[?2026h[?25l[A[1Gpulling manifest [K
pulling 2bada8a74506...  55% ▕████████        ▏ 2.6 GB/4.7 GB   17 MB/s    2m2s[K[?25h[?2026l[?2026h[?25l[A[1Gpulling manifest [K
pulling 2bada8a74506...  55% ▕████████        ▏ 2.6 GB/4.7 GB   17 MB/s    2m1s[K[?25h[?2026l[?2026h[?25l[A[1Gpulling manifest [K
pulling 2bada8a74506...  55% ▕████████        ▏ 2.6 GB/4.7 GB   17 MB/s    2m1s[K[?25h[?2026l[?2026h[?25l[A[1Gpulling manifest [K
pulling 2bada8a74506...  55% ▕████████        ▏ 2.6 GB/4.7 GB   17 MB/s    2m1s[K[?25h[?2026l[?2026h[?25l[A[1Gpulling manifest [K
pulling 2bada8a74506...  55% ▕████████        ▏ 2.6 GB/4.7 GB   17 MB/s    2m1s[K[?25h[?2026l[?2026h[?25l[A[1Gpulling manifest [K
pulling 2bada8a74506...  55% ▕████████        ▏ 2.6 GB/4.7 GB   17 MB/s    2m1s[K[?25h[?2026l[?2026h[?25l[A[1Gpulling manifest [K
pulling 2bada8a74506...  55% ▕████████        ▏ 2.6 GB/4.7 GB   17 MB/s    2m2s[K[?25h[?2026l[?2026h[?25l[A[1Gpulling manifest [K
pulling 2bada8a74506...  55% ▕████████        ▏ 2.6 GB/4.7 GB   17 MB/s    2m2s[K[?25h[?2026l[?2026h[?25l[A[1Gpulling manifest [K
pulling 2bada8a74506...  55% ▕████████        ▏ 2.6 GB/4.7 GB   17 MB/s    2m2s[K[?25h[?2026l[?2026h[?25l[A[1Gpulling manifest [K
pulling 2bada8a74506...  56% ▕████████        ▏ 2.6 GB/4.7 GB   17 MB/s    2m2s[K[?25h[?2026l[?2026h[?25l[A[1Gpulling manifest [K
pulling 2bada8a74506...  56% ▕████████        ▏ 2.6 GB/4.7 GB   17 MB/s    2m2s[K[?25h[?2026l[?2026h[?25l[A[1Gpulling manifest [K
pulling 2bada8a74506...  56% ▕████████        ▏ 2.6 GB/4.7 GB   17 MB/s    2m2s[K[?25h[?2026l[?2026h[?25l[A[1Gpulling manifest [K
pulling 2bada8a74506...  56% ▕████████        ▏ 2.6 GB/4.7 GB   17 MB/s    2m2s[K[?25h[?2026l[?2026h[?25l[A[1Gpulling manifest [K
pulling 2bada8a74506...  56% ▕████████        ▏ 2.6 GB/4.7 GB   17 MB/s    2m1s[K[?25h[?2026l[?2026h[?25l[A[1Gpulling manifest [K
pulling 2bada8a74506...  56% ▕████████        ▏ 2.6 GB/4.7 GB   17 MB/s    2m1s[K[?25h[?2026l[?2026h[?25l[A[1Gpulling manifest [K
pulling 2bada8a74506...  56% ▕████████        ▏ 2.6 GB/4.7 GB   17 MB/s    2m1s[K[?25h[?2026l[?2026h[?25l[A[1Gpulling manifest [K
pulling 2bada8a74506...  56% ▕████████        ▏ 2.6 GB/4.7 GB   17 MB/s   1m59s[K[?25h[?2026l[?2026h[?25l[A[1Gpulling manifest [K
pulling 2bada8a74506...  56% ▕████████        ▏ 2.6 GB/4.7 GB   17 MB/s   1m59s[K[?25h[?2026l[?2026h[?25l[A[1Gpulling manifest [K
pulling 2bada8a74506...  56% ▕████████        ▏ 2.6 GB/4.7 GB   17 MB/s   1m59s[K[?25h[?2026l[?2026h[?25l[A[1Gpulling manifest [K
pulling 2bada8a74506...  56% ▕████████        ▏ 2.6 GB/4.7 GB   17 MB/s   1m59s[K[?25h[?2026l[?2026h[?25l[A[1Gpulling manifest [K
pulling 2bada8a74506...  56% ▕████████        ▏ 2.6 GB/4.7 GB   17 MB/s   1m59s[K[?25h[?2026l[?2026h[?25l[A[1Gpulling manifest [K
pulling 2bada8a74506...  56% ▕████████        ▏ 2.6 GB/4.7 GB   17 MB/s   1m59s[K[?25h[?2026l[?2026h[?25l[A[1Gpulling manifest [K
pulling 2bada8a74506...  56% ▕████████        ▏ 2.6 GB/4.7 GB   17 MB/s   1m59s[K[?25h[?2026l[?2026h[?25l[A[1Gpulling manifest [K
pulling 2bada8a74506...  56% ▕████████        ▏ 2.6 GB/4.7 GB   17 MB/s   1m58s[K[?25h[?2026l[?2026h[?25l[A[1Gpulling manifest [K
pulling 2bada8a74506...  56% ▕████████        ▏ 2.6 GB/4.7 GB   17 MB/s   1m58s[K[?25h[?2026l[?2026h[?25l[A[1Gpulling manifest [K
pulling 2bada8a74506...  56% ▕████████        ▏ 2.6 GB/4.7 GB   17 MB/s   1m58s[K[?25h[?2026l[?2026h[?25l[A[1Gpulling manifest [K
pulling 2bada8a74506...  56% ▕████████        ▏ 2.6 GB/4.7 GB   17 MB/s    2m0s[K[?25h[?2026l[?2026h[?25l[A[1Gpulling manifest [K
pulling 2bada8a74506...  56% ▕████████        ▏ 2.6 GB/4.7 GB   17 MB/s    2m0s[K[?25h[?2026l[?2026h[?25l[A[1Gpulling manifest [K
pulling 2bada8a74506...  56% ▕████████        ▏ 2.6 GB/4.7 GB   17 MB/s    2m0s[K[?25h[?2026l[?2026h[?25l[A[1Gpulling manifest [K
pulling 2bada8a74506...  56% ▕█████████       ▏ 2.6 GB/4.7 GB   17 MB/s    2m0s[K[?25h[?2026l[?2026h[?25l[A[1Gpulling manifest [K
pulling 2bada8a74506...  56% ▕█████████       ▏ 2.6 GB/4.7 GB   17 MB/s    2m0s[K[?25h[?2026l[?2026h[?25l[A[1Gpulling manifest [K
pulling 2bada8a74506...  56% ▕█████████       ▏ 2.6 GB/4.7 GB   17 MB/s   1m59s[K[?25h[?2026l[?2026h[?25l[A[1Gpulling manifest [K
pulling 2bada8a74506...  56% ▕█████████       ▏ 2.6 GB/4.7 GB   17 MB/s   1m59s[K[?25h[?2026l[?2026h[?25l[A[1Gpulling manifest [K
pulling 2bada8a74506...  56% ▕█████████       ▏ 2.6 GB/4.7 GB   17 MB/s   1m59s[K[?25h[?2026l[?2026h[?25l[A[1Gpulling manifest [K
pulling 2bada8a74506...  56% ▕█████████       ▏ 2.6 GB/4.7 GB   17 MB/s   1m59s[K[?25h[?2026l[?2026h[?25l[A[1Gpulling manifest [K
pulling 2bada8a74506...  56% ▕█████████       ▏ 2.6 GB/4.7 GB   17 MB/s   1m59s[K[?25h[?2026l[?2026h[?25l[A[1Gpulling manifest [K
pulling 2bada8a74506...  57% ▕█████████       ▏ 2.6 GB/4.7 GB   17 MB/s   1m58s[K[?25h[?2026l[?2026h[?25l[A[1Gpulling manifest [K
pulling 2bada8a74506...  57% ▕█████████       ▏ 2.6 GB/4.7 GB   17 MB/s   1m58s[K[?25h[?2026l[?2026h[?25l[A[1Gpulling manifest [K
pulling 2bada8a74506...  57% ▕█████████       ▏ 2.7 GB/4.7 GB   17 MB/s   1m58s[K[?25h[?2026l[?2026h[?25l[A[1Gpulling manifest [K
pulling 2bada8a74506...  57% ▕█████████       ▏ 2.7 GB/4.7 GB   17 MB/s   1m58s[K[?25h[?2026l[?2026h[?25l[A[1Gpulling manifest [K
pulling 2bada8a74506...  57% ▕█████████       ▏ 2.7 GB/4.7 GB   17 MB/s   1m58s[K[?25h[?2026l[?2026h[?25l[A[1Gpulling manifest [K
pulling 2bada8a74506...  57% ▕█████████       ▏ 2.7 GB/4.7 GB   17 MB/s   1m58s[K[?25h[?2026l[?2026h[?25l[A[1Gpulling manifest [K
pulling 2bada8a74506...  57% ▕█████████       ▏ 2.7 GB/4.7 GB   17 MB/s   1m57s[K[?25h[?2026l[?2026h[?25l[A[1Gpulling manifest [K
pulling 2bada8a74506...  57% ▕█████████       ▏ 2.7 GB/4.7 GB   17 MB/s   1m57s[K[?25h[?2026l[?2026h[?25l[A[1Gpulling manifest [K
pulling 2bada8a74506...  57% ▕█████████       ▏ 2.7 GB/4.7 GB   17 MB/s   1m57s[K[?25h[?2026l[?2026h[?25l[A[1Gpulling manifest [K
pulling 2bada8a74506...  57% ▕█████████       ▏ 2.7 GB/4.7 GB   17 MB/s   1m57s[K[?25h[?2026l[?2026h[?25l[A[1Gpulling manifest [K
pulling 2bada8a74506...  57% ▕█████████       ▏ 2.7 GB/4.7 GB   17 MB/s   1m57s[K[?25h[?2026l[?2026h[?25l[A[1Gpulling manifest [K
pulling 2bada8a74506...  57% ▕█████████       ▏ 2.7 GB/4.7 GB   17 MB/s   1m57s[K[?25h[?2026l[?2026h[?25l[A[1Gpulling manifest [K
pulling 2bada8a74506...  57% ▕█████████       ▏ 2.7 GB/4.7 GB   17 MB/s   1m57s[K[?25h[?2026l[?2026h[?25l[A[1Gpulling manifest [K
pulling 2bada8a74506...  57% ▕█████████       ▏ 2.7 GB/4.7 GB   17 MB/s   1m57s[K[?25h[?2026l[?2026h[?25l[A[1Gpulling manifest [K
pulling 2bada8a74506...  57% ▕█████████       ▏ 2.7 GB/4.7 GB   17 MB/s   1m57s[K[?25h[?2026l[?2026h[?25l[A[1Gpulling manifest [K
pulling 2bada8a74506...  57% ▕█████████       ▏ 2.7 GB/4.7 GB   17 MB/s   1m57s[K[?25h[?2026l[?2026h[?25l[A[1Gpulling manifest [K
pulling 2bada8a74506...  57% ▕█████████       ▏ 2.7 GB/4.7 GB   17 MB/s   1m57s[K[?25h[?2026l[?2026h[?25l[A[1Gpulling manifest [K
pulling 2bada8a74506...  57% ▕█████████       ▏ 2.7 GB/4.7 GB   17 MB/s   1m57s[K[?25h[?2026l[?2026h[?25l[A[1Gpulling manifest [K
pulling 2bada8a74506...  57% ▕█████████       ▏ 2.7 GB/4.7 GB   17 MB/s   1m56s[K[?25h[?2026l[?2026h[?25l[A[1Gpulling manifest [K
pulling 2bada8a74506...  57% ▕█████████       ▏ 2.7 GB/4.7 GB   17 MB/s   1m56s[K[?25h[?2026l[?2026h[?25l[A[1Gpulling manifest [K
pulling 2bada8a74506...  57% ▕█████████       ▏ 2.7 GB/4.7 GB   17 MB/s   1m56s[K[?25h[?2026l[?2026h[?25l[A[1Gpulling manifest [K
pulling 2bada8a74506...  57% ▕█████████       ▏ 2.7 GB/4.7 GB   17 MB/s   1m56s[K[?25h[?2026l[?2026h[?25l[A[1Gpulling manifest [K
pulling 2bada8a74506...  57% ▕█████████       ▏ 2.7 GB/4.7 GB   17 MB/s   1m56s[K[?25h[?2026l[?2026h[?25l[A[1Gpulling manifest [K
pulling 2bada8a74506...  57% ▕█████████       ▏ 2.7 GB/4.7 GB   17 MB/s   1m56s[K[?25h[?2026l[?2026h[?25l[A[1Gpulling manifest [K
pulling 2bada8a74506...  57% ▕█████████       ▏ 2.7 GB/4.7 GB   17 MB/s   1m56s[K[?25h[?2026l[?2026h[?25l[A[1Gpulling manifest [K
pulling 2bada8a74506...  57% ▕█████████       ▏ 2.7 GB/4.7 GB   17 MB/s   1m56s[K[?25h[?2026l[?2026h[?25l[A[1Gpulling manifest [K
pulling 2bada8a74506...  57% ▕█████████       ▏ 2.7 GB/4.7 GB   17 MB/s   1m56s[K[?25h[?2026l[?2026h[?25l[A[1Gpulling manifest [K
pulling 2bada8a74506...  57% ▕█████████       ▏ 2.7 GB/4.7 GB   17 MB/s   1m56s[K[?25h[?2026l[?2026h[?25l[A[1Gpulling manifest [K
pulling 2bada8a74506...  58% ▕█████████       ▏ 2.7 GB/4.7 GB   17 MB/s   1m56s[K[?25h[?2026l[?2026h[?25l[A[1Gpulling manifest [K
pulling 2bada8a74506...  58% ▕█████████       ▏ 2.7 GB/4.7 GB   17 MB/s   1m56s[K[?25h[?2026l[?2026h[?25l[A[1Gpulling manifest [K
pulling 2bada8a74506...  58% ▕█████████       ▏ 2.7 GB/4.7 GB   17 MB/s   1m55s[K[?25h[?2026l[?2026h[?25l[A[1Gpulling manifest [K
pulling 2bada8a74506...  58% ▕█████████       ▏ 2.7 GB/4.7 GB   17 MB/s   1m55s[K[?25h[?2026l[?2026h[?25l[A[1Gpulling manifest [K
pulling 2bada8a74506...  58% ▕█████████       ▏ 2.7 GB/4.7 GB   17 MB/s   1m55s[K[?25h[?2026l[?2026h[?25l[A[1Gpulling manifest [K
pulling 2bada8a74506...  58% ▕█████████       ▏ 2.7 GB/4.7 GB   17 MB/s   1m55s[K[?25h[?2026l[?2026h[?25l[A[1Gpulling manifest [K
pulling 2bada8a74506...  58% ▕█████████       ▏ 2.7 GB/4.7 GB   17 MB/s   1m55s[K[?25h[?2026l[?2026h[?25l[A[1Gpulling manifest [K
pulling 2bada8a74506...  58% ▕█████████       ▏ 2.7 GB/4.7 GB   17 MB/s   1m55s[K[?25h[?2026l[?2026h[?25l[A[1Gpulling manifest [K
pulling 2bada8a74506...  58% ▕█████████       ▏ 2.7 GB/4.7 GB   17 MB/s   1m54s[K[?25h[?2026l[?2026h[?25l[A[1Gpulling manifest [K
pulling 2bada8a74506...  58% ▕█████████       ▏ 2.7 GB/4.7 GB   17 MB/s   1m54s[K[?25h[?2026l[?2026h[?25l[A[1Gpulling manifest [K
pulling 2bada8a74506...  58% ▕█████████       ▏ 2.7 GB/4.7 GB   17 MB/s   1m54s[K[?25h[?2026l[?2026h[?25l[A[1Gpulling manifest [K
pulling 2bada8a74506...  58% ▕█████████       ▏ 2.7 GB/4.7 GB   17 MB/s   1m54s[K[?25h[?2026l[?2026h[?25l[A[1Gpulling manifest [K
pulling 2bada8a74506...  58% ▕█████████       ▏ 2.7 GB/4.7 GB   17 MB/s   1m54s[K[?25h[?2026l[?2026h[?25l[A[1Gpulling manifest [K
pulling 2bada8a74506...  58% ▕█████████       ▏ 2.7 GB/4.7 GB   17 MB/s   1m54s[K[?25h[?2026l[?2026h[?25l[A[1Gpulling manifest [K
pulling 2bada8a74506...  58% ▕█████████       ▏ 2.7 GB/4.7 GB   17 MB/s   1m54s[K[?25h[?2026l[?2026h[?25l[A[1Gpulling manifest [K
pulling 2bada8a74506...  58% ▕█████████       ▏ 2.7 GB/4.7 GB   17 MB/s   1m53s[K[?25h[?2026l[?2026h[?25l[A[1Gpulling manifest [K
pulling 2bada8a74506...  58% ▕█████████       ▏ 2.7 GB/4.7 GB   17 MB/s   1m53s[K[?25h[?2026l[?2026h[?25l[A[1Gpulling manifest [K
pulling 2bada8a74506...  58% ▕█████████       ▏ 2.7 GB/4.7 GB   17 MB/s   1m53s[K[?25h[?2026l[?2026h[?25l[A[1Gpulling manifest [K
pulling 2bada8a74506...  58% ▕█████████       ▏ 2.7 GB/4.7 GB   17 MB/s   1m53s[K[?25h[?2026l[?2026h[?25l[A[1Gpulling manifest [K
pulling 2bada8a74506...  58% ▕█████████       ▏ 2.7 GB/4.7 GB   17 MB/s   1m53s[K[?25h[?2026l[?2026h[?25l[A[1Gpulling manifest [K
pulling 2bada8a74506...  58% ▕█████████       ▏ 2.7 GB/4.7 GB   17 MB/s   1m53s[K[?25h[?2026l[?2026h[?25l[A[1Gpulling manifest [K
pulling 2bada8a74506...  58% ▕█████████       ▏ 2.7 GB/4.7 GB   17 MB/s   1m53s[K[?25h[?2026l[?2026h[?25l[A[1Gpulling manifest [K
pulling 2bada8a74506...  58% ▕█████████       ▏ 2.7 GB/4.7 GB   17 MB/s   1m53s[K[?25h[?2026l[?2026h[?25l[A[1Gpulling manifest [K
pulling 2bada8a74506...  58% ▕█████████       ▏ 2.7 GB/4.7 GB   17 MB/s   1m51s[K[?25h[?2026l[?2026h[?25l[A[1Gpulling manifest [K
pulling 2bada8a74506...  58% ▕█████████       ▏ 2.7 GB/4.7 GB   17 MB/s   1m51s[K[?25h[?2026l[?2026h[?25l[A[1Gpulling manifest [K
pulling 2bada8a74506...  58% ▕█████████       ▏ 2.7 GB/4.7 GB   17 MB/s   1m51s[K[?25h[?2026l[?2026h[?25l[A[1Gpulling manifest [K
pulling 2bada8a74506...  58% ▕█████████       ▏ 2.7 GB/4.7 GB   17 MB/s   1m51s[K[?25h[?2026l[?2026h[?25l[A[1Gpulling manifest [K
pulling 2bada8a74506...  59% ▕█████████       ▏ 2.7 GB/4.7 GB   17 MB/s   1m51s[K[?25h[?2026l[?2026h[?25l[A[1Gpulling manifest [K
pulling 2bada8a74506...  59% ▕█████████       ▏ 2.7 GB/4.7 GB   17 MB/s   1m51s[K[?25h[?2026l[?2026h[?25l[A[1Gpulling manifest [K
pulling 2bada8a74506...  59% ▕█████████       ▏ 2.7 GB/4.7 GB   17 MB/s   1m51s[K[?25h[?2026l[?2026h[?25l[A[1Gpulling manifest [K
pulling 2bada8a74506...  59% ▕█████████       ▏ 2.7 GB/4.7 GB   17 MB/s   1m51s[K[?25h[?2026l[?2026h[?25l[A[1Gpulling manifest [K
pulling 2bada8a74506...  59% ▕█████████       ▏ 2.7 GB/4.7 GB   17 MB/s   1m51s[K[?25h[?2026l[?2026h[?25l[A[1Gpulling manifest [K
pulling 2bada8a74506...  59% ▕█████████       ▏ 2.7 GB/4.7 GB   17 MB/s   1m51s[K[?25h[?2026l[?2026h[?25l[A[1Gpulling manifest [K
pulling 2bada8a74506...  59% ▕█████████       ▏ 2.8 GB/4.7 GB   17 MB/s   1m52s[K[?25h[?2026l[?2026h[?25l[A[1Gpulling manifest [K
pulling 2bada8a74506...  59% ▕█████████       ▏ 2.8 GB/4.7 GB   17 MB/s   1m51s[K[?25h[?2026l[?2026h[?25l[A[1Gpulling manifest [K
pulling 2bada8a74506...  59% ▕█████████       ▏ 2.8 GB/4.7 GB   17 MB/s   1m51s[K[?25h[?2026l[?2026h[?25l[A[1Gpulling manifest [K
pulling 2bada8a74506...  59% ▕█████████       ▏ 2.8 GB/4.7 GB   17 MB/s   1m51s[K[?25h[?2026l[?2026h[?25l[A[1Gpulling manifest [K
pulling 2bada8a74506...  59% ▕█████████       ▏ 2.8 GB/4.7 GB   17 MB/s   1m51s[K[?25h[?2026l[?2026h[?25l[A[1Gpulling manifest [K
pulling 2bada8a74506...  59% ▕█████████       ▏ 2.8 GB/4.7 GB   17 MB/s   1m51s[K[?25h[?2026l[?2026h[?25l[A[1Gpulling manifest [K
pulling 2bada8a74506...  59% ▕█████████       ▏ 2.8 GB/4.7 GB   17 MB/s   1m51s[K[?25h[?2026l[?2026h[?25l[A[1Gpulling manifest [K
pulling 2bada8a74506...  59% ▕█████████       ▏ 2.8 GB/4.7 GB   17 MB/s   1m51s[K[?25h[?2026l[?2026h[?25l[A[1Gpulling manifest [K
pulling 2bada8a74506...  59% ▕█████████       ▏ 2.8 GB/4.7 GB   17 MB/s   1m51s[K[?25h[?2026l[?2026h[?25l[A[1Gpulling manifest [K
pulling 2bada8a74506...  59% ▕█████████       ▏ 2.8 GB/4.7 GB   17 MB/s   1m51s[K[?25h[?2026l[?2026h[?25l[A[1Gpulling manifest [K
pulling 2bada8a74506...  59% ▕█████████       ▏ 2.8 GB/4.7 GB   17 MB/s   1m51s[K[?25h[?2026l[?2026h[?25l[A[1Gpulling manifest [K
pulling 2bada8a74506...  59% ▕█████████       ▏ 2.8 GB/4.7 GB   17 MB/s   1m50s[K[?25h[?2026l[?2026h[?25l[A[1Gpulling manifest [K
pulling 2bada8a74506...  59% ▕█████████       ▏ 2.8 GB/4.7 GB   17 MB/s   1m49s[K[?25h[?2026l[?2026h[?25l[A[1Gpulling manifest [K
pulling 2bada8a74506...  59% ▕█████████       ▏ 2.8 GB/4.7 GB   17 MB/s   1m49s[K[?25h[?2026l[?2026h[?25l[A[1Gpulling manifest [K
pulling 2bada8a74506...  59% ▕█████████       ▏ 2.8 GB/4.7 GB   17 MB/s   1m49s[K[?25h[?2026l[?2026h[?25l[A[1Gpulling manifest [K
pulling 2bada8a74506...  59% ▕█████████       ▏ 2.8 GB/4.7 GB   17 MB/s   1m49s[K[?25h[?2026l[?2026h[?25l[A[1Gpulling manifest [K
pulling 2bada8a74506...  59% ▕█████████       ▏ 2.8 GB/4.7 GB   17 MB/s   1m49s[K[?25h[?2026l[?2026h[?25l[A[1Gpulling manifest [K
pulling 2bada8a74506...  59% ▕█████████       ▏ 2.8 GB/4.7 GB   17 MB/s   1m49s[K[?25h[?2026l[?2026h[?25l[A[1Gpulling manifest [K
pulling 2bada8a74506...  59% ▕█████████       ▏ 2.8 GB/4.7 GB   17 MB/s   1m49s[K[?25h[?2026l[?2026h[?25l[A[1Gpulling manifest [K
pulling 2bada8a74506...  59% ▕█████████       ▏ 2.8 GB/4.7 GB   17 MB/s   1m49s[K[?25h[?2026l[?2026h[?25l[A[1Gpulling manifest [K
pulling 2bada8a74506...  59% ▕█████████       ▏ 2.8 GB/4.7 GB   17 MB/s   1m49s[K[?25h[?2026l[?2026h[?25l[A[1Gpulling manifest [K
pulling 2bada8a74506...  60% ▕█████████       ▏ 2.8 GB/4.7 GB   17 MB/s   1m48s[K[?25h[?2026l[?2026h[?25l[A[1Gpulling manifest [K
pulling 2bada8a74506...  60% ▕█████████       ▏ 2.8 GB/4.7 GB   17 MB/s   1m48s[K[?25h[?2026l[?2026h[?25l[A[1Gpulling manifest [K
pulling 2bada8a74506...  60% ▕█████████       ▏ 2.8 GB/4.7 GB   17 MB/s   1m47s[K[?25h[?2026l[?2026h[?25l[A[1Gpulling manifest [K
pulling 2bada8a74506...  60% ▕█████████       ▏ 2.8 GB/4.7 GB   17 MB/s   1m47s[K[?25h[?2026l[?2026h[?25l[A[1Gpulling manifest [K
pulling 2bada8a74506...  60% ▕█████████       ▏ 2.8 GB/4.7 GB   17 MB/s   1m47s[K[?25h[?2026l[?2026h[?25l[A[1Gpulling manifest [K
pulling 2bada8a74506...  60% ▕█████████       ▏ 2.8 GB/4.7 GB   17 MB/s   1m47s[K[?25h[?2026l[?2026h[?25l[A[1Gpulling manifest [K
pulling 2bada8a74506...  60% ▕█████████       ▏ 2.8 GB/4.7 GB   17 MB/s   1m47s[K[?25h[?2026l[?2026h[?25l[A[1Gpulling manifest [K
pulling 2bada8a74506...  60% ▕█████████       ▏ 2.8 GB/4.7 GB   17 MB/s   1m47s[K[?25h[?2026l[?2026h[?25l[A[1Gpulling manifest [K
pulling 2bada8a74506...  60% ▕█████████       ▏ 2.8 GB/4.7 GB   17 MB/s   1m47s[K[?25h[?2026l[?2026h[?25l[A[1Gpulling manifest [K
pulling 2bada8a74506...  60% ▕█████████       ▏ 2.8 GB/4.7 GB   17 MB/s   1m47s[K[?25h[?2026l[?2026h[?25l[A[1Gpulling manifest [K
pulling 2bada8a74506...  60% ▕█████████       ▏ 2.8 GB/4.7 GB   17 MB/s   1m46s[K[?25h[?2026l[?2026h[?25l[A[1Gpulling manifest [K
pulling 2bada8a74506...  60% ▕█████████       ▏ 2.8 GB/4.7 GB   17 MB/s   1m46s[K[?25h[?2026l[?2026h[?25l[A[1Gpulling manifest [K
pulling 2bada8a74506...  60% ▕█████████       ▏ 2.8 GB/4.7 GB   17 MB/s   1m46s[K[?25h[?2026l[?2026h[?25l[A[1Gpulling manifest [K
pulling 2bada8a74506...  60% ▕█████████       ▏ 2.8 GB/4.7 GB   17 MB/s   1m46s[K[?25h[?2026l[?2026h[?25l[A[1Gpulling manifest [K
pulling 2bada8a74506...  60% ▕█████████       ▏ 2.8 GB/4.7 GB   17 MB/s   1m46s[K[?25h[?2026l[?2026h[?25l[A[1Gpulling manifest [K
pulling 2bada8a74506...  60% ▕█████████       ▏ 2.8 GB/4.7 GB   17 MB/s   1m46s[K[?25h[?2026l[?2026h[?25l[A[1Gpulling manifest [K
pulling 2bada8a74506...  60% ▕█████████       ▏ 2.8 GB/4.7 GB   17 MB/s   1m46s[K[?25h[?2026l[?2026h[?25l[A[1Gpulling manifest [K
pulling 2bada8a74506...  60% ▕█████████       ▏ 2.8 GB/4.7 GB   17 MB/s   1m46s[K[?25h[?2026l[?2026h[?25l[A[1Gpulling manifest [K
pulling 2bada8a74506...  60% ▕█████████       ▏ 2.8 GB/4.7 GB   17 MB/s   1m45s[K[?25h[?2026l[?2026h[?25l[A[1Gpulling manifest [K
pulling 2bada8a74506...  60% ▕█████████       ▏ 2.8 GB/4.7 GB   17 MB/s   1m45s[K[?25h[?2026l[?2026h[?25l[A[1Gpulling manifest [K
pulling 2bada8a74506...  60% ▕█████████       ▏ 2.8 GB/4.7 GB   17 MB/s   1m45s[K[?25h[?2026l[?2026h[?25l[A[1Gpulling manifest [K
pulling 2bada8a74506...  60% ▕█████████       ▏ 2.8 GB/4.7 GB   17 MB/s   1m45s[K[?25h[?2026l[?2026h[?25l[A[1Gpulling manifest [K
pulling 2bada8a74506...  60% ▕█████████       ▏ 2.8 GB/4.7 GB   17 MB/s   1m45s[K[?25h[?2026l[?2026h[?25l[A[1Gpulling manifest [K
pulling 2bada8a74506...  60% ▕█████████       ▏ 2.8 GB/4.7 GB   17 MB/s   1m45s[K[?25h[?2026l[?2026h[?25l[A[1Gpulling manifest [K
pulling 2bada8a74506...  60% ▕█████████       ▏ 2.8 GB/4.7 GB   17 MB/s   1m45s[K[?25h[?2026l[?2026h[?25l[A[1Gpulling manifest [K
pulling 2bada8a74506...  60% ▕█████████       ▏ 2.8 GB/4.7 GB   17 MB/s   1m45s[K[?25h[?2026l[?2026h[?25l[A[1Gpulling manifest [K
pulling 2bada8a74506...  61% ▕█████████       ▏ 2.8 GB/4.7 GB   17 MB/s   1m44s[K[?25h[?2026l[?2026h[?25l[A[1Gpulling manifest [K
pulling 2bada8a74506...  61% ▕█████████       ▏ 2.8 GB/4.7 GB   17 MB/s   1m44s[K[?25h[?2026l[?2026h[?25l[A[1Gpulling manifest [K
pulling 2bada8a74506...  61% ▕█████████       ▏ 2.8 GB/4.7 GB   17 MB/s   1m44s[K[?25h[?2026l[?2026h[?25l[A[1Gpulling manifest [K
pulling 2bada8a74506...  61% ▕█████████       ▏ 2.8 GB/4.7 GB   17 MB/s   1m44s[K[?25h[?2026l[?2026h[?25l[A[1Gpulling manifest [K
pulling 2bada8a74506...  61% ▕█████████       ▏ 2.8 GB/4.7 GB   17 MB/s   1m43s[K[?25h[?2026l[?2026h[?25l[A[1Gpulling manifest [K
pulling 2bada8a74506...  61% ▕█████████       ▏ 2.8 GB/4.7 GB   17 MB/s   1m43s[K[?25h[?2026l[?2026h[?25l[A[1Gpulling manifest [K
pulling 2bada8a74506...  61% ▕█████████       ▏ 2.8 GB/4.7 GB   17 MB/s   1m43s[K[?25h[?2026l[?2026h[?25l[A[1Gpulling manifest [K
pulling 2bada8a74506...  61% ▕█████████       ▏ 2.8 GB/4.7 GB   17 MB/s   1m43s[K[?25h[?2026l[?2026h[?25l[A[1Gpulling manifest [K
pulling 2bada8a74506...  61% ▕█████████       ▏ 2.8 GB/4.7 GB   17 MB/s   1m42s[K[?25h[?2026l[?2026h[?25l[A[1Gpulling manifest [K
pulling 2bada8a74506...  61% ▕█████████       ▏ 2.8 GB/4.7 GB   17 MB/s   1m42s[K[?25h[?2026l[?2026h[?25l[A[1Gpulling manifest [K
pulling 2bada8a74506...  61% ▕█████████       ▏ 2.9 GB/4.7 GB   17 MB/s   1m42s[K[?25h[?2026l[?2026h[?25l[A[1Gpulling manifest [K
pulling 2bada8a74506...  61% ▕█████████       ▏ 2.9 GB/4.7 GB   17 MB/s   1m42s[K[?25h[?2026l[?2026h[?25l[A[1Gpulling manifest [K
pulling 2bada8a74506...  61% ▕█████████       ▏ 2.9 GB/4.7 GB   17 MB/s   1m42s[K[?25h[?2026l[?2026h[?25l[A[1Gpulling manifest [K
pulling 2bada8a74506...  61% ▕█████████       ▏ 2.9 GB/4.7 GB   17 MB/s   1m42s[K[?25h[?2026l[?2026h[?25l[A[1Gpulling manifest [K
pulling 2bada8a74506...  61% ▕█████████       ▏ 2.9 GB/4.7 GB   17 MB/s   1m42s[K[?25h[?2026l[?2026h[?25l[A[1Gpulling manifest [K
pulling 2bada8a74506...  61% ▕█████████       ▏ 2.9 GB/4.7 GB   17 MB/s   1m43s[K[?25h[?2026l[?2026h[?25l[A[1Gpulling manifest [K
pulling 2bada8a74506...  61% ▕█████████       ▏ 2.9 GB/4.7 GB   17 MB/s   1m43s[K[?25h[?2026l[?2026h[?25l[A[1Gpulling manifest [K
pulling 2bada8a74506...  61% ▕█████████       ▏ 2.9 GB/4.7 GB   17 MB/s   1m43s[K[?25h[?2026l[?2026h[?25l[A[1Gpulling manifest [K
pulling 2bada8a74506...  61% ▕█████████       ▏ 2.9 GB/4.7 GB   17 MB/s   1m43s[K[?25h[?2026l[?2026h[?25l[A[1Gpulling manifest [K
pulling 2bada8a74506...  61% ▕█████████       ▏ 2.9 GB/4.7 GB   17 MB/s   1m43s[K[?25h[?2026l[?2026h[?25l[A[1Gpulling manifest [K
pulling 2bada8a74506...  61% ▕█████████       ▏ 2.9 GB/4.7 GB   17 MB/s   1m43s[K[?25h[?2026l[?2026h[?25l[A[1Gpulling manifest [K
pulling 2bada8a74506...  61% ▕█████████       ▏ 2.9 GB/4.7 GB   17 MB/s   1m42s[K[?25h[?2026l[?2026h[?25l[A[1Gpulling manifest [K
pulling 2bada8a74506...  61% ▕█████████       ▏ 2.9 GB/4.7 GB   17 MB/s   1m42s[K[?25h[?2026l[?2026h[?25l[A[1Gpulling manifest [K
pulling 2bada8a74506...  61% ▕█████████       ▏ 2.9 GB/4.7 GB   17 MB/s   1m42s[K[?25h[?2026l[?2026h[?25l[A[1Gpulling manifest [K
pulling 2bada8a74506...  61% ▕█████████       ▏ 2.9 GB/4.7 GB   17 MB/s   1m42s[K[?25h[?2026l[?2026h[?25l[A[1Gpulling manifest [K
pulling 2bada8a74506...  61% ▕█████████       ▏ 2.9 GB/4.7 GB   17 MB/s   1m42s[K[?25h[?2026l[?2026h[?25l[A[1Gpulling manifest [K
pulling 2bada8a74506...  61% ▕█████████       ▏ 2.9 GB/4.7 GB   17 MB/s   1m42s[K[?25h[?2026l[?2026h[?25l[A[1Gpulling manifest [K
pulling 2bada8a74506...  62% ▕█████████       ▏ 2.9 GB/4.7 GB   17 MB/s   1m42s[K[?25h[?2026l[?2026h[?25l[A[1Gpulling manifest [K
pulling 2bada8a74506...  62% ▕█████████       ▏ 2.9 GB/4.7 GB   17 MB/s   1m42s[K[?25h[?2026l[?2026h[?25l[A[1Gpulling manifest [K
pulling 2bada8a74506...  62% ▕█████████       ▏ 2.9 GB/4.7 GB   17 MB/s   1m42s[K[?25h[?2026l[?2026h[?25l[A[1Gpulling manifest [K
pulling 2bada8a74506...  62% ▕█████████       ▏ 2.9 GB/4.7 GB   17 MB/s   1m42s[K[?25h[?2026l[?2026h[?25l[A[1Gpulling manifest [K
pulling 2bada8a74506...  62% ▕█████████       ▏ 2.9 GB/4.7 GB   17 MB/s   1m42s[K[?25h[?2026l[?2026h[?25l[A[1Gpulling manifest [K
pulling 2bada8a74506...  62% ▕█████████       ▏ 2.9 GB/4.7 GB   17 MB/s   1m42s[K[?25h[?2026l[?2026h[?25l[A[1Gpulling manifest [K
pulling 2bada8a74506...  62% ▕█████████       ▏ 2.9 GB/4.7 GB   17 MB/s   1m42s[K[?25h[?2026l[?2026h[?25l[A[1Gpulling manifest [K
pulling 2bada8a74506...  62% ▕█████████       ▏ 2.9 GB/4.7 GB   17 MB/s   1m41s[K[?25h[?2026l[?2026h[?25l[A[1Gpulling manifest [K
pulling 2bada8a74506...  62% ▕█████████       ▏ 2.9 GB/4.7 GB   17 MB/s   1m41s[K[?25h[?2026l[?2026h[?25l[A[1Gpulling manifest [K
pulling 2bada8a74506...  62% ▕█████████       ▏ 2.9 GB/4.7 GB   17 MB/s   1m41s[K[?25h[?2026l[?2026h[?25l[A[1Gpulling manifest [K
pulling 2bada8a74506...  62% ▕█████████       ▏ 2.9 GB/4.7 GB   17 MB/s   1m41s[K[?25h[?2026l[?2026h[?25l[A[1Gpulling manifest [K
pulling 2bada8a74506...  62% ▕█████████       ▏ 2.9 GB/4.7 GB   17 MB/s   1m41s[K[?25h[?2026l[?2026h[?25l[A[1Gpulling manifest [K
pulling 2bada8a74506...  62% ▕█████████       ▏ 2.9 GB/4.7 GB   17 MB/s   1m41s[K[?25h[?2026l[?2026h[?25l[A[1Gpulling manifest [K
pulling 2bada8a74506...  62% ▕█████████       ▏ 2.9 GB/4.7 GB   17 MB/s   1m41s[K[?25h[?2026l[?2026h[?25l[A[1Gpulling manifest [K
pulling 2bada8a74506...  62% ▕█████████       ▏ 2.9 GB/4.7 GB   17 MB/s   1m41s[K[?25h[?2026l[?2026h[?25l[A[1Gpulling manifest [K
pulling 2bada8a74506...  62% ▕█████████       ▏ 2.9 GB/4.7 GB   17 MB/s   1m41s[K[?25h[?2026l[?2026h[?25l[A[1Gpulling manifest [K
pulling 2bada8a74506...  62% ▕█████████       ▏ 2.9 GB/4.7 GB   17 MB/s   1m40s[K[?25h[?2026l[?2026h[?25l[A[1Gpulling manifest [K
pulling 2bada8a74506...  62% ▕█████████       ▏ 2.9 GB/4.7 GB   17 MB/s   1m40s[K[?25h[?2026l[?2026h[?25l[A[1Gpulling manifest [K
pulling 2bada8a74506...  62% ▕█████████       ▏ 2.9 GB/4.7 GB   18 MB/s   1m37s[K[?25h[?2026l[?2026h[?25l[A[1Gpulling manifest [K
pulling 2bada8a74506...  62% ▕█████████       ▏ 2.9 GB/4.7 GB   18 MB/s   1m37s[K[?25h[?2026l[?2026h[?25l[A[1Gpulling manifest [K
pulling 2bada8a74506...  62% ▕█████████       ▏ 2.9 GB/4.7 GB   18 MB/s   1m37s[K[?25h[?2026l[?2026h[?25l[A[1Gpulling manifest [K
pulling 2bada8a74506...  62% ▕█████████       ▏ 2.9 GB/4.7 GB   18 MB/s   1m37s[K[?25h[?2026l[?2026h[?25l[A[1Gpulling manifest [K
pulling 2bada8a74506...  62% ▕█████████       ▏ 2.9 GB/4.7 GB   18 MB/s   1m37s[K[?25h[?2026l[?2026h[?25l[A[1Gpulling manifest [K
pulling 2bada8a74506...  62% ▕█████████       ▏ 2.9 GB/4.7 GB   18 MB/s   1m37s[K[?25h[?2026l[?2026h[?25l[A[1Gpulling manifest [K
pulling 2bada8a74506...  62% ▕█████████       ▏ 2.9 GB/4.7 GB   18 MB/s   1m37s[K[?25h[?2026l[?2026h[?25l[A[1Gpulling manifest [K
pulling 2bada8a74506...  62% ▕█████████       ▏ 2.9 GB/4.7 GB   18 MB/s   1m37s[K[?25h[?2026l[?2026h[?25l[A[1Gpulling manifest [K
pulling 2bada8a74506...  62% ▕█████████       ▏ 2.9 GB/4.7 GB   18 MB/s   1m37s[K[?25h[?2026l[?2026h[?25l[A[1Gpulling manifest [K
pulling 2bada8a74506...  62% ▕█████████       ▏ 2.9 GB/4.7 GB   18 MB/s   1m37s[K[?25h[?2026l[?2026h[?25l[A[1Gpulling manifest [K
pulling 2bada8a74506...  62% ▕█████████       ▏ 2.9 GB/4.7 GB   17 MB/s   1m39s[K[?25h[?2026l[?2026h[?25l[A[1Gpulling manifest [K
pulling 2bada8a74506...  63% ▕██████████      ▏ 2.9 GB/4.7 GB   17 MB/s   1m39s[K[?25h[?2026l[?2026h[?25l[A[1Gpulling manifest [K
pulling 2bada8a74506...  63% ▕██████████      ▏ 2.9 GB/4.7 GB   17 MB/s   1m39s[K[?25h[?2026l[?2026h[?25l[A[1Gpulling manifest [K
pulling 2bada8a74506...  63% ▕██████████      ▏ 2.9 GB/4.7 GB   17 MB/s   1m39s[K[?25h[?2026l[?2026h[?25l[A[1Gpulling manifest [K
pulling 2bada8a74506...  63% ▕██████████      ▏ 2.9 GB/4.7 GB   17 MB/s   1m39s[K[?25h[?2026l[?2026h[?25l[A[1Gpulling manifest [K
pulling 2bada8a74506...  63% ▕██████████      ▏ 2.9 GB/4.7 GB   17 MB/s   1m39s[K[?25h[?2026l[?2026h[?25l[A[1Gpulling manifest [K
pulling 2bada8a74506...  63% ▕██████████      ▏ 2.9 GB/4.7 GB   17 MB/s   1m39s[K[?25h[?2026l[?2026h[?25l[A[1Gpulling manifest [K
pulling 2bada8a74506...  63% ▕██████████      ▏ 2.9 GB/4.7 GB   17 MB/s   1m39s[K[?25h[?2026l[?2026h[?25l[A[1Gpulling manifest [K
pulling 2bada8a74506...  63% ▕██████████      ▏ 2.9 GB/4.7 GB   17 MB/s   1m39s[K[?25h[?2026l[?2026h[?25l[A[1Gpulling manifest [K
pulling 2bada8a74506...  63% ▕██████████      ▏ 2.9 GB/4.7 GB   17 MB/s   1m38s[K[?25h[?2026l[?2026h[?25l[A[1Gpulling manifest [K
pulling 2bada8a74506...  63% ▕██████████      ▏ 2.9 GB/4.7 GB   17 MB/s   1m38s[K[?25h[?2026l[?2026h[?25l[A[1Gpulling manifest [K
pulling 2bada8a74506...  63% ▕██████████      ▏ 2.9 GB/4.7 GB   17 MB/s   1m40s[K[?25h[?2026l[?2026h[?25l[A[1Gpulling manifest [K
pulling 2bada8a74506...  63% ▕██████████      ▏ 2.9 GB/4.7 GB   17 MB/s   1m39s[K[?25h[?2026l[?2026h[?25l[A[1Gpulling manifest [K
pulling 2bada8a74506...  63% ▕██████████      ▏ 2.9 GB/4.7 GB   17 MB/s   1m39s[K[?25h[?2026l[?2026h[?25l[A[1Gpulling manifest [K
pulling 2bada8a74506...  63% ▕██████████      ▏ 2.9 GB/4.7 GB   17 MB/s   1m39s[K[?25h[?2026l[?2026h[?25l[A[1Gpulling manifest [K
pulling 2bada8a74506...  63% ▕██████████      ▏ 3.0 GB/4.7 GB   17 MB/s   1m39s[K[?25h[?2026l[?2026h[?25l[A[1Gpulling manifest [K
pulling 2bada8a74506...  63% ▕██████████      ▏ 3.0 GB/4.7 GB   17 MB/s   1m39s[K[?25h[?2026l[?2026h[?25l[A[1Gpulling manifest [K
pulling 2bada8a74506...  63% ▕██████████      ▏ 3.0 GB/4.7 GB   17 MB/s   1m39s[K[?25h[?2026l[?2026h[?25l[A[1Gpulling manifest [K
pulling 2bada8a74506...  63% ▕██████████      ▏ 3.0 GB/4.7 GB   17 MB/s   1m39s[K[?25h[?2026l[?2026h[?25l[A[1Gpulling manifest [K
pulling 2bada8a74506...  63% ▕██████████      ▏ 3.0 GB/4.7 GB   17 MB/s   1m39s[K[?25h[?2026l[?2026h[?25l[A[1Gpulling manifest [K
pulling 2bada8a74506...  63% ▕██████████      ▏ 3.0 GB/4.7 GB   17 MB/s   1m39s[K[?25h[?2026l[?2026h[?25l[A[1Gpulling manifest [K
pulling 2bada8a74506...  63% ▕██████████      ▏ 3.0 GB/4.7 GB   17 MB/s   1m39s[K[?25h[?2026l[?2026h[?25l[A[1Gpulling manifest [K
pulling 2bada8a74506...  63% ▕██████████      ▏ 3.0 GB/4.7 GB   17 MB/s   1m39s[K[?25h[?2026l[?2026h[?25l[A[1Gpulling manifest [K
pulling 2bada8a74506...  63% ▕██████████      ▏ 3.0 GB/4.7 GB   17 MB/s   1m39s[K[?25h[?2026l[?2026h[?25l[A[1Gpulling manifest [K
pulling 2bada8a74506...  63% ▕██████████      ▏ 3.0 GB/4.7 GB   17 MB/s   1m39s[K[?25h[?2026l[?2026h[?25l[A[1Gpulling manifest [K
pulling 2bada8a74506...  63% ▕██████████      ▏ 3.0 GB/4.7 GB   17 MB/s   1m39s[K[?25h[?2026l[?2026h[?25l[A[1Gpulling manifest [K
pulling 2bada8a74506...  63% ▕██████████      ▏ 3.0 GB/4.7 GB   17 MB/s   1m39s[K[?25h[?2026l[?2026h[?25l[A[1Gpulling manifest [K
pulling 2bada8a74506...  63% ▕██████████      ▏ 3.0 GB/4.7 GB   17 MB/s   1m39s[K[?25h[?2026l[?2026h[?25l[A[1Gpulling manifest [K
pulling 2bada8a74506...  63% ▕██████████      ▏ 3.0 GB/4.7 GB   17 MB/s   1m39s[K[?25h[?2026l[?2026h[?25l[A[1Gpulling manifest [K
pulling 2bada8a74506...  64% ▕██████████      ▏ 3.0 GB/4.7 GB   17 MB/s   1m39s[K[?25h[?2026l[?2026h[?25l[A[1Gpulling manifest [K
pulling 2bada8a74506...  64% ▕██████████      ▏ 3.0 GB/4.7 GB   17 MB/s   1m38s[K[?25h[?2026l[?2026h[?25l[A[1Gpulling manifest [K
pulling 2bada8a74506...  64% ▕██████████      ▏ 3.0 GB/4.7 GB   17 MB/s   1m39s[K[?25h[?2026l[?2026h[?25l[A[1Gpulling manifest [K
pulling 2bada8a74506...  64% ▕██████████      ▏ 3.0 GB/4.7 GB   17 MB/s   1m39s[K[?25h[?2026l[?2026h[?25l[A[1Gpulling manifest [K
pulling 2bada8a74506...  64% ▕██████████      ▏ 3.0 GB/4.7 GB   17 MB/s   1m39s[K[?25h[?2026l[?2026h[?25l[A[1Gpulling manifest [K
pulling 2bada8a74506...  64% ▕██████████      ▏ 3.0 GB/4.7 GB   17 MB/s   1m39s[K[?25h[?2026l[?2026h[?25l[A[1Gpulling manifest [K
pulling 2bada8a74506...  64% ▕██████████      ▏ 3.0 GB/4.7 GB   17 MB/s   1m39s[K[?25h[?2026l[?2026h[?25l[A[1Gpulling manifest [K
pulling 2bada8a74506...  64% ▕██████████      ▏ 3.0 GB/4.7 GB   17 MB/s   1m39s[K[?25h[?2026l[?2026h[?25l[A[1Gpulling manifest [K
pulling 2bada8a74506...  64% ▕██████████      ▏ 3.0 GB/4.7 GB   17 MB/s   1m39s[K[?25h[?2026l[?2026h[?25l[A[1Gpulling manifest [K
pulling 2bada8a74506...  64% ▕██████████      ▏ 3.0 GB/4.7 GB   17 MB/s   1m39s[K[?25h[?2026l[?2026h[?25l[A[1Gpulling manifest [K
pulling 2bada8a74506...  64% ▕██████████      ▏ 3.0 GB/4.7 GB   17 MB/s   1m39s[K[?25h[?2026l[?2026h[?25l[A[1Gpulling manifest [K
pulling 2bada8a74506...  64% ▕██████████      ▏ 3.0 GB/4.7 GB   17 MB/s   1m39s[K[?25h[?2026l[?2026h[?25l[A[1Gpulling manifest [K
pulling 2bada8a74506...  64% ▕██████████      ▏ 3.0 GB/4.7 GB   16 MB/s   1m40s[K[?25h[?2026l[?2026h[?25l[A[1Gpulling manifest [K
pulling 2bada8a74506...  64% ▕██████████      ▏ 3.0 GB/4.7 GB   16 MB/s   1m40s[K[?25h[?2026l[?2026h[?25l[A[1Gpulling manifest [K
pulling 2bada8a74506...  64% ▕██████████      ▏ 3.0 GB/4.7 GB   16 MB/s   1m40s[K[?25h[?2026l[?2026h[?25l[A[1Gpulling manifest [K
pulling 2bada8a74506...  64% ▕██████████      ▏ 3.0 GB/4.7 GB   16 MB/s   1m40s[K[?25h[?2026l[?2026h[?25l[A[1Gpulling manifest [K
pulling 2bada8a74506...  64% ▕██████████      ▏ 3.0 GB/4.7 GB   16 MB/s   1m40s[K[?25h[?2026l[?2026h[?25l[A[1Gpulling manifest [K
pulling 2bada8a74506...  64% ▕██████████      ▏ 3.0 GB/4.7 GB   16 MB/s   1m40s[K[?25h[?2026l[?2026h[?25l[A[1Gpulling manifest [K
pulling 2bada8a74506...  64% ▕██████████      ▏ 3.0 GB/4.7 GB   16 MB/s   1m39s[K[?25h[?2026l[?2026h[?25l[A[1Gpulling manifest [K
pulling 2bada8a74506...  64% ▕██████████      ▏ 3.0 GB/4.7 GB   16 MB/s   1m39s[K[?25h[?2026l[?2026h[?25l[A[1Gpulling manifest [K
pulling 2bada8a74506...  64% ▕██████████      ▏ 3.0 GB/4.7 GB   16 MB/s   1m39s[K[?25h[?2026l[?2026h[?25l[A[1Gpulling manifest [K
pulling 2bada8a74506...  64% ▕██████████      ▏ 3.0 GB/4.7 GB   16 MB/s   1m39s[K[?25h[?2026l[?2026h[?25l[A[1Gpulling manifest [K
pulling 2bada8a74506...  64% ▕██████████      ▏ 3.0 GB/4.7 GB   16 MB/s   1m39s[K[?25h[?2026l[?2026h[?25l[A[1Gpulling manifest [K
pulling 2bada8a74506...  64% ▕██████████      ▏ 3.0 GB/4.7 GB   16 MB/s   1m39s[K[?25h[?2026l[?2026h[?25l[A[1Gpulling manifest [K
pulling 2bada8a74506...  64% ▕██████████      ▏ 3.0 GB/4.7 GB   16 MB/s   1m39s[K[?25h[?2026l[?2026h[?25l[A[1Gpulling manifest [K
pulling 2bada8a74506...  64% ▕██████████      ▏ 3.0 GB/4.7 GB   16 MB/s   1m39s[K[?25h[?2026l[?2026h[?25l[A[1Gpulling manifest [K
pulling 2bada8a74506...  64% ▕██████████      ▏ 3.0 GB/4.7 GB   16 MB/s   1m39s[K[?25h[?2026l[?2026h[?25l[A[1Gpulling manifest [K
pulling 2bada8a74506...  64% ▕██████████      ▏ 3.0 GB/4.7 GB   16 MB/s   1m38s[K[?25h[?2026l[?2026h[?25l[A[1Gpulling manifest [K
pulling 2bada8a74506...  64% ▕██████████      ▏ 3.0 GB/4.7 GB   16 MB/s   1m38s[K[?25h[?2026l[?2026h[?25l[A[1Gpulling manifest [K
pulling 2bada8a74506...  64% ▕██████████      ▏ 3.0 GB/4.7 GB   16 MB/s   1m38s[K[?25h[?2026l[?2026h[?25l[A[1Gpulling manifest [K
pulling 2bada8a74506...  65% ▕██████████      ▏ 3.0 GB/4.7 GB   16 MB/s   1m38s[K[?25h[?2026l[?2026h[?25l[A[1Gpulling manifest [K
pulling 2bada8a74506...  65% ▕██████████      ▏ 3.0 GB/4.7 GB   16 MB/s   1m38s[K[?25h[?2026l[?2026h[?25l[A[1Gpulling manifest [K
pulling 2bada8a74506...  65% ▕██████████      ▏ 3.0 GB/4.7 GB   16 MB/s   1m38s[K[?25h[?2026l[?2026h[?25l[A[1Gpulling manifest [K
pulling 2bada8a74506...  65% ▕██████████      ▏ 3.0 GB/4.7 GB   16 MB/s   1m39s[K[?25h[?2026l[?2026h[?25l[A[1Gpulling manifest [K
pulling 2bada8a74506...  65% ▕██████████      ▏ 3.0 GB/4.7 GB   16 MB/s   1m39s[K[?25h[?2026l[?2026h[?25l[A[1Gpulling manifest [K
pulling 2bada8a74506...  65% ▕██████████      ▏ 3.0 GB/4.7 GB   16 MB/s   1m39s[K[?25h[?2026l[?2026h[?25l[A[1Gpulling manifest [K
pulling 2bada8a74506...  65% ▕██████████      ▏ 3.0 GB/4.7 GB   16 MB/s   1m39s[K[?25h[?2026l[?2026h[?25l[A[1Gpulling manifest [K
pulling 2bada8a74506...  65% ▕██████████      ▏ 3.0 GB/4.7 GB   16 MB/s   1m39s[K[?25h[?2026l[?2026h[?25l[A[1Gpulling manifest [K
pulling 2bada8a74506...  65% ▕██████████      ▏ 3.0 GB/4.7 GB   16 MB/s   1m39s[K[?25h[?2026l[?2026h[?25l[A[1Gpulling manifest [K
pulling 2bada8a74506...  65% ▕██████████      ▏ 3.0 GB/4.7 GB   16 MB/s   1m39s[K[?25h[?2026l[?2026h[?25l[A[1Gpulling manifest [K
pulling 2bada8a74506...  65% ▕██████████      ▏ 3.0 GB/4.7 GB   16 MB/s   1m38s[K[?25h[?2026l[?2026h[?25l[A[1Gpulling manifest [K
pulling 2bada8a74506...  65% ▕██████████      ▏ 3.0 GB/4.7 GB   16 MB/s   1m38s[K[?25h[?2026l[?2026h[?25l[A[1Gpulling manifest [K
pulling 2bada8a74506...  65% ▕██████████      ▏ 3.0 GB/4.7 GB   16 MB/s   1m38s[K[?25h[?2026l[?2026h[?25l[A[1Gpulling manifest [K
pulling 2bada8a74506...  65% ▕██████████      ▏ 3.0 GB/4.7 GB   16 MB/s   1m39s[K[?25h[?2026l[?2026h[?25l[A[1Gpulling manifest [K
pulling 2bada8a74506...  65% ▕██████████      ▏ 3.0 GB/4.7 GB   16 MB/s   1m39s[K[?25h[?2026l[?2026h[?25l[A[1Gpulling manifest [K
pulling 2bada8a74506...  65% ▕██████████      ▏ 3.0 GB/4.7 GB   16 MB/s   1m38s[K[?25h[?2026l[?2026h[?25l[A[1Gpulling manifest [K
pulling 2bada8a74506...  65% ▕██████████      ▏ 3.0 GB/4.7 GB   16 MB/s   1m38s[K[?25h[?2026l[?2026h[?25l[A[1Gpulling manifest [K
pulling 2bada8a74506...  65% ▕██████████      ▏ 3.1 GB/4.7 GB   16 MB/s   1m38s[K[?25h[?2026l[?2026h[?25l[A[1Gpulling manifest [K
pulling 2bada8a74506...  65% ▕██████████      ▏ 3.1 GB/4.7 GB   16 MB/s   1m38s[K[?25h[?2026l[?2026h[?25l[A[1Gpulling manifest [K
pulling 2bada8a74506...  65% ▕██████████      ▏ 3.1 GB/4.7 GB   16 MB/s   1m38s[K[?25h[?2026l[?2026h[?25l[A[1Gpulling manifest [K
pulling 2bada8a74506...  65% ▕██████████      ▏ 3.1 GB/4.7 GB   16 MB/s   1m38s[K[?25h[?2026l[?2026h[?25l[A[1Gpulling manifest [K
pulling 2bada8a74506...  65% ▕██████████      ▏ 3.1 GB/4.7 GB   16 MB/s   1m38s[K[?25h[?2026l[?2026h[?25l[A[1Gpulling manifest [K
pulling 2bada8a74506...  65% ▕██████████      ▏ 3.1 GB/4.7 GB   16 MB/s   1m38s[K[?25h[?2026l[?2026h[?25l[A[1Gpulling manifest [K
pulling 2bada8a74506...  65% ▕██████████      ▏ 3.1 GB/4.7 GB   16 MB/s   1m39s[K[?25h[?2026l[?2026h[?25l[A[1Gpulling manifest [K
pulling 2bada8a74506...  65% ▕██████████      ▏ 3.1 GB/4.7 GB   16 MB/s   1m39s[K[?25h[?2026l[?2026h[?25l[A[1Gpulling manifest [K
pulling 2bada8a74506...  65% ▕██████████      ▏ 3.1 GB/4.7 GB   16 MB/s   1m38s[K[?25h[?2026l[?2026h[?25l[A[1Gpulling manifest [K
pulling 2bada8a74506...  65% ▕██████████      ▏ 3.1 GB/4.7 GB   16 MB/s   1m38s[K[?25h[?2026l[?2026h[?25l[A[1Gpulling manifest [K
pulling 2bada8a74506...  66% ▕██████████      ▏ 3.1 GB/4.7 GB   16 MB/s   1m38s[K[?25h[?2026l[?2026h[?25l[A[1Gpulling manifest [K
pulling 2bada8a74506...  66% ▕██████████      ▏ 3.1 GB/4.7 GB   16 MB/s   1m38s[K[?25h[?2026l[?2026h[?25l[A[1Gpulling manifest [K
pulling 2bada8a74506...  66% ▕██████████      ▏ 3.1 GB/4.7 GB   16 MB/s   1m38s[K[?25h[?2026l[?2026h[?25l[A[1Gpulling manifest [K
pulling 2bada8a74506...  66% ▕██████████      ▏ 3.1 GB/4.7 GB   16 MB/s   1m38s[K[?25h[?2026l[?2026h[?25l[A[1Gpulling manifest [K
pulling 2bada8a74506...  66% ▕██████████      ▏ 3.1 GB/4.7 GB   16 MB/s   1m38s[K[?25h[?2026l[?2026h[?25l[A[1Gpulling manifest [K
pulling 2bada8a74506...  66% ▕██████████      ▏ 3.1 GB/4.7 GB   16 MB/s   1m38s[K[?25h[?2026l[?2026h[?25l[A[1Gpulling manifest [K
pulling 2bada8a74506...  66% ▕██████████      ▏ 3.1 GB/4.7 GB   16 MB/s   1m35s[K[?25h[?2026l[?2026h[?25l[A[1Gpulling manifest [K
pulling 2bada8a74506...  66% ▕██████████      ▏ 3.1 GB/4.7 GB   16 MB/s   1m34s[K[?25h[?2026l[?2026h[?25l[A[1Gpulling manifest [K
pulling 2bada8a74506...  66% ▕██████████      ▏ 3.1 GB/4.7 GB   16 MB/s   1m34s[K[?25h[?2026l[?2026h[?25l[A[1Gpulling manifest [K
pulling 2bada8a74506...  66% ▕██████████      ▏ 3.1 GB/4.7 GB   16 MB/s   1m34s[K[?25h[?2026l[?2026h[?25l[A[1Gpulling manifest [K
pulling 2bada8a74506...  66% ▕██████████      ▏ 3.1 GB/4.7 GB   16 MB/s   1m34s[K[?25h[?2026l[?2026h[?25l[A[1Gpulling manifest [K
pulling 2bada8a74506...  66% ▕██████████      ▏ 3.1 GB/4.7 GB   16 MB/s   1m34s[K[?25h[?2026l[?2026h[?25l[A[1Gpulling manifest [K
pulling 2bada8a74506...  66% ▕██████████      ▏ 3.1 GB/4.7 GB   16 MB/s   1m34s[K[?25h[?2026l[?2026h[?25l[A[1Gpulling manifest [K
pulling 2bada8a74506...  66% ▕██████████      ▏ 3.1 GB/4.7 GB   16 MB/s   1m34s[K[?25h[?2026l[?2026h[?25l[A[1Gpulling manifest [K
pulling 2bada8a74506...  66% ▕██████████      ▏ 3.1 GB/4.7 GB   16 MB/s   1m34s[K[?25h[?2026l[?2026h[?25l[A[1Gpulling manifest [K
pulling 2bada8a74506...  66% ▕██████████      ▏ 3.1 GB/4.7 GB   16 MB/s   1m34s[K[?25h[?2026l[?2026h[?25l[A[1Gpulling manifest [K
pulling 2bada8a74506...  66% ▕██████████      ▏ 3.1 GB/4.7 GB   16 MB/s   1m35s[K[?25h[?2026l[?2026h[?25l[A[1Gpulling manifest [K
pulling 2bada8a74506...  66% ▕██████████      ▏ 3.1 GB/4.7 GB   16 MB/s   1m35s[K[?25h[?2026l[?2026h[?25l[A[1Gpulling manifest [K
pulling 2bada8a74506...  66% ▕██████████      ▏ 3.1 GB/4.7 GB   16 MB/s   1m34s[K[?25h[?2026l[?2026h[?25l[A[1Gpulling manifest [K
pulling 2bada8a74506...  66% ▕██████████      ▏ 3.1 GB/4.7 GB   16 MB/s   1m34s[K[?25h[?2026l[?2026h[?25l[A[1Gpulling manifest [K
pulling 2bada8a74506...  66% ▕██████████      ▏ 3.1 GB/4.7 GB   16 MB/s   1m34s[K[?25h[?2026l[?2026h[?25l[A[1Gpulling manifest [K
pulling 2bada8a74506...  66% ▕██████████      ▏ 3.1 GB/4.7 GB   16 MB/s   1m34s[K[?25h[?2026l[?2026h[?25l[A[1Gpulling manifest [K
pulling 2bada8a74506...  66% ▕██████████      ▏ 3.1 GB/4.7 GB   16 MB/s   1m34s[K[?25h[?2026l[?2026h[?25l[A[1Gpulling manifest [K
pulling 2bada8a74506...  66% ▕██████████      ▏ 3.1 GB/4.7 GB   16 MB/s   1m34s[K[?25h[?2026l[?2026h[?25l[A[1Gpulling manifest [K
pulling 2bada8a74506...  66% ▕██████████      ▏ 3.1 GB/4.7 GB   16 MB/s   1m34s[K[?25h[?2026l[?2026h[?25l[A[1Gpulling manifest [K
pulling 2bada8a74506...  66% ▕██████████      ▏ 3.1 GB/4.7 GB   16 MB/s   1m34s[K[?25h[?2026l[?2026h[?25l[A[1Gpulling manifest [K
pulling 2bada8a74506...  66% ▕██████████      ▏ 3.1 GB/4.7 GB   16 MB/s   1m34s[K[?25h[?2026l[?2026h[?25l[A[1Gpulling manifest [K
pulling 2bada8a74506...  66% ▕██████████      ▏ 3.1 GB/4.7 GB   16 MB/s   1m33s[K[?25h[?2026l[?2026h[?25l[A[1Gpulling manifest [K
pulling 2bada8a74506...  66% ▕██████████      ▏ 3.1 GB/4.7 GB   16 MB/s   1m33s[K[?25h[?2026l[?2026h[?25l[A[1Gpulling manifest [K
pulling 2bada8a74506...  67% ▕██████████      ▏ 3.1 GB/4.7 GB   16 MB/s   1m33s[K[?25h[?2026l[?2026h[?25l[A[1Gpulling manifest [K
pulling 2bada8a74506...  67% ▕██████████      ▏ 3.1 GB/4.7 GB   16 MB/s   1m33s[K[?25h[?2026l[?2026h[?25l[A[1Gpulling manifest [K
pulling 2bada8a74506...  67% ▕██████████      ▏ 3.1 GB/4.7 GB   16 MB/s   1m33s[K[?25h[?2026l[?2026h[?25l[A[1Gpulling manifest [K
pulling 2bada8a74506...  67% ▕██████████      ▏ 3.1 GB/4.7 GB   16 MB/s   1m33s[K[?25h[?2026l[?2026h[?25l[A[1Gpulling manifest [K
pulling 2bada8a74506...  67% ▕██████████      ▏ 3.1 GB/4.7 GB   16 MB/s   1m33s[K[?25h[?2026l[?2026h[?25l[A[1Gpulling manifest [K
pulling 2bada8a74506...  67% ▕██████████      ▏ 3.1 GB/4.7 GB   16 MB/s   1m33s[K[?25h[?2026l[?2026h[?25l[A[1Gpulling manifest [K
pulling 2bada8a74506...  67% ▕██████████      ▏ 3.1 GB/4.7 GB   16 MB/s   1m33s[K[?25h[?2026l[?2026h[?25l[A[1Gpulling manifest [K
pulling 2bada8a74506...  67% ▕██████████      ▏ 3.1 GB/4.7 GB   16 MB/s   1m32s[K[?25h[?2026l[?2026h[?25l[A[1Gpulling manifest [K
pulling 2bada8a74506...  67% ▕██████████      ▏ 3.1 GB/4.7 GB   17 MB/s   1m31s[K[?25h[?2026l[?2026h[?25l[A[1Gpulling manifest [K
pulling 2bada8a74506...  67% ▕██████████      ▏ 3.1 GB/4.7 GB   17 MB/s   1m31s[K[?25h[?2026l[?2026h[?25l[A[1Gpulling manifest [K
pulling 2bada8a74506...  67% ▕██████████      ▏ 3.1 GB/4.7 GB   17 MB/s   1m31s[K[?25h[?2026l[?2026h[?25l[A[1Gpulling manifest [K
pulling 2bada8a74506...  67% ▕██████████      ▏ 3.1 GB/4.7 GB   17 MB/s   1m30s[K[?25h[?2026l[?2026h[?25l[A[1Gpulling manifest [K
pulling 2bada8a74506...  67% ▕██████████      ▏ 3.1 GB/4.7 GB   17 MB/s   1m30s[K[?25h[?2026l[?2026h[?25l[A[1Gpulling manifest [K
pulling 2bada8a74506...  67% ▕██████████      ▏ 3.1 GB/4.7 GB   17 MB/s   1m30s[K[?25h[?2026l[?2026h[?25l[A[1Gpulling manifest [K
pulling 2bada8a74506...  67% ▕██████████      ▏ 3.1 GB/4.7 GB   17 MB/s   1m30s[K[?25h[?2026l[?2026h[?25l[A[1Gpulling manifest [K
pulling 2bada8a74506...  67% ▕██████████      ▏ 3.1 GB/4.7 GB   17 MB/s   1m30s[K[?25h[?2026l[?2026h[?25l[A[1Gpulling manifest [K
pulling 2bada8a74506...  67% ▕██████████      ▏ 3.1 GB/4.7 GB   17 MB/s   1m30s[K[?25h[?2026l[?2026h[?25l[A[1Gpulling manifest [K
pulling 2bada8a74506...  67% ▕██████████      ▏ 3.1 GB/4.7 GB   17 MB/s   1m30s[K[?25h[?2026l[?2026h[?25l[A[1Gpulling manifest [K
pulling 2bada8a74506...  67% ▕██████████      ▏ 3.1 GB/4.7 GB   17 MB/s   1m29s[K[?25h[?2026l[?2026h[?25l[A[1Gpulling manifest [K
pulling 2bada8a74506...  67% ▕██████████      ▏ 3.1 GB/4.7 GB   17 MB/s   1m29s[K[?25h[?2026l[?2026h[?25l[A[1Gpulling manifest [K
pulling 2bada8a74506...  67% ▕██████████      ▏ 3.2 GB/4.7 GB   17 MB/s   1m28s[K[?25h[?2026l[?2026h[?25l[A[1Gpulling manifest [K
pulling 2bada8a74506...  67% ▕██████████      ▏ 3.2 GB/4.7 GB   17 MB/s   1m28s[K[?25h[?2026l[?2026h[?25l[A[1Gpulling manifest [K
pulling 2bada8a74506...  67% ▕██████████      ▏ 3.2 GB/4.7 GB   17 MB/s   1m28s[K[?25h[?2026l[?2026h[?25l[A[1Gpulling manifest [K
pulling 2bada8a74506...  67% ▕██████████      ▏ 3.2 GB/4.7 GB   17 MB/s   1m28s[K[?25h[?2026l[?2026h[?25l[A[1Gpulling manifest [K
pulling 2bada8a74506...  67% ▕██████████      ▏ 3.2 GB/4.7 GB   17 MB/s   1m28s[K[?25h[?2026l[?2026h[?25l[A[1Gpulling manifest [K
pulling 2bada8a74506...  68% ▕██████████      ▏ 3.2 GB/4.7 GB   17 MB/s   1m28s[K[?25h[?2026l[?2026h[?25l[A[1Gpulling manifest [K
pulling 2bada8a74506...  68% ▕██████████      ▏ 3.2 GB/4.7 GB   17 MB/s   1m28s[K[?25h[?2026l[?2026h[?25l[A[1Gpulling manifest [K
pulling 2bada8a74506...  68% ▕██████████      ▏ 3.2 GB/4.7 GB   17 MB/s   1m28s[K[?25h[?2026l[?2026h[?25l[A[1Gpulling manifest [K
pulling 2bada8a74506...  68% ▕██████████      ▏ 3.2 GB/4.7 GB   17 MB/s   1m26s[K[?25h[?2026l[?2026h[?25l[A[1Gpulling manifest [K
pulling 2bada8a74506...  68% ▕██████████      ▏ 3.2 GB/4.7 GB   17 MB/s   1m26s[K[?25h[?2026l[?2026h[?25l[A[1Gpulling manifest [K
pulling 2bada8a74506...  68% ▕██████████      ▏ 3.2 GB/4.7 GB   17 MB/s   1m26s[K[?25h[?2026l[?2026h[?25l[A[1Gpulling manifest [K
pulling 2bada8a74506...  68% ▕██████████      ▏ 3.2 GB/4.7 GB   17 MB/s   1m26s[K[?25h[?2026l[?2026h[?25l[A[1Gpulling manifest [K
pulling 2bada8a74506...  68% ▕██████████      ▏ 3.2 GB/4.7 GB   17 MB/s   1m26s[K[?25h[?2026l[?2026h[?25l[A[1Gpulling manifest [K
pulling 2bada8a74506...  68% ▕██████████      ▏ 3.2 GB/4.7 GB   17 MB/s   1m26s[K[?25h[?2026l[?2026h[?25l[A[1Gpulling manifest [K
pulling 2bada8a74506...  68% ▕██████████      ▏ 3.2 GB/4.7 GB   17 MB/s   1m26s[K[?25h[?2026l[?2026h[?25l[A[1Gpulling manifest [K
pulling 2bada8a74506...  68% ▕██████████      ▏ 3.2 GB/4.7 GB   17 MB/s   1m26s[K[?25h[?2026l[?2026h[?25l[A[1Gpulling manifest [K
pulling 2bada8a74506...  68% ▕██████████      ▏ 3.2 GB/4.7 GB   17 MB/s   1m25s[K[?25h[?2026l[?2026h[?25l[A[1Gpulling manifest [K
pulling 2bada8a74506...  68% ▕██████████      ▏ 3.2 GB/4.7 GB   17 MB/s   1m25s[K[?25h[?2026l[?2026h[?25l[A[1Gpulling manifest [K
pulling 2bada8a74506...  68% ▕██████████      ▏ 3.2 GB/4.7 GB   17 MB/s   1m25s[K[?25h[?2026l[?2026h[?25l[A[1Gpulling manifest [K
pulling 2bada8a74506...  68% ▕██████████      ▏ 3.2 GB/4.7 GB   17 MB/s   1m25s[K[?25h[?2026l[?2026h[?25l[A[1Gpulling manifest [K
pulling 2bada8a74506...  68% ▕██████████      ▏ 3.2 GB/4.7 GB   17 MB/s   1m25s[K[?25h[?2026l[?2026h[?25l[A[1Gpulling manifest [K
pulling 2bada8a74506...  68% ▕██████████      ▏ 3.2 GB/4.7 GB   17 MB/s   1m25s[K[?25h[?2026l[?2026h[?25l[A[1Gpulling manifest [K
pulling 2bada8a74506...  68% ▕██████████      ▏ 3.2 GB/4.7 GB   17 MB/s   1m24s[K[?25h[?2026l[?2026h[?25l[A[1Gpulling manifest [K
pulling 2bada8a74506...  68% ▕██████████      ▏ 3.2 GB/4.7 GB   17 MB/s   1m24s[K[?25h[?2026l[?2026h[?25l[A[1Gpulling manifest [K
pulling 2bada8a74506...  68% ▕██████████      ▏ 3.2 GB/4.7 GB   17 MB/s   1m24s[K[?25h[?2026l[?2026h[?25l[A[1Gpulling manifest [K
pulling 2bada8a74506...  68% ▕██████████      ▏ 3.2 GB/4.7 GB   17 MB/s   1m24s[K[?25h[?2026l[?2026h[?25l[A[1Gpulling manifest [K
pulling 2bada8a74506...  68% ▕██████████      ▏ 3.2 GB/4.7 GB   17 MB/s   1m24s[K[?25h[?2026l[?2026h[?25l[A[1Gpulling manifest [K
pulling 2bada8a74506...  68% ▕██████████      ▏ 3.2 GB/4.7 GB   17 MB/s   1m24s[K[?25h[?2026l[?2026h[?25l[A[1Gpulling manifest [K
pulling 2bada8a74506...  68% ▕██████████      ▏ 3.2 GB/4.7 GB   17 MB/s   1m24s[K[?25h[?2026l[?2026h[?25l[A[1Gpulling manifest [K
pulling 2bada8a74506...  68% ▕██████████      ▏ 3.2 GB/4.7 GB   17 MB/s   1m24s[K[?25h[?2026l[?2026h[?25l[A[1Gpulling manifest [K
pulling 2bada8a74506...  68% ▕██████████      ▏ 3.2 GB/4.7 GB   17 MB/s   1m23s[K[?25h[?2026l[?2026h[?25l[A[1Gpulling manifest [K
pulling 2bada8a74506...  68% ▕██████████      ▏ 3.2 GB/4.7 GB   17 MB/s   1m23s[K[?25h[?2026l[?2026h[?25l[A[1Gpulling manifest [K
pulling 2bada8a74506...  69% ▕██████████      ▏ 3.2 GB/4.7 GB   17 MB/s   1m23s[K[?25h[?2026l[?2026h[?25l[A[1Gpulling manifest [K
pulling 2bada8a74506...  69% ▕██████████      ▏ 3.2 GB/4.7 GB   17 MB/s   1m23s[K[?25h[?2026l[?2026h[?25l[A[1Gpulling manifest [K
pulling 2bada8a74506...  69% ▕██████████      ▏ 3.2 GB/4.7 GB   17 MB/s   1m23s[K[?25h[?2026l[?2026h[?25l[A[1Gpulling manifest [K
pulling 2bada8a74506...  69% ▕██████████      ▏ 3.2 GB/4.7 GB   17 MB/s   1m23s[K[?25h[?2026l[?2026h[?25l[A[1Gpulling manifest [K
pulling 2bada8a74506...  69% ▕██████████      ▏ 3.2 GB/4.7 GB   17 MB/s   1m23s[K[?25h[?2026l[?2026h[?25l[A[1Gpulling manifest [K
pulling 2bada8a74506...  69% ▕██████████      ▏ 3.2 GB/4.7 GB   17 MB/s   1m23s[K[?25h[?2026l[?2026h[?25l[A[1Gpulling manifest [K
pulling 2bada8a74506...  69% ▕██████████      ▏ 3.2 GB/4.7 GB   17 MB/s   1m23s[K[?25h[?2026l[?2026h[?25l[A[1Gpulling manifest [K
pulling 2bada8a74506...  69% ▕███████████     ▏ 3.2 GB/4.7 GB   17 MB/s   1m22s[K[?25h[?2026l[?2026h[?25l[A[1Gpulling manifest [K
pulling 2bada8a74506...  69% ▕███████████     ▏ 3.2 GB/4.7 GB   17 MB/s   1m22s[K[?25h[?2026l[?2026h[?25l[A[1Gpulling manifest [K
pulling 2bada8a74506...  69% ▕███████████     ▏ 3.2 GB/4.7 GB   17 MB/s   1m22s[K[?25h[?2026l[?2026h[?25l[A[1Gpulling manifest [K
pulling 2bada8a74506...  69% ▕███████████     ▏ 3.2 GB/4.7 GB   17 MB/s   1m22s[K[?25h[?2026l[?2026h[?25l[A[1Gpulling manifest [K
pulling 2bada8a74506...  69% ▕███████████     ▏ 3.2 GB/4.7 GB   17 MB/s   1m22s[K[?25h[?2026l[?2026h[?25l[A[1Gpulling manifest [K
pulling 2bada8a74506...  69% ▕███████████     ▏ 3.2 GB/4.7 GB   17 MB/s   1m22s[K[?25h[?2026l[?2026h[?25l[A[1Gpulling manifest [K
pulling 2bada8a74506...  69% ▕███████████     ▏ 3.2 GB/4.7 GB   17 MB/s   1m22s[K[?25h[?2026l[?2026h[?25l[A[1Gpulling manifest [K
pulling 2bada8a74506...  69% ▕███████████     ▏ 3.2 GB/4.7 GB   17 MB/s   1m22s[K[?25h[?2026l[?2026h[?25l[A[1Gpulling manifest [K
pulling 2bada8a74506...  69% ▕███████████     ▏ 3.2 GB/4.7 GB   17 MB/s   1m22s[K[?25h[?2026l[?2026h[?25l[A[1Gpulling manifest [K
pulling 2bada8a74506...  69% ▕███████████     ▏ 3.2 GB/4.7 GB   17 MB/s   1m21s[K[?25h[?2026l[?2026h[?25l[A[1Gpulling manifest [K
pulling 2bada8a74506...  69% ▕███████████     ▏ 3.2 GB/4.7 GB   17 MB/s   1m22s[K[?25h[?2026l[?2026h[?25l[A[1Gpulling manifest [K
pulling 2bada8a74506...  69% ▕███████████     ▏ 3.2 GB/4.7 GB   17 MB/s   1m22s[K[?25h[?2026l[?2026h[?25l[A[1Gpulling manifest [K
pulling 2bada8a74506...  69% ▕███████████     ▏ 3.2 GB/4.7 GB   17 MB/s   1m21s[K[?25h[?2026l[?2026h[?25l[A[1Gpulling manifest [K
pulling 2bada8a74506...  69% ▕███████████     ▏ 3.2 GB/4.7 GB   17 MB/s   1m21s[K[?25h[?2026l[?2026h[?25l[A[1Gpulling manifest [K
pulling 2bada8a74506...  69% ▕███████████     ▏ 3.2 GB/4.7 GB   17 MB/s   1m21s[K[?25h[?2026l[?2026h[?25l[A[1Gpulling manifest [K
pulling 2bada8a74506...  69% ▕███████████     ▏ 3.2 GB/4.7 GB   17 MB/s   1m21s[K[?25h[?2026l[?2026h[?25l[A[1Gpulling manifest [K
pulling 2bada8a74506...  69% ▕███████████     ▏ 3.2 GB/4.7 GB   17 MB/s   1m21s[K[?25h[?2026l[?2026h[?25l[A[1Gpulling manifest [K
pulling 2bada8a74506...  69% ▕███████████     ▏ 3.2 GB/4.7 GB   17 MB/s   1m21s[K[?25h[?2026l[?2026h[?25l[A[1Gpulling manifest [K
pulling 2bada8a74506...  69% ▕███████████     ▏ 3.3 GB/4.7 GB   17 MB/s   1m21s[K[?25h[?2026l[?2026h[?25l[A[1Gpulling manifest [K
pulling 2bada8a74506...  69% ▕███████████     ▏ 3.3 GB/4.7 GB   17 MB/s   1m21s[K[?25h[?2026l[?2026h[?25l[A[1Gpulling manifest [K
pulling 2bada8a74506...  70% ▕███████████     ▏ 3.3 GB/4.7 GB   17 MB/s   1m19s[K[?25h[?2026l[?2026h[?25l[A[1Gpulling manifest [K
pulling 2bada8a74506...  70% ▕███████████     ▏ 3.3 GB/4.7 GB   17 MB/s   1m19s[K[?25h[?2026l[?2026h[?25l[A[1Gpulling manifest [K
pulling 2bada8a74506...  70% ▕███████████     ▏ 3.3 GB/4.7 GB   17 MB/s   1m19s[K[?25h[?2026l[?2026h[?25l[A[1Gpulling manifest [K
pulling 2bada8a74506...  70% ▕███████████     ▏ 3.3 GB/4.7 GB   17 MB/s   1m19s[K[?25h[?2026l[?2026h[?25l[A[1Gpulling manifest [K
pulling 2bada8a74506...  70% ▕███████████     ▏ 3.3 GB/4.7 GB   17 MB/s   1m19s[K[?25h[?2026l[?2026h[?25l[A[1Gpulling manifest [K
pulling 2bada8a74506...  70% ▕███████████     ▏ 3.3 GB/4.7 GB   17 MB/s   1m19s[K[?25h[?2026l[?2026h[?25l[A[1Gpulling manifest [K
pulling 2bada8a74506...  70% ▕███████████     ▏ 3.3 GB/4.7 GB   17 MB/s   1m19s[K[?25h[?2026l[?2026h[?25l[A[1Gpulling manifest [K
pulling 2bada8a74506...  70% ▕███████████     ▏ 3.3 GB/4.7 GB   17 MB/s   1m19s[K[?25h[?2026l[?2026h[?25l[A[1Gpulling manifest [K
pulling 2bada8a74506...  70% ▕███████████     ▏ 3.3 GB/4.7 GB   17 MB/s   1m19s[K[?25h[?2026l[?2026h[?25l[A[1Gpulling manifest [K
pulling 2bada8a74506...  70% ▕███████████     ▏ 3.3 GB/4.7 GB   17 MB/s   1m19s[K[?25h[?2026l[?2026h[?25l[A[1Gpulling manifest [K
pulling 2bada8a74506...  70% ▕███████████     ▏ 3.3 GB/4.7 GB   17 MB/s   1m21s[K[?25h[?2026l[?2026h[?25l[A[1Gpulling manifest [K
pulling 2bada8a74506...  70% ▕███████████     ▏ 3.3 GB/4.7 GB   17 MB/s   1m20s[K[?25h[?2026l[?2026h[?25l[A[1Gpulling manifest [K
pulling 2bada8a74506...  70% ▕███████████     ▏ 3.3 GB/4.7 GB   17 MB/s   1m20s[K[?25h[?2026l[?2026h[?25l[A[1Gpulling manifest [K
pulling 2bada8a74506...  70% ▕███████████     ▏ 3.3 GB/4.7 GB   17 MB/s   1m20s[K[?25h[?2026l[?2026h[?25l[A[1Gpulling manifest [K
pulling 2bada8a74506...  70% ▕███████████     ▏ 3.3 GB/4.7 GB   17 MB/s   1m20s[K[?25h[?2026l[?2026h[?25l[A[1Gpulling manifest [K
pulling 2bada8a74506...  70% ▕███████████     ▏ 3.3 GB/4.7 GB   17 MB/s   1m20s[K[?25h[?2026l[?2026h[?25l[A[1Gpulling manifest [K
pulling 2bada8a74506...  70% ▕███████████     ▏ 3.3 GB/4.7 GB   17 MB/s   1m20s[K[?25h[?2026l[?2026h[?25l[A[1Gpulling manifest [K
pulling 2bada8a74506...  70% ▕███████████     ▏ 3.3 GB/4.7 GB   17 MB/s   1m20s[K[?25h[?2026l[?2026h[?25l[A[1Gpulling manifest [K
pulling 2bada8a74506...  70% ▕███████████     ▏ 3.3 GB/4.7 GB   17 MB/s   1m20s[K[?25h[?2026l[?2026h[?25l[A[1Gpulling manifest [K
pulling 2bada8a74506...  70% ▕███████████     ▏ 3.3 GB/4.7 GB   17 MB/s   1m20s[K[?25h[?2026l[?2026h[?25l[A[1Gpulling manifest [K
pulling 2bada8a74506...  70% ▕███████████     ▏ 3.3 GB/4.7 GB   17 MB/s   1m20s[K[?25h[?2026l[?2026h[?25l[A[1Gpulling manifest [K
pulling 2bada8a74506...  70% ▕███████████     ▏ 3.3 GB/4.7 GB   17 MB/s   1m20s[K[?25h[?2026l[?2026h[?25l[A[1Gpulling manifest [K
pulling 2bada8a74506...  70% ▕███████████     ▏ 3.3 GB/4.7 GB   17 MB/s   1m20s[K[?25h[?2026l[?2026h[?25l[A[1Gpulling manifest [K
pulling 2bada8a74506...  70% ▕███████████     ▏ 3.3 GB/4.7 GB   17 MB/s   1m20s[K[?25h[?2026l[?2026h[?25l[A[1Gpulling manifest [K
pulling 2bada8a74506...  70% ▕███████████     ▏ 3.3 GB/4.7 GB   17 MB/s   1m20s[K[?25h[?2026l[?2026h[?25l[A[1Gpulling manifest [K
pulling 2bada8a74506...  70% ▕███████████     ▏ 3.3 GB/4.7 GB   17 MB/s   1m19s[K[?25h[?2026l[?2026h[?25l[A[1Gpulling manifest [K
pulling 2bada8a74506...  70% ▕███████████     ▏ 3.3 GB/4.7 GB   17 MB/s   1m19s[K[?25h[?2026l[?2026h[?25l[A[1Gpulling manifest [K
pulling 2bada8a74506...  70% ▕███████████     ▏ 3.3 GB/4.7 GB   17 MB/s   1m19s[K[?25h[?2026l[?2026h[?25l[A[1Gpulling manifest [K
pulling 2bada8a74506...  70% ▕███████████     ▏ 3.3 GB/4.7 GB   17 MB/s   1m19s[K[?25h[?2026l[?2026h[?25l[A[1Gpulling manifest [K
pulling 2bada8a74506...  70% ▕███████████     ▏ 3.3 GB/4.7 GB   17 MB/s   1m19s[K[?25h[?2026l[?2026h[?25l[A[1Gpulling manifest [K
pulling 2bada8a74506...  71% ▕███████████     ▏ 3.3 GB/4.7 GB   17 MB/s   1m19s[K[?25h[?2026l[?2026h[?25l[A[1Gpulling manifest [K
pulling 2bada8a74506...  71% ▕███████████     ▏ 3.3 GB/4.7 GB   17 MB/s   1m19s[K[?25h[?2026l[?2026h[?25l[A[1Gpulling manifest [K
pulling 2bada8a74506...  71% ▕███████████     ▏ 3.3 GB/4.7 GB   17 MB/s   1m19s[K[?25h[?2026l[?2026h[?25l[A[1Gpulling manifest [K
pulling 2bada8a74506...  71% ▕███████████     ▏ 3.3 GB/4.7 GB   17 MB/s   1m19s[K[?25h[?2026l[?2026h[?25l[A[1Gpulling manifest [K
pulling 2bada8a74506...  71% ▕███████████     ▏ 3.3 GB/4.7 GB   17 MB/s   1m18s[K[?25h[?2026l[?2026h[?25l[A[1Gpulling manifest [K
pulling 2bada8a74506...  71% ▕███████████     ▏ 3.3 GB/4.7 GB   17 MB/s   1m18s[K[?25h[?2026l[?2026h[?25l[A[1Gpulling manifest [K
pulling 2bada8a74506...  71% ▕███████████     ▏ 3.3 GB/4.7 GB   17 MB/s   1m18s[K[?25h[?2026l[?2026h[?25l[A[1Gpulling manifest [K
pulling 2bada8a74506...  71% ▕███████████     ▏ 3.3 GB/4.7 GB   17 MB/s   1m18s[K[?25h[?2026l[?2026h[?25l[A[1Gpulling manifest [K
pulling 2bada8a74506...  71% ▕███████████     ▏ 3.3 GB/4.7 GB   17 MB/s   1m18s[K[?25h[?2026l[?2026h[?25l[A[1Gpulling manifest [K
pulling 2bada8a74506...  71% ▕███████████     ▏ 3.3 GB/4.7 GB   17 MB/s   1m18s[K[?25h[?2026l[?2026h[?25l[A[1Gpulling manifest [K
pulling 2bada8a74506...  71% ▕███████████     ▏ 3.3 GB/4.7 GB   17 MB/s   1m18s[K[?25h[?2026l[?2026h[?25l[A[1Gpulling manifest [K
pulling 2bada8a74506...  71% ▕███████████     ▏ 3.3 GB/4.7 GB   17 MB/s   1m19s[K[?25h[?2026l[?2026h[?25l[A[1Gpulling manifest [K
pulling 2bada8a74506...  71% ▕███████████     ▏ 3.3 GB/4.7 GB   17 MB/s   1m18s[K[?25h[?2026l[?2026h[?25l[A[1Gpulling manifest [K
pulling 2bada8a74506...  71% ▕███████████     ▏ 3.3 GB/4.7 GB   17 MB/s   1m18s[K[?25h[?2026l[?2026h[?25l[A[1Gpulling manifest [K
pulling 2bada8a74506...  71% ▕███████████     ▏ 3.3 GB/4.7 GB   17 MB/s   1m18s[K[?25h[?2026l[?2026h[?25l[A[1Gpulling manifest [K
pulling 2bada8a74506...  71% ▕███████████     ▏ 3.3 GB/4.7 GB   17 MB/s   1m18s[K[?25h[?2026l[?2026h[?25l[A[1Gpulling manifest [K
pulling 2bada8a74506...  71% ▕███████████     ▏ 3.3 GB/4.7 GB   17 MB/s   1m18s[K[?25h[?2026l[?2026h[?25l[A[1Gpulling manifest [K
pulling 2bada8a74506...  71% ▕███████████     ▏ 3.3 GB/4.7 GB   17 MB/s   1m18s[K[?25h[?2026l[?2026h[?25l[A[1Gpulling manifest [K
pulling 2bada8a74506...  71% ▕███████████     ▏ 3.3 GB/4.7 GB   17 MB/s   1m18s[K[?25h[?2026l[?2026h[?25l[A[1Gpulling manifest [K
pulling 2bada8a74506...  71% ▕███████████     ▏ 3.3 GB/4.7 GB   17 MB/s   1m18s[K[?25h[?2026l[?2026h[?25l[A[1Gpulling manifest [K
pulling 2bada8a74506...  71% ▕███████████     ▏ 3.3 GB/4.7 GB   17 MB/s   1m18s[K[?25h[?2026l[?2026h[?25l[A[1Gpulling manifest [K
pulling 2bada8a74506...  71% ▕███████████     ▏ 3.3 GB/4.7 GB   17 MB/s   1m17s[K[?25h[?2026l[?2026h[?25l[A[1Gpulling manifest [K
pulling 2bada8a74506...  71% ▕███████████     ▏ 3.3 GB/4.7 GB   17 MB/s   1m17s[K[?25h[?2026l[?2026h[?25l[A[1Gpulling manifest [K
pulling 2bada8a74506...  71% ▕███████████     ▏ 3.3 GB/4.7 GB   17 MB/s   1m17s[K[?25h[?2026l[?2026h[?25l[A[1Gpulling manifest [K
pulling 2bada8a74506...  71% ▕███████████     ▏ 3.3 GB/4.7 GB   17 MB/s   1m17s[K[?25h[?2026l[?2026h[?25l[A[1Gpulling manifest [K
pulling 2bada8a74506...  71% ▕███████████     ▏ 3.3 GB/4.7 GB   17 MB/s   1m17s[K[?25h[?2026l[?2026h[?25l[A[1Gpulling manifest [K
pulling 2bada8a74506...  72% ▕███████████     ▏ 3.3 GB/4.7 GB   17 MB/s   1m17s[K[?25h[?2026l[?2026h[?25l[A[1Gpulling manifest [K
pulling 2bada8a74506...  72% ▕███████████     ▏ 3.4 GB/4.7 GB   17 MB/s   1m16s[K[?25h[?2026l[?2026h[?25l[A[1Gpulling manifest [K
pulling 2bada8a74506...  72% ▕███████████     ▏ 3.4 GB/4.7 GB   17 MB/s   1m16s[K[?25h[?2026l[?2026h[?25l[A[1Gpulling manifest [K
pulling 2bada8a74506...  72% ▕███████████     ▏ 3.4 GB/4.7 GB   17 MB/s   1m16s[K[?25h[?2026l[?2026h[?25l[A[1Gpulling manifest [K
pulling 2bada8a74506...  72% ▕███████████     ▏ 3.4 GB/4.7 GB   17 MB/s   1m16s[K[?25h[?2026l[?2026h[?25l[A[1Gpulling manifest [K
pulling 2bada8a74506...  72% ▕███████████     ▏ 3.4 GB/4.7 GB   17 MB/s   1m16s[K[?25h[?2026l[?2026h[?25l[A[1Gpulling manifest [K
pulling 2bada8a74506...  72% ▕███████████     ▏ 3.4 GB/4.7 GB   17 MB/s   1m15s[K[?25h[?2026l[?2026h[?25l[A[1Gpulling manifest [K
pulling 2bada8a74506...  72% ▕███████████     ▏ 3.4 GB/4.7 GB   17 MB/s   1m15s[K[?25h[?2026l[?2026h[?25l[A[1Gpulling manifest [K
pulling 2bada8a74506...  72% ▕███████████     ▏ 3.4 GB/4.7 GB   17 MB/s   1m15s[K[?25h[?2026l[?2026h[?25l[A[1Gpulling manifest [K
pulling 2bada8a74506...  72% ▕███████████     ▏ 3.4 GB/4.7 GB   17 MB/s   1m15s[K[?25h[?2026l[?2026h[?25l[A[1Gpulling manifest [K
pulling 2bada8a74506...  72% ▕███████████     ▏ 3.4 GB/4.7 GB   17 MB/s   1m15s[K[?25h[?2026l[?2026h[?25l[A[1Gpulling manifest [K
pulling 2bada8a74506...  72% ▕███████████     ▏ 3.4 GB/4.7 GB   17 MB/s   1m15s[K[?25h[?2026l[?2026h[?25l[A[1Gpulling manifest [K
pulling 2bada8a74506...  72% ▕███████████     ▏ 3.4 GB/4.7 GB   17 MB/s   1m15s[K[?25h[?2026l[?2026h[?25l[A[1Gpulling manifest [K
pulling 2bada8a74506...  72% ▕███████████     ▏ 3.4 GB/4.7 GB   17 MB/s   1m15s[K[?25h[?2026l[?2026h[?25l[A[1Gpulling manifest [K
pulling 2bada8a74506...  72% ▕███████████     ▏ 3.4 GB/4.7 GB   17 MB/s   1m15s[K[?25h[?2026l[?2026h[?25l[A[1Gpulling manifest [K
pulling 2bada8a74506...  72% ▕███████████     ▏ 3.4 GB/4.7 GB   17 MB/s   1m15s[K[?25h[?2026l[?2026h[?25l[A[1Gpulling manifest [K
pulling 2bada8a74506...  72% ▕███████████     ▏ 3.4 GB/4.7 GB   17 MB/s   1m15s[K[?25h[?2026l[?2026h[?25l[A[1Gpulling manifest [K
pulling 2bada8a74506...  72% ▕███████████     ▏ 3.4 GB/4.7 GB   17 MB/s   1m14s[K[?25h[?2026l[?2026h[?25l[A[1Gpulling manifest [K
pulling 2bada8a74506...  72% ▕███████████     ▏ 3.4 GB/4.7 GB   17 MB/s   1m14s[K[?25h[?2026l[?2026h[?25l[A[1Gpulling manifest [K
pulling 2bada8a74506...  72% ▕███████████     ▏ 3.4 GB/4.7 GB   17 MB/s   1m14s[K[?25h[?2026l[?2026h[?25l[A[1Gpulling manifest [K
pulling 2bada8a74506...  72% ▕███████████     ▏ 3.4 GB/4.7 GB   17 MB/s   1m14s[K[?25h[?2026l[?2026h[?25l[A[1Gpulling manifest [K
pulling 2bada8a74506...  72% ▕███████████     ▏ 3.4 GB/4.7 GB   17 MB/s   1m14s[K[?25h[?2026l[?2026h[?25l[A[1Gpulling manifest [K
pulling 2bada8a74506...  72% ▕███████████     ▏ 3.4 GB/4.7 GB   17 MB/s   1m14s[K[?25h[?2026l[?2026h[?25l[A[1Gpulling manifest [K
pulling 2bada8a74506...  72% ▕███████████     ▏ 3.4 GB/4.7 GB   17 MB/s   1m14s[K[?25h[?2026l[?2026h[?25l[A[1Gpulling manifest [K
pulling 2bada8a74506...  72% ▕███████████     ▏ 3.4 GB/4.7 GB   17 MB/s   1m14s[K[?25h[?2026l[?2026h[?25l[A[1Gpulling manifest [K
pulling 2bada8a74506...  72% ▕███████████     ▏ 3.4 GB/4.7 GB   17 MB/s   1m14s[K[?25h[?2026l[?2026h[?25l[A[1Gpulling manifest [K
pulling 2bada8a74506...  72% ▕███████████     ▏ 3.4 GB/4.7 GB   17 MB/s   1m13s[K[?25h[?2026l[?2026h[?25l[A[1Gpulling manifest [K
pulling 2bada8a74506...  73% ▕███████████     ▏ 3.4 GB/4.7 GB   17 MB/s   1m13s[K[?25h[?2026l[?2026h[?25l[A[1Gpulling manifest [K
pulling 2bada8a74506...  73% ▕███████████     ▏ 3.4 GB/4.7 GB   17 MB/s   1m13s[K[?25h[?2026l[?2026h[?25l[A[1Gpulling manifest [K
pulling 2bada8a74506...  73% ▕███████████     ▏ 3.4 GB/4.7 GB   17 MB/s   1m13s[K[?25h[?2026l[?2026h[?25l[A[1Gpulling manifest [K
pulling 2bada8a74506...  73% ▕███████████     ▏ 3.4 GB/4.7 GB   17 MB/s   1m13s[K[?25h[?2026l[?2026h[?25l[A[1Gpulling manifest [K
pulling 2bada8a74506...  73% ▕███████████     ▏ 3.4 GB/4.7 GB   17 MB/s   1m13s[K[?25h[?2026l[?2026h[?25l[A[1Gpulling manifest [K
pulling 2bada8a74506...  73% ▕███████████     ▏ 3.4 GB/4.7 GB   17 MB/s   1m13s[K[?25h[?2026l[?2026h[?25l[A[1Gpulling manifest [K
pulling 2bada8a74506...  73% ▕███████████     ▏ 3.4 GB/4.7 GB   17 MB/s   1m13s[K[?25h[?2026l[?2026h[?25l[A[1Gpulling manifest [K
pulling 2bada8a74506...  73% ▕███████████     ▏ 3.4 GB/4.7 GB   17 MB/s   1m13s[K[?25h[?2026l[?2026h[?25l[A[1Gpulling manifest [K
pulling 2bada8a74506...  73% ▕███████████     ▏ 3.4 GB/4.7 GB   17 MB/s   1m12s[K[?25h[?2026l[?2026h[?25l[A[1Gpulling manifest [K
pulling 2bada8a74506...  73% ▕███████████     ▏ 3.4 GB/4.7 GB   17 MB/s   1m12s[K[?25h[?2026l[?2026h[?25l[A[1Gpulling manifest [K
pulling 2bada8a74506...  73% ▕███████████     ▏ 3.4 GB/4.7 GB   17 MB/s   1m12s[K[?25h[?2026l[?2026h[?25l[A[1Gpulling manifest [K
pulling 2bada8a74506...  73% ▕███████████     ▏ 3.4 GB/4.7 GB   17 MB/s   1m12s[K[?25h[?2026l[?2026h[?25l[A[1Gpulling manifest [K
pulling 2bada8a74506...  73% ▕███████████     ▏ 3.4 GB/4.7 GB   17 MB/s   1m12s[K[?25h[?2026l[?2026h[?25l[A[1Gpulling manifest [K
pulling 2bada8a74506...  73% ▕███████████     ▏ 3.4 GB/4.7 GB   17 MB/s   1m12s[K[?25h[?2026l[?2026h[?25l[A[1Gpulling manifest [K
pulling 2bada8a74506...  73% ▕███████████     ▏ 3.4 GB/4.7 GB   17 MB/s   1m12s[K[?25h[?2026l[?2026h[?25l[A[1Gpulling manifest [K
pulling 2bada8a74506...  73% ▕███████████     ▏ 3.4 GB/4.7 GB   17 MB/s   1m12s[K[?25h[?2026l[?2026h[?25l[A[1Gpulling manifest [K
pulling 2bada8a74506...  73% ▕███████████     ▏ 3.4 GB/4.7 GB   17 MB/s   1m12s[K[?25h[?2026l[?2026h[?25l[A[1Gpulling manifest [K
pulling 2bada8a74506...  73% ▕███████████     ▏ 3.4 GB/4.7 GB   17 MB/s   1m11s[K[?25h[?2026l[?2026h[?25l[A[1Gpulling manifest [K
pulling 2bada8a74506...  73% ▕███████████     ▏ 3.4 GB/4.7 GB   17 MB/s   1m11s[K[?25h[?2026l[?2026h[?25l[A[1Gpulling manifest [K
pulling 2bada8a74506...  73% ▕███████████     ▏ 3.4 GB/4.7 GB   17 MB/s   1m10s[K[?25h[?2026l[?2026h[?25l[A[1Gpulling manifest [K
pulling 2bada8a74506...  73% ▕███████████     ▏ 3.4 GB/4.7 GB   17 MB/s   1m10s[K[?25h[?2026l[?2026h[?25l[A[1Gpulling manifest [K
pulling 2bada8a74506...  73% ▕███████████     ▏ 3.4 GB/4.7 GB   17 MB/s   1m10s[K[?25h[?2026l[?2026h[?25l[A[1Gpulling manifest [K
pulling 2bada8a74506...  73% ▕███████████     ▏ 3.4 GB/4.7 GB   17 MB/s    1m9s[K[?25h[?2026l[?2026h[?25l[A[1Gpulling manifest [K
pulling 2bada8a74506...  73% ▕███████████     ▏ 3.4 GB/4.7 GB   17 MB/s    1m9s[K[?25h[?2026l[?2026h[?25l[A[1Gpulling manifest [K
pulling 2bada8a74506...  73% ▕███████████     ▏ 3.4 GB/4.7 GB   17 MB/s    1m9s[K[?25h[?2026l[?2026h[?25l[A[1Gpulling manifest [K
pulling 2bada8a74506...  73% ▕███████████     ▏ 3.4 GB/4.7 GB   17 MB/s    1m9s[K[?25h[?2026l[?2026h[?25l[A[1Gpulling manifest [K
pulling 2bada8a74506...  73% ▕███████████     ▏ 3.4 GB/4.7 GB   17 MB/s    1m9s[K[?25h[?2026l[?2026h[?25l[A[1Gpulling manifest [K
pulling 2bada8a74506...  73% ▕███████████     ▏ 3.4 GB/4.7 GB   17 MB/s    1m9s[K[?25h[?2026l[?2026h[?25l[A[1Gpulling manifest [K
pulling 2bada8a74506...  74% ▕███████████     ▏ 3.4 GB/4.7 GB   17 MB/s    1m9s[K[?25h[?2026l[?2026h[?25l[A[1Gpulling manifest [K
pulling 2bada8a74506...  74% ▕███████████     ▏ 3.4 GB/4.7 GB   17 MB/s   1m10s[K[?25h[?2026l[?2026h[?25l[A[1Gpulling manifest [K
pulling 2bada8a74506...  74% ▕███████████     ▏ 3.4 GB/4.7 GB   17 MB/s   1m10s[K[?25h[?2026l[?2026h[?25l[A[1Gpulling manifest [K
pulling 2bada8a74506...  74% ▕███████████     ▏ 3.4 GB/4.7 GB   17 MB/s   1m10s[K[?25h[?2026l[?2026h[?25l[A[1Gpulling manifest [K
pulling 2bada8a74506...  74% ▕███████████     ▏ 3.4 GB/4.7 GB   17 MB/s   1m10s[K[?25h[?2026l[?2026h[?25l[A[1Gpulling manifest [K
pulling 2bada8a74506...  74% ▕███████████     ▏ 3.5 GB/4.7 GB   17 MB/s   1m10s[K[?25h[?2026l[?2026h[?25l[A[1Gpulling manifest [K
pulling 2bada8a74506...  74% ▕███████████     ▏ 3.5 GB/4.7 GB   17 MB/s    1m9s[K[?25h[?2026l[?2026h[?25l[A[1Gpulling manifest [K
pulling 2bada8a74506...  74% ▕███████████     ▏ 3.5 GB/4.7 GB   17 MB/s    1m9s[K[?25h[?2026l[?2026h[?25l[A[1Gpulling manifest [K
pulling 2bada8a74506...  74% ▕███████████     ▏ 3.5 GB/4.7 GB   17 MB/s    1m9s[K[?25h[?2026l[?2026h[?25l[A[1Gpulling manifest [K
pulling 2bada8a74506...  74% ▕███████████     ▏ 3.5 GB/4.7 GB   17 MB/s    1m9s[K[?25h[?2026l[?2026h[?25l[A[1Gpulling manifest [K
pulling 2bada8a74506...  74% ▕███████████     ▏ 3.5 GB/4.7 GB   17 MB/s    1m9s[K[?25h[?2026l[?2026h[?25l[A[1Gpulling manifest [K
pulling 2bada8a74506...  74% ▕███████████     ▏ 3.5 GB/4.7 GB   17 MB/s    1m9s[K[?25h[?2026l[?2026h[?25l[A[1Gpulling manifest [K
pulling 2bada8a74506...  74% ▕███████████     ▏ 3.5 GB/4.7 GB   17 MB/s    1m8s[K[?25h[?2026l[?2026h[?25l[A[1Gpulling manifest [K
pulling 2bada8a74506...  74% ▕███████████     ▏ 3.5 GB/4.7 GB   17 MB/s    1m8s[K[?25h[?2026l[?2026h[?25l[A[1Gpulling manifest [K
pulling 2bada8a74506...  74% ▕███████████     ▏ 3.5 GB/4.7 GB   17 MB/s    1m8s[K[?25h[?2026l[?2026h[?25l[A[1Gpulling manifest [K
pulling 2bada8a74506...  74% ▕███████████     ▏ 3.5 GB/4.7 GB   17 MB/s    1m8s[K[?25h[?2026l[?2026h[?25l[A[1Gpulling manifest [K
pulling 2bada8a74506...  74% ▕███████████     ▏ 3.5 GB/4.7 GB   17 MB/s    1m8s[K[?25h[?2026l[?2026h[?25l[A[1Gpulling manifest [K
pulling 2bada8a74506...  74% ▕███████████     ▏ 3.5 GB/4.7 GB   17 MB/s    1m8s[K[?25h[?2026l[?2026h[?25l[A[1Gpulling manifest [K
pulling 2bada8a74506...  74% ▕███████████     ▏ 3.5 GB/4.7 GB   17 MB/s    1m8s[K[?25h[?2026l[?2026h[?25l[A[1Gpulling manifest [K
pulling 2bada8a74506...  74% ▕███████████     ▏ 3.5 GB/4.7 GB   17 MB/s    1m8s[K[?25h[?2026l[?2026h[?25l[A[1Gpulling manifest [K
pulling 2bada8a74506...  74% ▕███████████     ▏ 3.5 GB/4.7 GB   17 MB/s    1m8s[K[?25h[?2026l[?2026h[?25l[A[1Gpulling manifest [K
pulling 2bada8a74506...  74% ▕███████████     ▏ 3.5 GB/4.7 GB   17 MB/s    1m8s[K[?25h[?2026l[?2026h[?25l[A[1Gpulling manifest [K
pulling 2bada8a74506...  74% ▕███████████     ▏ 3.5 GB/4.7 GB   17 MB/s    1m8s[K[?25h[?2026l[?2026h[?25l[A[1Gpulling manifest [K
pulling 2bada8a74506...  74% ▕███████████     ▏ 3.5 GB/4.7 GB   17 MB/s    1m8s[K[?25h[?2026l[?2026h[?25l[A[1Gpulling manifest [K
pulling 2bada8a74506...  74% ▕███████████     ▏ 3.5 GB/4.7 GB   17 MB/s    1m8s[K[?25h[?2026l[?2026h[?25l[A[1Gpulling manifest [K
pulling 2bada8a74506...  74% ▕███████████     ▏ 3.5 GB/4.7 GB   17 MB/s    1m8s[K[?25h[?2026l[?2026h[?25l[A[1Gpulling manifest [K
pulling 2bada8a74506...  74% ▕███████████     ▏ 3.5 GB/4.7 GB   17 MB/s    1m8s[K[?25h[?2026l[?2026h[?25l[A[1Gpulling manifest [K
pulling 2bada8a74506...  74% ▕███████████     ▏ 3.5 GB/4.7 GB   17 MB/s    1m8s[K[?25h[?2026l[?2026h[?25l[A[1Gpulling manifest [K
pulling 2bada8a74506...  75% ▕███████████     ▏ 3.5 GB/4.7 GB   17 MB/s    1m8s[K[?25h[?2026l[?2026h[?25l[A[1Gpulling manifest [K
pulling 2bada8a74506...  75% ▕███████████     ▏ 3.5 GB/4.7 GB   17 MB/s    1m8s[K[?25h[?2026l[?2026h[?25l[A[1Gpulling manifest [K
pulling 2bada8a74506...  75% ▕███████████     ▏ 3.5 GB/4.7 GB   17 MB/s    1m8s[K[?25h[?2026l[?2026h[?25l[A[1Gpulling manifest [K
pulling 2bada8a74506...  75% ▕███████████     ▏ 3.5 GB/4.7 GB   17 MB/s    1m8s[K[?25h[?2026l[?2026h[?25l[A[1Gpulling manifest [K
pulling 2bada8a74506...  75% ▕███████████     ▏ 3.5 GB/4.7 GB   17 MB/s    1m8s[K[?25h[?2026l[?2026h[?25l[A[1Gpulling manifest [K
pulling 2bada8a74506...  75% ▕███████████     ▏ 3.5 GB/4.7 GB   17 MB/s    1m8s[K[?25h[?2026l[?2026h[?25l[A[1Gpulling manifest [K
pulling 2bada8a74506...  75% ▕███████████     ▏ 3.5 GB/4.7 GB   17 MB/s    1m8s[K[?25h[?2026l[?2026h[?25l[A[1Gpulling manifest [K
pulling 2bada8a74506...  75% ▕███████████     ▏ 3.5 GB/4.7 GB   17 MB/s    1m8s[K[?25h[?2026l[?2026h[?25l[A[1Gpulling manifest [K
pulling 2bada8a74506...  75% ▕███████████     ▏ 3.5 GB/4.7 GB   17 MB/s    1m8s[K[?25h[?2026l[?2026h[?25l[A[1Gpulling manifest [K
pulling 2bada8a74506...  75% ▕███████████     ▏ 3.5 GB/4.7 GB   17 MB/s    1m8s[K[?25h[?2026l[?2026h[?25l[A[1Gpulling manifest [K
pulling 2bada8a74506...  75% ▕███████████     ▏ 3.5 GB/4.7 GB   17 MB/s    1m7s[K[?25h[?2026l[?2026h[?25l[A[1Gpulling manifest [K
pulling 2bada8a74506...  75% ▕███████████     ▏ 3.5 GB/4.7 GB   17 MB/s    1m7s[K[?25h[?2026l[?2026h[?25l[A[1Gpulling manifest [K
pulling 2bada8a74506...  75% ▕███████████     ▏ 3.5 GB/4.7 GB   17 MB/s    1m7s[K[?25h[?2026l[?2026h[?25l[A[1Gpulling manifest [K
pulling 2bada8a74506...  75% ▕███████████     ▏ 3.5 GB/4.7 GB   17 MB/s    1m7s[K[?25h[?2026l[?2026h[?25l[A[1Gpulling manifest [K
pulling 2bada8a74506...  75% ▕███████████     ▏ 3.5 GB/4.7 GB   17 MB/s    1m8s[K[?25h[?2026l[?2026h[?25l[A[1Gpulling manifest [K
pulling 2bada8a74506...  75% ▕████████████    ▏ 3.5 GB/4.7 GB   17 MB/s    1m8s[K[?25h[?2026l[?2026h[?25l[A[1Gpulling manifest [K
pulling 2bada8a74506...  75% ▕████████████    ▏ 3.5 GB/4.7 GB   17 MB/s    1m8s[K[?25h[?2026l[?2026h[?25l[A[1Gpulling manifest [K
pulling 2bada8a74506...  75% ▕████████████    ▏ 3.5 GB/4.7 GB   17 MB/s    1m8s[K[?25h[?2026l[?2026h[?25l[A[1Gpulling manifest [K
pulling 2bada8a74506...  75% ▕████████████    ▏ 3.5 GB/4.7 GB   17 MB/s    1m8s[K[?25h[?2026l[?2026h[?25l[A[1Gpulling manifest [K
pulling 2bada8a74506...  75% ▕████████████    ▏ 3.5 GB/4.7 GB   17 MB/s    1m8s[K[?25h[?2026l[?2026h[?25l[A[1Gpulling manifest [K
pulling 2bada8a74506...  75% ▕████████████    ▏ 3.5 GB/4.7 GB   17 MB/s    1m8s[K[?25h[?2026l[?2026h[?25l[A[1Gpulling manifest [K
pulling 2bada8a74506...  75% ▕████████████    ▏ 3.5 GB/4.7 GB   17 MB/s    1m8s[K[?25h[?2026l[?2026h[?25l[A[1Gpulling manifest [K
pulling 2bada8a74506...  75% ▕████████████    ▏ 3.5 GB/4.7 GB   17 MB/s    1m8s[K[?25h[?2026l[?2026h[?25l[A[1Gpulling manifest [K
pulling 2bada8a74506...  75% ▕████████████    ▏ 3.5 GB/4.7 GB   17 MB/s    1m7s[K[?25h[?2026l[?2026h[?25l[A[1Gpulling manifest [K
pulling 2bada8a74506...  75% ▕████████████    ▏ 3.5 GB/4.7 GB   16 MB/s    1m9s[K[?25h[?2026l[?2026h[?25l[A[1Gpulling manifest [K
pulling 2bada8a74506...  75% ▕████████████    ▏ 3.5 GB/4.7 GB   16 MB/s    1m9s[K[?25h[?2026l[?2026h[?25l[A[1Gpulling manifest [K
pulling 2bada8a74506...  75% ▕████████████    ▏ 3.5 GB/4.7 GB   16 MB/s    1m9s[K[?25h[?2026l[?2026h[?25l[A[1Gpulling manifest [K
pulling 2bada8a74506...  75% ▕████████████    ▏ 3.5 GB/4.7 GB   16 MB/s    1m9s[K[?25h[?2026l[?2026h[?25l[A[1Gpulling manifest [K
pulling 2bada8a74506...  75% ▕████████████    ▏ 3.5 GB/4.7 GB   16 MB/s    1m9s[K[?25h[?2026l[?2026h[?25l[A[1Gpulling manifest [K
pulling 2bada8a74506...  75% ▕████████████    ▏ 3.5 GB/4.7 GB   16 MB/s    1m9s[K[?25h[?2026l[?2026h[?25l[A[1Gpulling manifest [K
pulling 2bada8a74506...  75% ▕████████████    ▏ 3.5 GB/4.7 GB   16 MB/s    1m9s[K[?25h[?2026l[?2026h[?25l[A[1Gpulling manifest [K
pulling 2bada8a74506...  75% ▕████████████    ▏ 3.5 GB/4.7 GB   16 MB/s    1m9s[K[?25h[?2026l[?2026h[?25l[A[1Gpulling manifest [K
pulling 2bada8a74506...  75% ▕████████████    ▏ 3.5 GB/4.7 GB   16 MB/s    1m8s[K[?25h[?2026l[?2026h[?25l[A[1Gpulling manifest [K
pulling 2bada8a74506...  75% ▕████████████    ▏ 3.5 GB/4.7 GB   16 MB/s    1m8s[K[?25h[?2026l[?2026h[?25l[A[1Gpulling manifest [K
pulling 2bada8a74506...  75% ▕████████████    ▏ 3.5 GB/4.7 GB   16 MB/s    1m8s[K[?25h[?2026l[?2026h[?25l[A[1Gpulling manifest [K
pulling 2bada8a74506...  75% ▕████████████    ▏ 3.5 GB/4.7 GB   15 MB/s   1m13s[K[?25h[?2026l[?2026h[?25l[A[1Gpulling manifest [K
pulling 2bada8a74506...  76% ▕████████████    ▏ 3.5 GB/4.7 GB   15 MB/s   1m13s[K[?25h[?2026l[?2026h[?25l[A[1Gpulling manifest [K
pulling 2bada8a74506...  76% ▕████████████    ▏ 3.5 GB/4.7 GB   15 MB/s   1m13s[K[?25h[?2026l[?2026h[?25l[A[1Gpulling manifest [K
pulling 2bada8a74506...  76% ▕████████████    ▏ 3.5 GB/4.7 GB   15 MB/s   1m13s[K[?25h[?2026l[?2026h[?25l[A[1Gpulling manifest [K
pulling 2bada8a74506...  76% ▕████████████    ▏ 3.5 GB/4.7 GB   15 MB/s   1m13s[K[?25h[?2026l[?2026h[?25l[A[1Gpulling manifest [K
pulling 2bada8a74506...  76% ▕████████████    ▏ 3.5 GB/4.7 GB   15 MB/s   1m13s[K[?25h[?2026l[?2026h[?25l[A[1Gpulling manifest [K
pulling 2bada8a74506...  76% ▕████████████    ▏ 3.5 GB/4.7 GB   15 MB/s   1m13s[K[?25h[?2026l[?2026h[?25l[A[1Gpulling manifest [K
pulling 2bada8a74506...  76% ▕████████████    ▏ 3.5 GB/4.7 GB   15 MB/s   1m13s[K[?25h[?2026l[?2026h[?25l[A[1Gpulling manifest [K
pulling 2bada8a74506...  76% ▕████████████    ▏ 3.5 GB/4.7 GB   15 MB/s   1m13s[K[?25h[?2026l[?2026h[?25l[A[1Gpulling manifest [K
pulling 2bada8a74506...  76% ▕████████████    ▏ 3.5 GB/4.7 GB   15 MB/s   1m12s[K[?25h[?2026l[?2026h[?25l[A[1Gpulling manifest [K
pulling 2bada8a74506...  76% ▕████████████    ▏ 3.5 GB/4.7 GB   14 MB/s   1m16s[K[?25h[?2026l[?2026h[?25l[A[1Gpulling manifest [K
pulling 2bada8a74506...  76% ▕████████████    ▏ 3.5 GB/4.7 GB   14 MB/s   1m16s[K[?25h[?2026l[?2026h[?25l[A[1Gpulling manifest [K
pulling 2bada8a74506...  76% ▕████████████    ▏ 3.6 GB/4.7 GB   14 MB/s   1m16s[K[?25h[?2026l[?2026h[?25l[A[1Gpulling manifest [K
pulling 2bada8a74506...  76% ▕████████████    ▏ 3.6 GB/4.7 GB   14 MB/s   1m15s[K[?25h[?2026l[?2026h[?25l[A[1Gpulling manifest [K
pulling 2bada8a74506...  76% ▕████████████    ▏ 3.6 GB/4.7 GB   14 MB/s   1m15s[K[?25h[?2026l[?2026h[?25l[A[1Gpulling manifest [K
pulling 2bada8a74506...  76% ▕████████████    ▏ 3.6 GB/4.7 GB   14 MB/s   1m15s[K[?25h[?2026l[?2026h[?25l[A[1Gpulling manifest [K
pulling 2bada8a74506...  76% ▕████████████    ▏ 3.6 GB/4.7 GB   14 MB/s   1m15s[K[?25h[?2026l[?2026h[?25l[A[1Gpulling manifest [K
pulling 2bada8a74506...  76% ▕████████████    ▏ 3.6 GB/4.7 GB   14 MB/s   1m15s[K[?25h[?2026l[?2026h[?25l[A[1Gpulling manifest [K
pulling 2bada8a74506...  76% ▕████████████    ▏ 3.6 GB/4.7 GB   14 MB/s   1m15s[K[?25h[?2026l[?2026h[?25l[A[1Gpulling manifest [K
pulling 2bada8a74506...  76% ▕████████████    ▏ 3.6 GB/4.7 GB   14 MB/s   1m15s[K[?25h[?2026l[?2026h[?25l[A[1Gpulling manifest [K
pulling 2bada8a74506...  76% ▕████████████    ▏ 3.6 GB/4.7 GB   14 MB/s   1m14s[K[?25h[?2026l[?2026h[?25l[A[1Gpulling manifest [K
pulling 2bada8a74506...  76% ▕████████████    ▏ 3.6 GB/4.7 GB   14 MB/s   1m14s[K[?25h[?2026l[?2026h[?25l[A[1Gpulling manifest [K
pulling 2bada8a74506...  76% ▕████████████    ▏ 3.6 GB/4.7 GB   14 MB/s   1m14s[K[?25h[?2026l[?2026h[?25l[A[1Gpulling manifest [K
pulling 2bada8a74506...  76% ▕████████████    ▏ 3.6 GB/4.7 GB   14 MB/s   1m14s[K[?25h[?2026l[?2026h[?25l[A[1Gpulling manifest [K
pulling 2bada8a74506...  76% ▕████████████    ▏ 3.6 GB/4.7 GB   14 MB/s   1m14s[K[?25h[?2026l[?2026h[?25l[A[1Gpulling manifest [K
pulling 2bada8a74506...  76% ▕████████████    ▏ 3.6 GB/4.7 GB   14 MB/s   1m14s[K[?25h[?2026l[?2026h[?25l[A[1Gpulling manifest [K
pulling 2bada8a74506...  76% ▕████████████    ▏ 3.6 GB/4.7 GB   14 MB/s   1m14s[K[?25h[?2026l[?2026h[?25l[A[1Gpulling manifest [K
pulling 2bada8a74506...  76% ▕████████████    ▏ 3.6 GB/4.7 GB   14 MB/s   1m14s[K[?25h[?2026l[?2026h[?25l[A[1Gpulling manifest [K
pulling 2bada8a74506...  76% ▕████████████    ▏ 3.6 GB/4.7 GB   14 MB/s   1m13s[K[?25h[?2026l[?2026h[?25l[A[1Gpulling manifest [K
pulling 2bada8a74506...  76% ▕████████████    ▏ 3.6 GB/4.7 GB   14 MB/s   1m13s[K[?25h[?2026l[?2026h[?25l[A[1Gpulling manifest [K
pulling 2bada8a74506...  76% ▕████████████    ▏ 3.6 GB/4.7 GB   15 MB/s   1m12s[K[?25h[?2026l[?2026h[?25l[A[1Gpulling manifest [K
pulling 2bada8a74506...  77% ▕████████████    ▏ 3.6 GB/4.7 GB   15 MB/s   1m12s[K[?25h[?2026l[?2026h[?25l[A[1Gpulling manifest [K
pulling 2bada8a74506...  77% ▕████████████    ▏ 3.6 GB/4.7 GB   15 MB/s   1m12s[K[?25h[?2026l[?2026h[?25l[A[1Gpulling manifest [K
pulling 2bada8a74506...  77% ▕████████████    ▏ 3.6 GB/4.7 GB   15 MB/s   1m12s[K[?25h[?2026l[?2026h[?25l[A[1Gpulling manifest [K
pulling 2bada8a74506...  77% ▕████████████    ▏ 3.6 GB/4.7 GB   15 MB/s   1m12s[K[?25h[?2026l[?2026h[?25l[A[1Gpulling manifest [K
pulling 2bada8a74506...  77% ▕████████████    ▏ 3.6 GB/4.7 GB   15 MB/s   1m11s[K[?25h[?2026l[?2026h[?25l[A[1Gpulling manifest [K
pulling 2bada8a74506...  77% ▕████████████    ▏ 3.6 GB/4.7 GB   15 MB/s   1m11s[K[?25h[?2026l[?2026h[?25l[A[1Gpulling manifest [K
pulling 2bada8a74506...  77% ▕████████████    ▏ 3.6 GB/4.7 GB   15 MB/s   1m11s[K[?25h[?2026l[?2026h[?25l[A[1Gpulling manifest [K
pulling 2bada8a74506...  77% ▕████████████    ▏ 3.6 GB/4.7 GB   15 MB/s   1m11s[K[?25h[?2026l[?2026h[?25l[A[1Gpulling manifest [K
pulling 2bada8a74506...  77% ▕████████████    ▏ 3.6 GB/4.7 GB   15 MB/s   1m11s[K[?25h[?2026l[?2026h[?25l[A[1Gpulling manifest [K
pulling 2bada8a74506...  77% ▕████████████    ▏ 3.6 GB/4.7 GB   14 MB/s   1m14s[K[?25h[?2026l[?2026h[?25l[A[1Gpulling manifest [K
pulling 2bada8a74506...  77% ▕████████████    ▏ 3.6 GB/4.7 GB   14 MB/s   1m14s[K[?25h[?2026l[?2026h[?25l[A[1Gpulling manifest [K
pulling 2bada8a74506...  77% ▕████████████    ▏ 3.6 GB/4.7 GB   14 MB/s   1m14s[K[?25h[?2026l[?2026h[?25l[A[1Gpulling manifest [K
pulling 2bada8a74506...  77% ▕████████████    ▏ 3.6 GB/4.7 GB   14 MB/s   1m13s[K[?25h[?2026l[?2026h[?25l[A[1Gpulling manifest [K
pulling 2bada8a74506...  77% ▕████████████    ▏ 3.6 GB/4.7 GB   14 MB/s   1m13s[K[?25h[?2026l[?2026h[?25l[A[1Gpulling manifest [K
pulling 2bada8a74506...  77% ▕████████████    ▏ 3.6 GB/4.7 GB   14 MB/s   1m13s[K[?25h[?2026l[?2026h[?25l[A[1Gpulling manifest [K
pulling 2bada8a74506...  77% ▕████████████    ▏ 3.6 GB/4.7 GB   14 MB/s   1m13s[K[?25h[?2026l[?2026h[?25l[A[1Gpulling manifest [K
pulling 2bada8a74506...  77% ▕████████████    ▏ 3.6 GB/4.7 GB   14 MB/s   1m13s[K[?25h[?2026l[?2026h[?25l[A[1Gpulling manifest [K
pulling 2bada8a74506...  77% ▕████████████    ▏ 3.6 GB/4.7 GB   14 MB/s   1m13s[K[?25h[?2026l[?2026h[?25l[A[1Gpulling manifest [K
pulling 2bada8a74506...  77% ▕████████████    ▏ 3.6 GB/4.7 GB   14 MB/s   1m13s[K[?25h[?2026l[?2026h[?25l[A[1Gpulling manifest [K
pulling 2bada8a74506...  77% ▕████████████    ▏ 3.6 GB/4.7 GB   14 MB/s   1m13s[K[?25h[?2026l[?2026h[?25l[A[1Gpulling manifest [K
pulling 2bada8a74506...  77% ▕████████████    ▏ 3.6 GB/4.7 GB   14 MB/s   1m11s[K[?25h[?2026l[?2026h[?25l[A[1Gpulling manifest [K
pulling 2bada8a74506...  77% ▕████████████    ▏ 3.6 GB/4.7 GB   14 MB/s   1m11s[K[?25h[?2026l[?2026h[?25l[A[1Gpulling manifest [K
pulling 2bada8a74506...  77% ▕████████████    ▏ 3.6 GB/4.7 GB   14 MB/s   1m11s[K[?25h[?2026l[?2026h[?25l[A[1Gpulling manifest [K
pulling 2bada8a74506...  77% ▕████████████    ▏ 3.6 GB/4.7 GB   14 MB/s   1m11s[K[?25h[?2026l[?2026h[?25l[A[1Gpulling manifest [K
pulling 2bada8a74506...  77% ▕████████████    ▏ 3.6 GB/4.7 GB   14 MB/s   1m11s[K[?25h[?2026l[?2026h[?25l[A[1Gpulling manifest [K
pulling 2bada8a74506...  77% ▕████████████    ▏ 3.6 GB/4.7 GB   14 MB/s   1m11s[K[?25h[?2026l[?2026h[?25l[A[1Gpulling manifest [K
pulling 2bada8a74506...  77% ▕████████████    ▏ 3.6 GB/4.7 GB   14 MB/s   1m11s[K[?25h[?2026l[?2026h[?25l[A[1Gpulling manifest [K
pulling 2bada8a74506...  77% ▕████████████    ▏ 3.6 GB/4.7 GB   14 MB/s   1m11s[K[?25h[?2026l[?2026h[?25l[A[1Gpulling manifest [K
pulling 2bada8a74506...  77% ▕████████████    ▏ 3.6 GB/4.7 GB   14 MB/s   1m10s[K[?25h[?2026l[?2026h[?25l[A[1Gpulling manifest [K
pulling 2bada8a74506...  77% ▕████████████    ▏ 3.6 GB/4.7 GB   14 MB/s   1m10s[K[?25h[?2026l[?2026h[?25l[A[1Gpulling manifest [K
pulling 2bada8a74506...  78% ▕████████████    ▏ 3.6 GB/4.7 GB   14 MB/s   1m10s[K[?25h[?2026l[?2026h[?25l[A[1Gpulling manifest [K
pulling 2bada8a74506...  78% ▕████████████    ▏ 3.6 GB/4.7 GB   14 MB/s   1m10s[K[?25h[?2026l[?2026h[?25l[A[1Gpulling manifest [K
pulling 2bada8a74506...  78% ▕████████████    ▏ 3.6 GB/4.7 GB   14 MB/s   1m10s[K[?25h[?2026l[?2026h[?25l[A[1Gpulling manifest [K
pulling 2bada8a74506...  78% ▕████████████    ▏ 3.6 GB/4.7 GB   14 MB/s   1m10s[K[?25h[?2026l[?2026h[?25l[A[1Gpulling manifest [K
pulling 2bada8a74506...  78% ▕████████████    ▏ 3.6 GB/4.7 GB   14 MB/s    1m9s[K[?25h[?2026l[?2026h[?25l[A[1Gpulling manifest [K
pulling 2bada8a74506...  78% ▕████████████    ▏ 3.6 GB/4.7 GB   14 MB/s    1m9s[K[?25h[?2026l[?2026h[?25l[A[1Gpulling manifest [K
pulling 2bada8a74506...  78% ▕████████████    ▏ 3.6 GB/4.7 GB   14 MB/s    1m9s[K[?25h[?2026l[?2026h[?25l[A[1Gpulling manifest [K
pulling 2bada8a74506...  78% ▕████████████    ▏ 3.6 GB/4.7 GB   14 MB/s    1m9s[K[?25h[?2026l[?2026h[?25l[A[1Gpulling manifest [K
pulling 2bada8a74506...  78% ▕████████████    ▏ 3.6 GB/4.7 GB   14 MB/s    1m9s[K[?25h[?2026l[?2026h[?25l[A[1Gpulling manifest [K
pulling 2bada8a74506...  78% ▕████████████    ▏ 3.6 GB/4.7 GB   14 MB/s    1m9s[K[?25h[?2026l[?2026h[?25l[A[1Gpulling manifest [K
pulling 2bada8a74506...  78% ▕████████████    ▏ 3.6 GB/4.7 GB   15 MB/s    1m8s[K[?25h[?2026l[?2026h[?25l[A[1Gpulling manifest [K
pulling 2bada8a74506...  78% ▕████████████    ▏ 3.7 GB/4.7 GB   15 MB/s    1m8s[K[?25h[?2026l[?2026h[?25l[A[1Gpulling manifest [K
pulling 2bada8a74506...  78% ▕████████████    ▏ 3.7 GB/4.7 GB   15 MB/s    1m8s[K[?25h[?2026l[?2026h[?25l[A[1Gpulling manifest [K
pulling 2bada8a74506...  78% ▕████████████    ▏ 3.7 GB/4.7 GB   15 MB/s    1m7s[K[?25h[?2026l[?2026h[?25l[A[1Gpulling manifest [K
pulling 2bada8a74506...  78% ▕████████████    ▏ 3.7 GB/4.7 GB   15 MB/s    1m7s[K[?25h[?2026l[?2026h[?25l[A[1Gpulling manifest [K
pulling 2bada8a74506...  78% ▕████████████    ▏ 3.7 GB/4.7 GB   15 MB/s    1m7s[K[?25h[?2026l[?2026h[?25l[A[1Gpulling manifest [K
pulling 2bada8a74506...  78% ▕████████████    ▏ 3.7 GB/4.7 GB   15 MB/s    1m7s[K[?25h[?2026l[?2026h[?25l[A[1Gpulling manifest [K
pulling 2bada8a74506...  78% ▕████████████    ▏ 3.7 GB/4.7 GB   15 MB/s    1m7s[K[?25h[?2026l[?2026h[?25l[A[1Gpulling manifest [K
pulling 2bada8a74506...  78% ▕████████████    ▏ 3.7 GB/4.7 GB   15 MB/s    1m7s[K[?25h[?2026l[?2026h[?25l[A[1Gpulling manifest [K
pulling 2bada8a74506...  78% ▕████████████    ▏ 3.7 GB/4.7 GB   15 MB/s    1m7s[K[?25h[?2026l[?2026h[?25l[A[1Gpulling manifest [K
pulling 2bada8a74506...  78% ▕████████████    ▏ 3.7 GB/4.7 GB   15 MB/s    1m4s[K[?25h[?2026l[?2026h[?25l[A[1Gpulling manifest [K
pulling 2bada8a74506...  78% ▕████████████    ▏ 3.7 GB/4.7 GB   15 MB/s    1m4s[K[?25h[?2026l[?2026h[?25l[A[1Gpulling manifest [K
pulling 2bada8a74506...  78% ▕████████████    ▏ 3.7 GB/4.7 GB   15 MB/s    1m4s[K[?25h[?2026l[?2026h[?25l[A[1Gpulling manifest [K
pulling 2bada8a74506...  78% ▕████████████    ▏ 3.7 GB/4.7 GB   15 MB/s    1m4s[K[?25h[?2026l[?2026h[?25l[A[1Gpulling manifest [K
pulling 2bada8a74506...  78% ▕████████████    ▏ 3.7 GB/4.7 GB   15 MB/s    1m4s[K[?25h[?2026l[?2026h[?25l[A[1Gpulling manifest [K
pulling 2bada8a74506...  78% ▕████████████    ▏ 3.7 GB/4.7 GB   15 MB/s    1m4s[K[?25h[?2026l[?2026h[?25l[A[1Gpulling manifest [K
pulling 2bada8a74506...  79% ▕████████████    ▏ 3.7 GB/4.7 GB   15 MB/s    1m4s[K[?25h[?2026l[?2026h[?25l[A[1Gpulling manifest [K
pulling 2bada8a74506...  79% ▕████████████    ▏ 3.7 GB/4.7 GB   15 MB/s    1m3s[K[?25h[?2026l[?2026h[?25l[A[1Gpulling manifest [K
pulling 2bada8a74506...  79% ▕████████████    ▏ 3.7 GB/4.7 GB   15 MB/s    1m3s[K[?25h[?2026l[?2026h[?25l[A[1Gpulling manifest [K
pulling 2bada8a74506...  79% ▕████████████    ▏ 3.7 GB/4.7 GB   15 MB/s    1m3s[K[?25h[?2026l[?2026h[?25l[A[1Gpulling manifest [K
pulling 2bada8a74506...  79% ▕████████████    ▏ 3.7 GB/4.7 GB   16 MB/s    1m0s[K[?25h[?2026l[?2026h[?25l[A[1Gpulling manifest [K
pulling 2bada8a74506...  79% ▕████████████    ▏ 3.7 GB/4.7 GB   16 MB/s    1m0s[K[?25h[?2026l[?2026h[?25l[A[1Gpulling manifest [K
pulling 2bada8a74506...  79% ▕████████████    ▏ 3.7 GB/4.7 GB   16 MB/s     59s[K[?25h[?2026l[?2026h[?25l[A[1Gpulling manifest [K
pulling 2bada8a74506...  79% ▕████████████    ▏ 3.7 GB/4.7 GB   16 MB/s     59s[K[?25h[?2026l[?2026h[?25l[A[1Gpulling manifest [K
pulling 2bada8a74506...  79% ▕████████████    ▏ 3.7 GB/4.7 GB   16 MB/s     59s[K[?25h[?2026l[?2026h[?25l[A[1Gpulling manifest [K
pulling 2bada8a74506...  79% ▕████████████    ▏ 3.7 GB/4.7 GB   16 MB/s     59s[K[?25h[?2026l[?2026h[?25l[A[1Gpulling manifest [K
pulling 2bada8a74506...  79% ▕████████████    ▏ 3.7 GB/4.7 GB   16 MB/s     59s[K[?25h[?2026l[?2026h[?25l[A[1Gpulling manifest [K
pulling 2bada8a74506...  79% ▕████████████    ▏ 3.7 GB/4.7 GB   16 MB/s     59s[K[?25h[?2026l[?2026h[?25l[A[1Gpulling manifest [K
pulling 2bada8a74506...  79% ▕████████████    ▏ 3.7 GB/4.7 GB   16 MB/s     59s[K[?25h[?2026l[?2026h[?25l[A[1Gpulling manifest [K
pulling 2bada8a74506...  79% ▕████████████    ▏ 3.7 GB/4.7 GB   16 MB/s     59s[K[?25h[?2026l[?2026h[?25l[A[1Gpulling manifest [K
pulling 2bada8a74506...  79% ▕████████████    ▏ 3.7 GB/4.7 GB   16 MB/s     59s[K[?25h[?2026l[?2026h[?25l[A[1Gpulling manifest [K
pulling 2bada8a74506...  79% ▕████████████    ▏ 3.7 GB/4.7 GB   17 MB/s     56s[K[?25h[?2026l[?2026h[?25l[A[1Gpulling manifest [K
pulling 2bada8a74506...  79% ▕████████████    ▏ 3.7 GB/4.7 GB   17 MB/s     56s[K[?25h[?2026l[?2026h[?25l[A[1Gpulling manifest [K
pulling 2bada8a74506...  79% ▕████████████    ▏ 3.7 GB/4.7 GB   17 MB/s     56s[K[?25h[?2026l[?2026h[?25l[A[1Gpulling manifest [K
pulling 2bada8a74506...  79% ▕████████████    ▏ 3.7 GB/4.7 GB   17 MB/s     56s[K[?25h[?2026l[?2026h[?25l[A[1Gpulling manifest [K
pulling 2bada8a74506...  79% ▕████████████    ▏ 3.7 GB/4.7 GB   17 MB/s     56s[K[?25h[?2026l[?2026h[?25l[A[1Gpulling manifest [K
pulling 2bada8a74506...  79% ▕████████████    ▏ 3.7 GB/4.7 GB   17 MB/s     56s[K[?25h[?2026l[?2026h[?25l[A[1Gpulling manifest [K
pulling 2bada8a74506...  79% ▕████████████    ▏ 3.7 GB/4.7 GB   17 MB/s     56s[K[?25h[?2026l[?2026h[?25l[A[1Gpulling manifest [K
pulling 2bada8a74506...  79% ▕████████████    ▏ 3.7 GB/4.7 GB   17 MB/s     55s[K[?25h[?2026l[?2026h[?25l[A[1Gpulling manifest [K
pulling 2bada8a74506...  79% ▕████████████    ▏ 3.7 GB/4.7 GB   17 MB/s     55s[K[?25h[?2026l[?2026h[?25l[A[1Gpulling manifest [K
pulling 2bada8a74506...  79% ▕████████████    ▏ 3.7 GB/4.7 GB   17 MB/s     55s[K[?25h[?2026l[?2026h[?25l[A[1Gpulling manifest [K
pulling 2bada8a74506...  79% ▕████████████    ▏ 3.7 GB/4.7 GB   17 MB/s     55s[K[?25h[?2026l[?2026h[?25l[A[1Gpulling manifest [K
pulling 2bada8a74506...  79% ▕████████████    ▏ 3.7 GB/4.7 GB   17 MB/s     55s[K[?25h[?2026l[?2026h[?25l[A[1Gpulling manifest [K
pulling 2bada8a74506...  79% ▕████████████    ▏ 3.7 GB/4.7 GB   17 MB/s     55s[K[?25h[?2026l[?2026h[?25l[A[1Gpulling manifest [K
pulling 2bada8a74506...  80% ▕████████████    ▏ 3.7 GB/4.7 GB   17 MB/s     55s[K[?25h[?2026l[?2026h[?25l[A[1Gpulling manifest [K
pulling 2bada8a74506...  80% ▕████████████    ▏ 3.7 GB/4.7 GB   17 MB/s     55s[K[?25h[?2026l[?2026h[?25l[A[1Gpulling manifest [K
pulling 2bada8a74506...  80% ▕████████████    ▏ 3.7 GB/4.7 GB   17 MB/s     55s[K[?25h[?2026l[?2026h[?25l[A[1Gpulling manifest [K
pulling 2bada8a74506...  80% ▕████████████    ▏ 3.7 GB/4.7 GB   17 MB/s     55s[K[?25h[?2026l[?2026h[?25l[A[1Gpulling manifest [K
pulling 2bada8a74506...  80% ▕████████████    ▏ 3.7 GB/4.7 GB   17 MB/s     55s[K[?25h[?2026l[?2026h[?25l[A[1Gpulling manifest [K
pulling 2bada8a74506...  80% ▕████████████    ▏ 3.7 GB/4.7 GB   17 MB/s     55s[K[?25h[?2026l[?2026h[?25l[A[1Gpulling manifest [K
pulling 2bada8a74506...  80% ▕████████████    ▏ 3.7 GB/4.7 GB   17 MB/s     54s[K[?25h[?2026l[?2026h[?25l[A[1Gpulling manifest [K
pulling 2bada8a74506...  80% ▕████████████    ▏ 3.7 GB/4.7 GB   17 MB/s     54s[K[?25h[?2026l[?2026h[?25l[A[1Gpulling manifest [K
pulling 2bada8a74506...  80% ▕████████████    ▏ 3.7 GB/4.7 GB   17 MB/s     54s[K[?25h[?2026l[?2026h[?25l[A[1Gpulling manifest [K
pulling 2bada8a74506...  80% ▕████████████    ▏ 3.7 GB/4.7 GB   17 MB/s     54s[K[?25h[?2026l[?2026h[?25l[A[1Gpulling manifest [K
pulling 2bada8a74506...  80% ▕████████████    ▏ 3.7 GB/4.7 GB   17 MB/s     54s[K[?25h[?2026l[?2026h[?25l[A[1Gpulling manifest [K
pulling 2bada8a74506...  80% ▕████████████    ▏ 3.7 GB/4.7 GB   17 MB/s     54s[K[?25h[?2026l[?2026h[?25l[A[1Gpulling manifest [K
pulling 2bada8a74506...  80% ▕████████████    ▏ 3.7 GB/4.7 GB   17 MB/s     53s[K[?25h[?2026l[?2026h[?25l[A[1Gpulling manifest [K
pulling 2bada8a74506...  80% ▕████████████    ▏ 3.7 GB/4.7 GB   17 MB/s     53s[K[?25h[?2026l[?2026h[?25l[A[1Gpulling manifest [K
pulling 2bada8a74506...  80% ▕████████████    ▏ 3.7 GB/4.7 GB   17 MB/s     53s[K[?25h[?2026l[?2026h[?25l[A[1Gpulling manifest [K
pulling 2bada8a74506...  80% ▕████████████    ▏ 3.8 GB/4.7 GB   17 MB/s     53s[K[?25h[?2026l[?2026h[?25l[A[1Gpulling manifest [K
pulling 2bada8a74506...  80% ▕████████████    ▏ 3.8 GB/4.7 GB   17 MB/s     53s[K[?25h[?2026l[?2026h[?25l[A[1Gpulling manifest [K
pulling 2bada8a74506...  80% ▕████████████    ▏ 3.8 GB/4.7 GB   17 MB/s     52s[K[?25h[?2026l[?2026h[?25l[A[1Gpulling manifest [K
pulling 2bada8a74506...  80% ▕████████████    ▏ 3.8 GB/4.7 GB   17 MB/s     52s[K[?25h[?2026l[?2026h[?25l[A[1Gpulling manifest [K
pulling 2bada8a74506...  80% ▕████████████    ▏ 3.8 GB/4.7 GB   17 MB/s     52s[K[?25h[?2026l[?2026h[?25l[A[1Gpulling manifest [K
pulling 2bada8a74506...  80% ▕████████████    ▏ 3.8 GB/4.7 GB   17 MB/s     52s[K[?25h[?2026l[?2026h[?25l[A[1Gpulling manifest [K
pulling 2bada8a74506...  80% ▕████████████    ▏ 3.8 GB/4.7 GB   17 MB/s     52s[K[?25h[?2026l[?2026h[?25l[A[1Gpulling manifest [K
pulling 2bada8a74506...  80% ▕████████████    ▏ 3.8 GB/4.7 GB   17 MB/s     52s[K[?25h[?2026l[?2026h[?25l[A[1Gpulling manifest [K
pulling 2bada8a74506...  80% ▕████████████    ▏ 3.8 GB/4.7 GB   17 MB/s     52s[K[?25h[?2026l[?2026h[?25l[A[1Gpulling manifest [K
pulling 2bada8a74506...  80% ▕████████████    ▏ 3.8 GB/4.7 GB   17 MB/s     52s[K[?25h[?2026l[?2026h[?25l[A[1Gpulling manifest [K
pulling 2bada8a74506...  80% ▕████████████    ▏ 3.8 GB/4.7 GB   17 MB/s     52s[K[?25h[?2026l[?2026h[?25l[A[1Gpulling manifest [K
pulling 2bada8a74506...  80% ▕████████████    ▏ 3.8 GB/4.7 GB   17 MB/s     52s[K[?25h[?2026l[?2026h[?25l[A[1Gpulling manifest [K
pulling 2bada8a74506...  80% ▕████████████    ▏ 3.8 GB/4.7 GB   17 MB/s     53s[K[?25h[?2026l[?2026h[?25l[A[1Gpulling manifest [K
pulling 2bada8a74506...  80% ▕████████████    ▏ 3.8 GB/4.7 GB   17 MB/s     53s[K[?25h[?2026l[?2026h[?25l[A[1Gpulling manifest [K
pulling 2bada8a74506...  81% ▕████████████    ▏ 3.8 GB/4.7 GB   17 MB/s     52s[K[?25h[?2026l[?2026h[?25l[A[1Gpulling manifest [K
pulling 2bada8a74506...  81% ▕████████████    ▏ 3.8 GB/4.7 GB   17 MB/s     52s[K[?25h[?2026l[?2026h[?25l[A[1Gpulling manifest [K
pulling 2bada8a74506...  81% ▕████████████    ▏ 3.8 GB/4.7 GB   17 MB/s     52s[K[?25h[?2026l[?2026h[?25l[A[1Gpulling manifest [K
pulling 2bada8a74506...  81% ▕████████████    ▏ 3.8 GB/4.7 GB   17 MB/s     52s[K[?25h[?2026l[?2026h[?25l[A[1Gpulling manifest [K
pulling 2bada8a74506...  81% ▕████████████    ▏ 3.8 GB/4.7 GB   17 MB/s     52s[K[?25h[?2026l[?2026h[?25l[A[1Gpulling manifest [K
pulling 2bada8a74506...  81% ▕████████████    ▏ 3.8 GB/4.7 GB   17 MB/s     52s[K[?25h[?2026l[?2026h[?25l[A[1Gpulling manifest [K
pulling 2bada8a74506...  81% ▕████████████    ▏ 3.8 GB/4.7 GB   17 MB/s     52s[K[?25h[?2026l[?2026h[?25l[A[1Gpulling manifest [K
pulling 2bada8a74506...  81% ▕████████████    ▏ 3.8 GB/4.7 GB   17 MB/s     52s[K[?25h[?2026l[?2026h[?25l[A[1Gpulling manifest [K
pulling 2bada8a74506...  81% ▕████████████    ▏ 3.8 GB/4.7 GB   17 MB/s     52s[K[?25h[?2026l[?2026h[?25l[A[1Gpulling manifest [K
pulling 2bada8a74506...  81% ▕████████████    ▏ 3.8 GB/4.7 GB   17 MB/s     52s[K[?25h[?2026l[?2026h[?25l[A[1Gpulling manifest [K
pulling 2bada8a74506...  81% ▕████████████    ▏ 3.8 GB/4.7 GB   17 MB/s     52s[K[?25h[?2026l[?2026h[?25l[A[1Gpulling manifest [K
pulling 2bada8a74506...  81% ▕████████████    ▏ 3.8 GB/4.7 GB   17 MB/s     52s[K[?25h[?2026l[?2026h[?25l[A[1Gpulling manifest [K
pulling 2bada8a74506...  81% ▕████████████    ▏ 3.8 GB/4.7 GB   17 MB/s     51s[K[?25h[?2026l[?2026h[?25l[A[1Gpulling manifest [K
pulling 2bada8a74506...  81% ▕████████████    ▏ 3.8 GB/4.7 GB   17 MB/s     51s[K[?25h[?2026l[?2026h[?25l[A[1Gpulling manifest [K
pulling 2bada8a74506...  81% ▕████████████    ▏ 3.8 GB/4.7 GB   17 MB/s     51s[K[?25h[?2026l[?2026h[?25l[A[1Gpulling manifest [K
pulling 2bada8a74506...  81% ▕████████████    ▏ 3.8 GB/4.7 GB   17 MB/s     51s[K[?25h[?2026l[?2026h[?25l[A[1Gpulling manifest [K
pulling 2bada8a74506...  81% ▕████████████    ▏ 3.8 GB/4.7 GB   17 MB/s     51s[K[?25h[?2026l[?2026h[?25l[A[1Gpulling manifest [K
pulling 2bada8a74506...  81% ▕████████████    ▏ 3.8 GB/4.7 GB   17 MB/s     51s[K[?25h[?2026l[?2026h[?25l[A[1Gpulling manifest [K
pulling 2bada8a74506...  81% ▕████████████    ▏ 3.8 GB/4.7 GB   17 MB/s     51s[K[?25h[?2026l[?2026h[?25l[A[1Gpulling manifest [K
pulling 2bada8a74506...  81% ▕████████████    ▏ 3.8 GB/4.7 GB   16 MB/s     52s[K[?25h[?2026l[?2026h[?25l[A[1Gpulling manifest [K
pulling 2bada8a74506...  81% ▕████████████    ▏ 3.8 GB/4.7 GB   16 MB/s     52s[K[?25h[?2026l[?2026h[?25l[A[1Gpulling manifest [K
pulling 2bada8a74506...  81% ▕█████████████   ▏ 3.8 GB/4.7 GB   16 MB/s     52s[K[?25h[?2026l[?2026h[?25l[A[1Gpulling manifest [K
pulling 2bada8a74506...  81% ▕█████████████   ▏ 3.8 GB/4.7 GB   16 MB/s     52s[K[?25h[?2026l[?2026h[?25l[A[1Gpulling manifest [K
pulling 2bada8a74506...  81% ▕█████████████   ▏ 3.8 GB/4.7 GB   16 MB/s     52s[K[?25h[?2026l[?2026h[?25l[A[1Gpulling manifest [K
pulling 2bada8a74506...  81% ▕█████████████   ▏ 3.8 GB/4.7 GB   16 MB/s     51s[K[?25h[?2026l[?2026h[?25l[A[1Gpulling manifest [K
pulling 2bada8a74506...  81% ▕█████████████   ▏ 3.8 GB/4.7 GB   16 MB/s     51s[K[?25h[?2026l[?2026h[?25l[A[1Gpulling manifest [K
pulling 2bada8a74506...  81% ▕█████████████   ▏ 3.8 GB/4.7 GB   16 MB/s     51s[K[?25h[?2026l[?2026h[?25l[A[1Gpulling manifest [K
pulling 2bada8a74506...  82% ▕█████████████   ▏ 3.8 GB/4.7 GB   16 MB/s     51s[K[?25h[?2026l[?2026h[?25l[A[1Gpulling manifest [K
pulling 2bada8a74506...  82% ▕█████████████   ▏ 3.8 GB/4.7 GB   16 MB/s     51s[K[?25h[?2026l[?2026h[?25l[A[1Gpulling manifest [K
pulling 2bada8a74506...  82% ▕█████████████   ▏ 3.8 GB/4.7 GB   17 MB/s     50s[K[?25h[?2026l[?2026h[?25l[A[1Gpulling manifest [K
pulling 2bada8a74506...  82% ▕█████████████   ▏ 3.8 GB/4.7 GB   17 MB/s     50s[K[?25h[?2026l[?2026h[?25l[A[1Gpulling manifest [K
pulling 2bada8a74506...  82% ▕█████████████   ▏ 3.8 GB/4.7 GB   17 MB/s     50s[K[?25h[?2026l[?2026h[?25l[A[1Gpulling manifest [K
pulling 2bada8a74506...  82% ▕█████████████   ▏ 3.8 GB/4.7 GB   17 MB/s     50s[K[?25h[?2026l[?2026h[?25l[A[1Gpulling manifest [K
pulling 2bada8a74506...  82% ▕█████████████   ▏ 3.8 GB/4.7 GB   17 MB/s     50s[K[?25h[?2026l[?2026h[?25l[A[1Gpulling manifest [K
pulling 2bada8a74506...  82% ▕█████████████   ▏ 3.8 GB/4.7 GB   17 MB/s     49s[K[?25h[?2026l[?2026h[?25l[A[1Gpulling manifest [K
pulling 2bada8a74506...  82% ▕█████████████   ▏ 3.8 GB/4.7 GB   17 MB/s     49s[K[?25h[?2026l[?2026h[?25l[A[1Gpulling manifest [K
pulling 2bada8a74506...  82% ▕█████████████   ▏ 3.8 GB/4.7 GB   17 MB/s     49s[K[?25h[?2026l[?2026h[?25l[A[1Gpulling manifest [K
pulling 2bada8a74506...  82% ▕█████████████   ▏ 3.8 GB/4.7 GB   17 MB/s     49s[K[?25h[?2026l[?2026h[?25l[A[1Gpulling manifest [K
pulling 2bada8a74506...  82% ▕█████████████   ▏ 3.8 GB/4.7 GB   17 MB/s     49s[K[?25h[?2026l[?2026h[?25l[A[1Gpulling manifest [K
pulling 2bada8a74506...  82% ▕█████████████   ▏ 3.8 GB/4.7 GB   17 MB/s     49s[K[?25h[?2026l[?2026h[?25l[A[1Gpulling manifest [K
pulling 2bada8a74506...  82% ▕█████████████   ▏ 3.8 GB/4.7 GB   17 MB/s     49s[K[?25h[?2026l[?2026h[?25l[A[1Gpulling manifest [K
pulling 2bada8a74506...  82% ▕█████████████   ▏ 3.8 GB/4.7 GB   17 MB/s     48s[K[?25h[?2026l[?2026h[?25l[A[1Gpulling manifest [K
pulling 2bada8a74506...  82% ▕█████████████   ▏ 3.8 GB/4.7 GB   17 MB/s     48s[K[?25h[?2026l[?2026h[?25l[A[1Gpulling manifest [K
pulling 2bada8a74506...  82% ▕█████████████   ▏ 3.8 GB/4.7 GB   17 MB/s     48s[K[?25h[?2026l[?2026h[?25l[A[1Gpulling manifest [K
pulling 2bada8a74506...  82% ▕█████████████   ▏ 3.8 GB/4.7 GB   17 MB/s     48s[K[?25h[?2026l[?2026h[?25l[A[1Gpulling manifest [K
pulling 2bada8a74506...  82% ▕█████████████   ▏ 3.8 GB/4.7 GB   17 MB/s     48s[K[?25h[?2026l[?2026h[?25l[A[1Gpulling manifest [K
pulling 2bada8a74506...  82% ▕█████████████   ▏ 3.9 GB/4.7 GB   17 MB/s     48s[K[?25h[?2026l[?2026h[?25l[A[1Gpulling manifest [K
pulling 2bada8a74506...  82% ▕█████████████   ▏ 3.9 GB/4.7 GB   17 MB/s     48s[K[?25h[?2026l[?2026h[?25l[A[1Gpulling manifest [K
pulling 2bada8a74506...  82% ▕█████████████   ▏ 3.9 GB/4.7 GB   17 MB/s     48s[K[?25h[?2026l[?2026h[?25l[A[1Gpulling manifest [K
pulling 2bada8a74506...  82% ▕█████████████   ▏ 3.9 GB/4.7 GB   17 MB/s     48s[K[?25h[?2026l[?2026h[?25l[A[1Gpulling manifest [K
pulling 2bada8a74506...  82% ▕█████████████   ▏ 3.9 GB/4.7 GB   17 MB/s     47s[K[?25h[?2026l[?2026h[?25l[A[1Gpulling manifest [K
pulling 2bada8a74506...  82% ▕█████████████   ▏ 3.9 GB/4.7 GB   17 MB/s     47s[K[?25h[?2026l[?2026h[?25l[A[1Gpulling manifest [K
pulling 2bada8a74506...  82% ▕█████████████   ▏ 3.9 GB/4.7 GB   17 MB/s     47s[K[?25h[?2026l[?2026h[?25l[A[1Gpulling manifest [K
pulling 2bada8a74506...  82% ▕█████████████   ▏ 3.9 GB/4.7 GB   17 MB/s     47s[K[?25h[?2026l[?2026h[?25l[A[1Gpulling manifest [K
pulling 2bada8a74506...  83% ▕█████████████   ▏ 3.9 GB/4.7 GB   17 MB/s     47s[K[?25h[?2026l[?2026h[?25l[A[1Gpulling manifest [K
pulling 2bada8a74506...  83% ▕█████████████   ▏ 3.9 GB/4.7 GB   17 MB/s     47s[K[?25h[?2026l[?2026h[?25l[A[1Gpulling manifest [K
pulling 2bada8a74506...  83% ▕█████████████   ▏ 3.9 GB/4.7 GB   17 MB/s     47s[K[?25h[?2026l[?2026h[?25l[A[1Gpulling manifest [K
pulling 2bada8a74506...  83% ▕█████████████   ▏ 3.9 GB/4.7 GB   17 MB/s     47s[K[?25h[?2026l[?2026h[?25l[A[1Gpulling manifest [K
pulling 2bada8a74506...  83% ▕█████████████   ▏ 3.9 GB/4.7 GB   17 MB/s     47s[K[?25h[?2026l[?2026h[?25l[A[1Gpulling manifest [K
pulling 2bada8a74506...  83% ▕█████████████   ▏ 3.9 GB/4.7 GB   17 MB/s     47s[K[?25h[?2026l[?2026h[?25l[A[1Gpulling manifest [K
pulling 2bada8a74506...  83% ▕█████████████   ▏ 3.9 GB/4.7 GB   17 MB/s     46s[K[?25h[?2026l[?2026h[?25l[A[1Gpulling manifest [K
pulling 2bada8a74506...  83% ▕█████████████   ▏ 3.9 GB/4.7 GB   17 MB/s     46s[K[?25h[?2026l[?2026h[?25l[A[1Gpulling manifest [K
pulling 2bada8a74506...  83% ▕█████████████   ▏ 3.9 GB/4.7 GB   17 MB/s     46s[K[?25h[?2026l[?2026h[?25l[A[1Gpulling manifest [K
pulling 2bada8a74506...  83% ▕█████████████   ▏ 3.9 GB/4.7 GB   17 MB/s     46s[K[?25h[?2026l[?2026h[?25l[A[1Gpulling manifest [K
pulling 2bada8a74506...  83% ▕█████████████   ▏ 3.9 GB/4.7 GB   17 MB/s     46s[K[?25h[?2026l[?2026h[?25l[A[1Gpulling manifest [K
pulling 2bada8a74506...  83% ▕█████████████   ▏ 3.9 GB/4.7 GB   17 MB/s     46s[K[?25h[?2026l[?2026h[?25l[A[1Gpulling manifest [K
pulling 2bada8a74506...  83% ▕█████████████   ▏ 3.9 GB/4.7 GB   17 MB/s     46s[K[?25h[?2026l[?2026h[?25l[A[1Gpulling manifest [K
pulling 2bada8a74506...  83% ▕█████████████   ▏ 3.9 GB/4.7 GB   17 MB/s     46s[K[?25h[?2026l[?2026h[?25l[A[1Gpulling manifest [K
pulling 2bada8a74506...  83% ▕█████████████   ▏ 3.9 GB/4.7 GB   17 MB/s     46s[K[?25h[?2026l[?2026h[?25l[A[1Gpulling manifest [K
pulling 2bada8a74506...  83% ▕█████████████   ▏ 3.9 GB/4.7 GB   17 MB/s     45s[K[?25h[?2026l[?2026h[?25l[A[1Gpulling manifest [K
pulling 2bada8a74506...  83% ▕█████████████   ▏ 3.9 GB/4.7 GB   17 MB/s     45s[K[?25h[?2026l[?2026h[?25l[A[1Gpulling manifest [K
pulling 2bada8a74506...  83% ▕█████████████   ▏ 3.9 GB/4.7 GB   17 MB/s     45s[K[?25h[?2026l[?2026h[?25l[A[1Gpulling manifest [K
pulling 2bada8a74506...  83% ▕█████████████   ▏ 3.9 GB/4.7 GB   17 MB/s     45s[K[?25h[?2026l[?2026h[?25l[A[1Gpulling manifest [K
pulling 2bada8a74506...  83% ▕█████████████   ▏ 3.9 GB/4.7 GB   17 MB/s     45s[K[?25h[?2026l[?2026h[?25l[A[1Gpulling manifest [K
pulling 2bada8a74506...  83% ▕█████████████   ▏ 3.9 GB/4.7 GB   17 MB/s     45s[K[?25h[?2026l[?2026h[?25l[A[1Gpulling manifest [K
pulling 2bada8a74506...  83% ▕█████████████   ▏ 3.9 GB/4.7 GB   17 MB/s     45s[K[?25h[?2026l[?2026h[?25l[A[1Gpulling manifest [K
pulling 2bada8a74506...  83% ▕█████████████   ▏ 3.9 GB/4.7 GB   17 MB/s     45s[K[?25h[?2026l[?2026h[?25l[A[1Gpulling manifest [K
pulling 2bada8a74506...  83% ▕█████████████   ▏ 3.9 GB/4.7 GB   17 MB/s     45s[K[?25h[?2026l[?2026h[?25l[A[1Gpulling manifest [K
pulling 2bada8a74506...  83% ▕█████████████   ▏ 3.9 GB/4.7 GB   17 MB/s     44s[K[?25h[?2026l[?2026h[?25l[A[1Gpulling manifest [K
pulling 2bada8a74506...  83% ▕█████████████   ▏ 3.9 GB/4.7 GB   17 MB/s     44s[K[?25h[?2026l[?2026h[?25l[A[1Gpulling manifest [K
pulling 2bada8a74506...  84% ▕█████████████   ▏ 3.9 GB/4.7 GB   17 MB/s     44s[K[?25h[?2026l[?2026h[?25l[A[1Gpulling manifest [K
pulling 2bada8a74506...  84% ▕█████████████   ▏ 3.9 GB/4.7 GB   17 MB/s     44s[K[?25h[?2026l[?2026h[?25l[A[1Gpulling manifest [K
pulling 2bada8a74506...  84% ▕█████████████   ▏ 3.9 GB/4.7 GB   17 MB/s     44s[K[?25h[?2026l[?2026h[?25l[A[1Gpulling manifest [K
pulling 2bada8a74506...  84% ▕█████████████   ▏ 3.9 GB/4.7 GB   17 MB/s     43s[K[?25h[?2026l[?2026h[?25l[A[1Gpulling manifest [K
pulling 2bada8a74506...  84% ▕█████████████   ▏ 3.9 GB/4.7 GB   17 MB/s     43s[K[?25h[?2026l[?2026h[?25l[A[1Gpulling manifest [K
pulling 2bada8a74506...  84% ▕█████████████   ▏ 3.9 GB/4.7 GB   17 MB/s     43s[K[?25h[?2026l[?2026h[?25l[A[1Gpulling manifest [K
pulling 2bada8a74506...  84% ▕█████████████   ▏ 3.9 GB/4.7 GB   17 MB/s     43s[K[?25h[?2026l[?2026h[?25l[A[1Gpulling manifest [K
pulling 2bada8a74506...  84% ▕█████████████   ▏ 3.9 GB/4.7 GB   17 MB/s     43s[K[?25h[?2026l[?2026h[?25l[A[1Gpulling manifest [K
pulling 2bada8a74506...  84% ▕█████████████   ▏ 3.9 GB/4.7 GB   17 MB/s     43s[K[?25h[?2026l[?2026h[?25l[A[1Gpulling manifest [K
pulling 2bada8a74506...  84% ▕█████████████   ▏ 3.9 GB/4.7 GB   17 MB/s     43s[K[?25h[?2026l[?2026h[?25l[A[1Gpulling manifest [K
pulling 2bada8a74506...  84% ▕█████████████   ▏ 3.9 GB/4.7 GB   17 MB/s     42s[K[?25h[?2026l[?2026h[?25l[A[1Gpulling manifest [K
pulling 2bada8a74506...  84% ▕█████████████   ▏ 3.9 GB/4.7 GB   17 MB/s     42s[K[?25h[?2026l[?2026h[?25l[A[1Gpulling manifest [K
pulling 2bada8a74506...  84% ▕█████████████   ▏ 3.9 GB/4.7 GB   17 MB/s     42s[K[?25h[?2026l[?2026h[?25l[A[1Gpulling manifest [K
pulling 2bada8a74506...  84% ▕█████████████   ▏ 3.9 GB/4.7 GB   17 MB/s     42s[K[?25h[?2026l[?2026h[?25l[A[1Gpulling manifest [K
pulling 2bada8a74506...  84% ▕█████████████   ▏ 3.9 GB/4.7 GB   17 MB/s     41s[K[?25h[?2026l[?2026h[?25l[A[1Gpulling manifest [K
pulling 2bada8a74506...  84% ▕█████████████   ▏ 3.9 GB/4.7 GB   17 MB/s     41s[K[?25h[?2026l[?2026h[?25l[A[1Gpulling manifest [K
pulling 2bada8a74506...  84% ▕█████████████   ▏ 3.9 GB/4.7 GB   17 MB/s     41s[K[?25h[?2026l[?2026h[?25l[A[1Gpulling manifest [K
pulling 2bada8a74506...  84% ▕█████████████   ▏ 3.9 GB/4.7 GB   17 MB/s     41s[K[?25h[?2026l[?2026h[?25l[A[1Gpulling manifest [K
pulling 2bada8a74506...  84% ▕█████████████   ▏ 3.9 GB/4.7 GB   17 MB/s     41s[K[?25h[?2026l[?2026h[?25l[A[1Gpulling manifest [K
pulling 2bada8a74506...  84% ▕█████████████   ▏ 3.9 GB/4.7 GB   17 MB/s     41s[K[?25h[?2026l[?2026h[?25l[A[1Gpulling manifest [K
pulling 2bada8a74506...  84% ▕█████████████   ▏ 3.9 GB/4.7 GB   17 MB/s     41s[K[?25h[?2026l[?2026h[?25l[A[1Gpulling manifest [K
pulling 2bada8a74506...  84% ▕█████████████   ▏ 3.9 GB/4.7 GB   17 MB/s     41s[K[?25h[?2026l[?2026h[?25l[A[1Gpulling manifest [K
pulling 2bada8a74506...  84% ▕█████████████   ▏ 3.9 GB/4.7 GB   17 MB/s     41s[K[?25h[?2026l[?2026h[?25l[A[1Gpulling manifest [K
pulling 2bada8a74506...  84% ▕█████████████   ▏ 3.9 GB/4.7 GB   17 MB/s     41s[K[?25h[?2026l[?2026h[?25l[A[1Gpulling manifest [K
pulling 2bada8a74506...  84% ▕█████████████   ▏ 3.9 GB/4.7 GB   17 MB/s     40s[K[?25h[?2026l[?2026h[?25l[A[1Gpulling manifest [K
pulling 2bada8a74506...  84% ▕█████████████   ▏ 4.0 GB/4.7 GB   17 MB/s     40s[K[?25h[?2026l[?2026h[?25l[A[1Gpulling manifest [K
pulling 2bada8a74506...  84% ▕█████████████   ▏ 4.0 GB/4.7 GB   17 MB/s     40s[K[?25h[?2026l[?2026h[?25l[A[1Gpulling manifest [K
pulling 2bada8a74506...  84% ▕█████████████   ▏ 4.0 GB/4.7 GB   17 MB/s     40s[K[?25h[?2026l[?2026h[?25l[A[1Gpulling manifest [K
pulling 2bada8a74506...  84% ▕█████████████   ▏ 4.0 GB/4.7 GB   17 MB/s     40s[K[?25h[?2026l[?2026h[?25l[A[1Gpulling manifest [K
pulling 2bada8a74506...  84% ▕█████████████   ▏ 4.0 GB/4.7 GB   17 MB/s     40s[K[?25h[?2026l[?2026h[?25l[A[1Gpulling manifest [K
pulling 2bada8a74506...  85% ▕█████████████   ▏ 4.0 GB/4.7 GB   17 MB/s     40s[K[?25h[?2026l[?2026h[?25l[A[1Gpulling manifest [K
pulling 2bada8a74506...  85% ▕█████████████   ▏ 4.0 GB/4.7 GB   17 MB/s     40s[K[?25h[?2026l[?2026h[?25l[A[1Gpulling manifest [K
pulling 2bada8a74506...  85% ▕█████████████   ▏ 4.0 GB/4.7 GB   17 MB/s     40s[K[?25h[?2026l[?2026h[?25l[A[1Gpulling manifest [K
pulling 2bada8a74506...  85% ▕█████████████   ▏ 4.0 GB/4.7 GB   17 MB/s     40s[K[?25h[?2026l[?2026h[?25l[A[1Gpulling manifest [K
pulling 2bada8a74506...  85% ▕█████████████   ▏ 4.0 GB/4.7 GB   17 MB/s     40s[K[?25h[?2026l[?2026h[?25l[A[1Gpulling manifest [K
pulling 2bada8a74506...  85% ▕█████████████   ▏ 4.0 GB/4.7 GB   17 MB/s     40s[K[?25h[?2026l[?2026h[?25l[A[1Gpulling manifest [K
pulling 2bada8a74506...  85% ▕█████████████   ▏ 4.0 GB/4.7 GB   17 MB/s     40s[K[?25h[?2026l[?2026h[?25l[A[1Gpulling manifest [K
pulling 2bada8a74506...  85% ▕█████████████   ▏ 4.0 GB/4.7 GB   17 MB/s     40s[K[?25h[?2026l[?2026h[?25l[A[1Gpulling manifest [K
pulling 2bada8a74506...  85% ▕█████████████   ▏ 4.0 GB/4.7 GB   17 MB/s     40s[K[?25h[?2026l[?2026h[?25l[A[1Gpulling manifest [K
pulling 2bada8a74506...  85% ▕█████████████   ▏ 4.0 GB/4.7 GB   17 MB/s     40s[K[?25h[?2026l[?2026h[?25l[A[1Gpulling manifest [K
pulling 2bada8a74506...  85% ▕█████████████   ▏ 4.0 GB/4.7 GB   17 MB/s     39s[K[?25h[?2026l[?2026h[?25l[A[1Gpulling manifest [K
pulling 2bada8a74506...  85% ▕█████████████   ▏ 4.0 GB/4.7 GB   17 MB/s     40s[K[?25h[?2026l[?2026h[?25l[A[1Gpulling manifest [K
pulling 2bada8a74506...  85% ▕█████████████   ▏ 4.0 GB/4.7 GB   17 MB/s     40s[K[?25h[?2026l[?2026h[?25l[A[1Gpulling manifest [K
pulling 2bada8a74506...  85% ▕█████████████   ▏ 4.0 GB/4.7 GB   17 MB/s     40s[K[?25h[?2026l[?2026h[?25l[A[1Gpulling manifest [K
pulling 2bada8a74506...  85% ▕█████████████   ▏ 4.0 GB/4.7 GB   17 MB/s     40s[K[?25h[?2026l[?2026h[?25l[A[1Gpulling manifest [K
pulling 2bada8a74506...  85% ▕█████████████   ▏ 4.0 GB/4.7 GB   17 MB/s     40s[K[?25h[?2026l[?2026h[?25l[A[1Gpulling manifest [K
pulling 2bada8a74506...  85% ▕█████████████   ▏ 4.0 GB/4.7 GB   17 MB/s     40s[K[?25h[?2026l[?2026h[?25l[A[1Gpulling manifest [K
pulling 2bada8a74506...  85% ▕█████████████   ▏ 4.0 GB/4.7 GB   17 MB/s     40s[K[?25h[?2026l[?2026h[?25l[A[1Gpulling manifest [K
pulling 2bada8a74506...  85% ▕█████████████   ▏ 4.0 GB/4.7 GB   17 MB/s     39s[K[?25h[?2026l[?2026h[?25l[A[1Gpulling manifest [K
pulling 2bada8a74506...  85% ▕█████████████   ▏ 4.0 GB/4.7 GB   17 MB/s     39s[K[?25h[?2026l[?2026h[?25l[A[1Gpulling manifest [K
pulling 2bada8a74506...  85% ▕█████████████   ▏ 4.0 GB/4.7 GB   17 MB/s     39s[K[?25h[?2026l[?2026h[?25l[A[1Gpulling manifest [K
pulling 2bada8a74506...  85% ▕█████████████   ▏ 4.0 GB/4.7 GB   17 MB/s     39s[K[?25h[?2026l[?2026h[?25l[A[1Gpulling manifest [K
pulling 2bada8a74506...  85% ▕█████████████   ▏ 4.0 GB/4.7 GB   17 MB/s     39s[K[?25h[?2026l[?2026h[?25l[A[1Gpulling manifest [K
pulling 2bada8a74506...  85% ▕█████████████   ▏ 4.0 GB/4.7 GB   17 MB/s     39s[K[?25h[?2026l[?2026h[?25l[A[1Gpulling manifest [K
pulling 2bada8a74506...  85% ▕█████████████   ▏ 4.0 GB/4.7 GB   17 MB/s     39s[K[?25h[?2026l[?2026h[?25l[A[1Gpulling manifest [K
pulling 2bada8a74506...  85% ▕█████████████   ▏ 4.0 GB/4.7 GB   17 MB/s     39s[K[?25h[?2026l[?2026h[?25l[A[1Gpulling manifest [K
pulling 2bada8a74506...  86% ▕█████████████   ▏ 4.0 GB/4.7 GB   17 MB/s     38s[K[?25h[?2026l[?2026h[?25l[A[1Gpulling manifest [K
pulling 2bada8a74506...  86% ▕█████████████   ▏ 4.0 GB/4.7 GB   17 MB/s     38s[K[?25h[?2026l[?2026h[?25l[A[1Gpulling manifest [K
pulling 2bada8a74506...  86% ▕█████████████   ▏ 4.0 GB/4.7 GB   17 MB/s     38s[K[?25h[?2026l[?2026h[?25l[A[1Gpulling manifest [K
pulling 2bada8a74506...  86% ▕█████████████   ▏ 4.0 GB/4.7 GB   17 MB/s     38s[K[?25h[?2026l[?2026h[?25l[A[1Gpulling manifest [K
pulling 2bada8a74506...  86% ▕█████████████   ▏ 4.0 GB/4.7 GB   17 MB/s     38s[K[?25h[?2026l[?2026h[?25l[A[1Gpulling manifest [K
pulling 2bada8a74506...  86% ▕█████████████   ▏ 4.0 GB/4.7 GB   17 MB/s     38s[K[?25h[?2026l[?2026h[?25l[A[1Gpulling manifest [K
pulling 2bada8a74506...  86% ▕█████████████   ▏ 4.0 GB/4.7 GB   17 MB/s     38s[K[?25h[?2026l[?2026h[?25l[A[1Gpulling manifest [K
pulling 2bada8a74506...  86% ▕█████████████   ▏ 4.0 GB/4.7 GB   17 MB/s     38s[K[?25h[?2026l[?2026h[?25l[A[1Gpulling manifest [K
pulling 2bada8a74506...  86% ▕█████████████   ▏ 4.0 GB/4.7 GB   17 MB/s     37s[K[?25h[?2026l[?2026h[?25l[A[1Gpulling manifest [K
pulling 2bada8a74506...  86% ▕█████████████   ▏ 4.0 GB/4.7 GB   17 MB/s     37s[K[?25h[?2026l[?2026h[?25l[A[1Gpulling manifest [K
pulling 2bada8a74506...  86% ▕█████████████   ▏ 4.0 GB/4.7 GB   17 MB/s     37s[K[?25h[?2026l[?2026h[?25l[A[1Gpulling manifest [K
pulling 2bada8a74506...  86% ▕█████████████   ▏ 4.0 GB/4.7 GB   17 MB/s     37s[K[?25h[?2026l[?2026h[?25l[A[1Gpulling manifest [K
pulling 2bada8a74506...  86% ▕█████████████   ▏ 4.0 GB/4.7 GB   17 MB/s     37s[K[?25h[?2026l[?2026h[?25l[A[1Gpulling manifest [K
pulling 2bada8a74506...  86% ▕█████████████   ▏ 4.0 GB/4.7 GB   17 MB/s     37s[K[?25h[?2026l[?2026h[?25l[A[1Gpulling manifest [K
pulling 2bada8a74506...  86% ▕█████████████   ▏ 4.0 GB/4.7 GB   17 MB/s     37s[K[?25h[?2026l[?2026h[?25l[A[1Gpulling manifest [K
pulling 2bada8a74506...  86% ▕█████████████   ▏ 4.0 GB/4.7 GB   17 MB/s     37s[K[?25h[?2026l[?2026h[?25l[A[1Gpulling manifest [K
pulling 2bada8a74506...  86% ▕█████████████   ▏ 4.0 GB/4.7 GB   17 MB/s     37s[K[?25h[?2026l[?2026h[?25l[A[1Gpulling manifest [K
pulling 2bada8a74506...  86% ▕█████████████   ▏ 4.0 GB/4.7 GB   17 MB/s     37s[K[?25h[?2026l[?2026h[?25l[A[1Gpulling manifest [K
pulling 2bada8a74506...  86% ▕█████████████   ▏ 4.0 GB/4.7 GB   17 MB/s     37s[K[?25h[?2026l[?2026h[?25l[A[1Gpulling manifest [K
pulling 2bada8a74506...  86% ▕█████████████   ▏ 4.0 GB/4.7 GB   17 MB/s     37s[K[?25h[?2026l[?2026h[?25l[A[1Gpulling manifest [K
pulling 2bada8a74506...  86% ▕█████████████   ▏ 4.0 GB/4.7 GB   17 MB/s     37s[K[?25h[?2026l[?2026h[?25l[A[1Gpulling manifest [K
pulling 2bada8a74506...  86% ▕█████████████   ▏ 4.0 GB/4.7 GB   17 MB/s     36s[K[?25h[?2026l[?2026h[?25l[A[1Gpulling manifest [K
pulling 2bada8a74506...  86% ▕█████████████   ▏ 4.0 GB/4.7 GB   17 MB/s     36s[K[?25h[?2026l[?2026h[?25l[A[1Gpulling manifest [K
pulling 2bada8a74506...  86% ▕█████████████   ▏ 4.0 GB/4.7 GB   17 MB/s     36s[K[?25h[?2026l[?2026h[?25l[A[1Gpulling manifest [K
pulling 2bada8a74506...  86% ▕█████████████   ▏ 4.0 GB/4.7 GB   17 MB/s     36s[K[?25h[?2026l[?2026h[?25l[A[1Gpulling manifest [K
pulling 2bada8a74506...  86% ▕█████████████   ▏ 4.0 GB/4.7 GB   17 MB/s     36s[K[?25h[?2026l[?2026h[?25l[A[1Gpulling manifest [K
pulling 2bada8a74506...  86% ▕█████████████   ▏ 4.0 GB/4.7 GB   17 MB/s     37s[K[?25h[?2026l[?2026h[?25l[A[1Gpulling manifest [K
pulling 2bada8a74506...  86% ▕█████████████   ▏ 4.0 GB/4.7 GB   17 MB/s     37s[K[?25h[?2026l[?2026h[?25l[A[1Gpulling manifest [K
pulling 2bada8a74506...  86% ▕█████████████   ▏ 4.0 GB/4.7 GB   17 MB/s     37s[K[?25h[?2026l[?2026h[?25l[A[1Gpulling manifest [K
pulling 2bada8a74506...  87% ▕█████████████   ▏ 4.1 GB/4.7 GB   17 MB/s     36s[K[?25h[?2026l[?2026h[?25l[A[1Gpulling manifest [K
pulling 2bada8a74506...  87% ▕█████████████   ▏ 4.1 GB/4.7 GB   17 MB/s     36s[K[?25h[?2026l[?2026h[?25l[A[1Gpulling manifest [K
pulling 2bada8a74506...  87% ▕█████████████   ▏ 4.1 GB/4.7 GB   17 MB/s     36s[K[?25h[?2026l[?2026h[?25l[A[1Gpulling manifest [K
pulling 2bada8a74506...  87% ▕█████████████   ▏ 4.1 GB/4.7 GB   17 MB/s     36s[K[?25h[?2026l[?2026h[?25l[A[1Gpulling manifest [K
pulling 2bada8a74506...  87% ▕█████████████   ▏ 4.1 GB/4.7 GB   17 MB/s     36s[K[?25h[?2026l[?2026h[?25l[A[1Gpulling manifest [K
pulling 2bada8a74506...  87% ▕█████████████   ▏ 4.1 GB/4.7 GB   17 MB/s     36s[K[?25h[?2026l[?2026h[?25l[A[1Gpulling manifest [K
pulling 2bada8a74506...  87% ▕█████████████   ▏ 4.1 GB/4.7 GB   17 MB/s     36s[K[?25h[?2026l[?2026h[?25l[A[1Gpulling manifest [K
pulling 2bada8a74506...  87% ▕█████████████   ▏ 4.1 GB/4.7 GB   16 MB/s     36s[K[?25h[?2026l[?2026h[?25l[A[1Gpulling manifest [K
pulling 2bada8a74506...  87% ▕█████████████   ▏ 4.1 GB/4.7 GB   16 MB/s     36s[K[?25h[?2026l[?2026h[?25l[A[1Gpulling manifest [K
pulling 2bada8a74506...  87% ▕█████████████   ▏ 4.1 GB/4.7 GB   16 MB/s     36s[K[?25h[?2026l[?2026h[?25l[A[1Gpulling manifest [K
pulling 2bada8a74506...  87% ▕█████████████   ▏ 4.1 GB/4.7 GB   16 MB/s     36s[K[?25h[?2026l[?2026h[?25l[A[1Gpulling manifest [K
pulling 2bada8a74506...  87% ▕█████████████   ▏ 4.1 GB/4.7 GB   16 MB/s     36s[K[?25h[?2026l[?2026h[?25l[A[1Gpulling manifest [K
pulling 2bada8a74506...  87% ▕█████████████   ▏ 4.1 GB/4.7 GB   16 MB/s     36s[K[?25h[?2026l[?2026h[?25l[A[1Gpulling manifest [K
pulling 2bada8a74506...  87% ▕█████████████   ▏ 4.1 GB/4.7 GB   16 MB/s     35s[K[?25h[?2026l[?2026h[?25l[A[1Gpulling manifest [K
pulling 2bada8a74506...  87% ▕█████████████   ▏ 4.1 GB/4.7 GB   16 MB/s     35s[K[?25h[?2026l[?2026h[?25l[A[1Gpulling manifest [K
pulling 2bada8a74506...  87% ▕█████████████   ▏ 4.1 GB/4.7 GB   16 MB/s     35s[K[?25h[?2026l[?2026h[?25l[A[1Gpulling manifest [K
pulling 2bada8a74506...  87% ▕█████████████   ▏ 4.1 GB/4.7 GB   16 MB/s     35s[K[?25h[?2026l[?2026h[?25l[A[1Gpulling manifest [K
pulling 2bada8a74506...  87% ▕█████████████   ▏ 4.1 GB/4.7 GB   16 MB/s     36s[K[?25h[?2026l[?2026h[?25l[A[1Gpulling manifest [K
pulling 2bada8a74506...  87% ▕█████████████   ▏ 4.1 GB/4.7 GB   16 MB/s     36s[K[?25h[?2026l[?2026h[?25l[A[1Gpulling manifest [K
pulling 2bada8a74506...  87% ▕█████████████   ▏ 4.1 GB/4.7 GB   16 MB/s     35s[K[?25h[?2026l[?2026h[?25l[A[1Gpulling manifest [K
pulling 2bada8a74506...  87% ▕█████████████   ▏ 4.1 GB/4.7 GB   16 MB/s     35s[K[?25h[?2026l[?2026h[?25l[A[1Gpulling manifest [K
pulling 2bada8a74506...  87% ▕█████████████   ▏ 4.1 GB/4.7 GB   16 MB/s     35s[K[?25h[?2026l[?2026h[?25l[A[1Gpulling manifest [K
pulling 2bada8a74506...  87% ▕█████████████   ▏ 4.1 GB/4.7 GB   16 MB/s     35s[K[?25h[?2026l[?2026h[?25l[A[1Gpulling manifest [K
pulling 2bada8a74506...  87% ▕█████████████   ▏ 4.1 GB/4.7 GB   16 MB/s     35s[K[?25h[?2026l[?2026h[?25l[A[1Gpulling manifest [K
pulling 2bada8a74506...  87% ▕█████████████   ▏ 4.1 GB/4.7 GB   16 MB/s     35s[K[?25h[?2026l[?2026h[?25l[A[1Gpulling manifest [K
pulling 2bada8a74506...  87% ▕█████████████   ▏ 4.1 GB/4.7 GB   16 MB/s     35s[K[?25h[?2026l[?2026h[?25l[A[1Gpulling manifest [K
pulling 2bada8a74506...  87% ▕█████████████   ▏ 4.1 GB/4.7 GB   16 MB/s     35s[K[?25h[?2026l[?2026h[?25l[A[1Gpulling manifest [K
pulling 2bada8a74506...  87% ▕█████████████   ▏ 4.1 GB/4.7 GB   16 MB/s     35s[K[?25h[?2026l[?2026h[?25l[A[1Gpulling manifest [K
pulling 2bada8a74506...  88% ▕██████████████  ▏ 4.1 GB/4.7 GB   16 MB/s     34s[K[?25h[?2026l[?2026h[?25l[A[1Gpulling manifest [K
pulling 2bada8a74506...  88% ▕██████████████  ▏ 4.1 GB/4.7 GB   16 MB/s     34s[K[?25h[?2026l[?2026h[?25l[A[1Gpulling manifest [K
pulling 2bada8a74506...  88% ▕██████████████  ▏ 4.1 GB/4.7 GB   16 MB/s     34s[K[?25h[?2026l[?2026h[?25l[A[1Gpulling manifest [K
pulling 2bada8a74506...  88% ▕██████████████  ▏ 4.1 GB/4.7 GB   16 MB/s     34s[K[?25h[?2026l[?2026h[?25l[A[1Gpulling manifest [K
pulling 2bada8a74506...  88% ▕██████████████  ▏ 4.1 GB/4.7 GB   16 MB/s     34s[K[?25h[?2026l[?2026h[?25l[A[1Gpulling manifest [K
pulling 2bada8a74506...  88% ▕██████████████  ▏ 4.1 GB/4.7 GB   16 MB/s     34s[K[?25h[?2026l[?2026h[?25l[A[1Gpulling manifest [K
pulling 2bada8a74506...  88% ▕██████████████  ▏ 4.1 GB/4.7 GB   16 MB/s     34s[K[?25h[?2026l[?2026h[?25l[A[1Gpulling manifest [K
pulling 2bada8a74506...  88% ▕██████████████  ▏ 4.1 GB/4.7 GB   16 MB/s     34s[K[?25h[?2026l[?2026h[?25l[A[1Gpulling manifest [K
pulling 2bada8a74506...  88% ▕██████████████  ▏ 4.1 GB/4.7 GB   16 MB/s     34s[K[?25h[?2026l[?2026h[?25l[A[1Gpulling manifest [K
pulling 2bada8a74506...  88% ▕██████████████  ▏ 4.1 GB/4.7 GB   17 MB/s     32s[K[?25h[?2026l[?2026h[?25l[A[1Gpulling manifest [K
pulling 2bada8a74506...  88% ▕██████████████  ▏ 4.1 GB/4.7 GB   17 MB/s     32s[K[?25h[?2026l[?2026h[?25l[A[1Gpulling manifest [K
pulling 2bada8a74506...  88% ▕██████████████  ▏ 4.1 GB/4.7 GB   17 MB/s     32s[K[?25h[?2026l[?2026h[?25l[A[1Gpulling manifest [K
pulling 2bada8a74506...  88% ▕██████████████  ▏ 4.1 GB/4.7 GB   17 MB/s     32s[K[?25h[?2026l[?2026h[?25l[A[1Gpulling manifest [K
pulling 2bada8a74506...  88% ▕██████████████  ▏ 4.1 GB/4.7 GB   17 MB/s     32s[K[?25h[?2026l[?2026h[?25l[A[1Gpulling manifest [K
pulling 2bada8a74506...  88% ▕██████████████  ▏ 4.1 GB/4.7 GB   17 MB/s     32s[K[?25h[?2026l[?2026h[?25l[A[1Gpulling manifest [K
pulling 2bada8a74506...  88% ▕██████████████  ▏ 4.1 GB/4.7 GB   17 MB/s     32s[K[?25h[?2026l[?2026h[?25l[A[1Gpulling manifest [K
pulling 2bada8a74506...  88% ▕██████████████  ▏ 4.1 GB/4.7 GB   17 MB/s     32s[K[?25h[?2026l[?2026h[?25l[A[1Gpulling manifest [K
pulling 2bada8a74506...  88% ▕██████████████  ▏ 4.1 GB/4.7 GB   17 MB/s     32s[K[?25h[?2026l[?2026h[?25l[A[1Gpulling manifest [K
pulling 2bada8a74506...  88% ▕██████████████  ▏ 4.1 GB/4.7 GB   17 MB/s     32s[K[?25h[?2026l[?2026h[?25l[A[1Gpulling manifest [K
pulling 2bada8a74506...  88% ▕██████████████  ▏ 4.1 GB/4.7 GB   17 MB/s     31s[K[?25h[?2026l[?2026h[?25l[A[1Gpulling manifest [K
pulling 2bada8a74506...  88% ▕██████████████  ▏ 4.1 GB/4.7 GB   16 MB/s     32s[K[?25h[?2026l[?2026h[?25l[A[1Gpulling manifest [K
pulling 2bada8a74506...  88% ▕██████████████  ▏ 4.1 GB/4.7 GB   16 MB/s     32s[K[?25h[?2026l[?2026h[?25l[A[1Gpulling manifest [K
pulling 2bada8a74506...  88% ▕██████████████  ▏ 4.1 GB/4.7 GB   16 MB/s     32s[K[?25h[?2026l[?2026h[?25l[A[1Gpulling manifest [K
pulling 2bada8a74506...  88% ▕██████████████  ▏ 4.1 GB/4.7 GB   16 MB/s     32s[K[?25h[?2026l[?2026h[?25l[A[1Gpulling manifest [K
pulling 2bada8a74506...  88% ▕██████████████  ▏ 4.1 GB/4.7 GB   16 MB/s     32s[K[?25h[?2026l[?2026h[?25l[A[1Gpulling manifest [K
pulling 2bada8a74506...  88% ▕██████████████  ▏ 4.1 GB/4.7 GB   16 MB/s     32s[K[?25h[?2026l[?2026h[?25l[A[1Gpulling manifest [K
pulling 2bada8a74506...  88% ▕██████████████  ▏ 4.1 GB/4.7 GB   16 MB/s     32s[K[?25h[?2026l[?2026h[?25l[A[1Gpulling manifest [K
pulling 2bada8a74506...  88% ▕██████████████  ▏ 4.1 GB/4.7 GB   16 MB/s     31s[K[?25h[?2026l[?2026h[?25l[A[1Gpulling manifest [K
pulling 2bada8a74506...  88% ▕██████████████  ▏ 4.1 GB/4.7 GB   16 MB/s     31s[K[?25h[?2026l[?2026h[?25l[A[1Gpulling manifest [K
pulling 2bada8a74506...  89% ▕██████████████  ▏ 4.1 GB/4.7 GB   16 MB/s     31s[K[?25h[?2026l[?2026h[?25l[A[1Gpulling manifest [K
pulling 2bada8a74506...  89% ▕██████████████  ▏ 4.1 GB/4.7 GB   16 MB/s     32s[K[?25h[?2026l[?2026h[?25l[A[1Gpulling manifest [K
pulling 2bada8a74506...  89% ▕██████████████  ▏ 4.1 GB/4.7 GB   16 MB/s     32s[K[?25h[?2026l[?2026h[?25l[A[1Gpulling manifest [K
pulling 2bada8a74506...  89% ▕██████████████  ▏ 4.1 GB/4.7 GB   16 MB/s     31s[K[?25h[?2026l[?2026h[?25l[A[1Gpulling manifest [K
pulling 2bada8a74506...  89% ▕██████████████  ▏ 4.2 GB/4.7 GB   16 MB/s     31s[K[?25h[?2026l[?2026h[?25l[A[1Gpulling manifest [K
pulling 2bada8a74506...  89% ▕██████████████  ▏ 4.2 GB/4.7 GB   16 MB/s     31s[K[?25h[?2026l[?2026h[?25l[A[1Gpulling manifest [K
pulling 2bada8a74506...  89% ▕██████████████  ▏ 4.2 GB/4.7 GB   16 MB/s     31s[K[?25h[?2026l[?2026h[?25l[A[1Gpulling manifest [K
pulling 2bada8a74506...  89% ▕██████████████  ▏ 4.2 GB/4.7 GB   16 MB/s     31s[K[?25h[?2026l[?2026h[?25l[A[1Gpulling manifest [K
pulling 2bada8a74506...  89% ▕██████████████  ▏ 4.2 GB/4.7 GB   16 MB/s     31s[K[?25h[?2026l[?2026h[?25l[A[1Gpulling manifest [K
pulling 2bada8a74506...  89% ▕██████████████  ▏ 4.2 GB/4.7 GB   16 MB/s     31s[K[?25h[?2026l[?2026h[?25l[A[1Gpulling manifest [K
pulling 2bada8a74506...  89% ▕██████████████  ▏ 4.2 GB/4.7 GB   16 MB/s     31s[K[?25h[?2026l[?2026h[?25l[A[1Gpulling manifest [K
pulling 2bada8a74506...  89% ▕██████████████  ▏ 4.2 GB/4.7 GB   16 MB/s     31s[K[?25h[?2026l[?2026h[?25l[A[1Gpulling manifest [K
pulling 2bada8a74506...  89% ▕██████████████  ▏ 4.2 GB/4.7 GB   16 MB/s     31s[K[?25h[?2026l[?2026h[?25l[A[1Gpulling manifest [K
pulling 2bada8a74506...  89% ▕██████████████  ▏ 4.2 GB/4.7 GB   16 MB/s     31s[K[?25h[?2026l[?2026h[?25l[A[1Gpulling manifest [K
pulling 2bada8a74506...  89% ▕██████████████  ▏ 4.2 GB/4.7 GB   16 MB/s     31s[K[?25h[?2026l[?2026h[?25l[A[1Gpulling manifest [K
pulling 2bada8a74506...  89% ▕██████████████  ▏ 4.2 GB/4.7 GB   16 MB/s     31s[K[?25h[?2026l[?2026h[?25l[A[1Gpulling manifest [K
pulling 2bada8a74506...  89% ▕██████████████  ▏ 4.2 GB/4.7 GB   16 MB/s     31s[K[?25h[?2026l[?2026h[?25l[A[1Gpulling manifest [K
pulling 2bada8a74506...  89% ▕██████████████  ▏ 4.2 GB/4.7 GB   16 MB/s     31s[K[?25h[?2026l[?2026h[?25l[A[1Gpulling manifest [K
pulling 2bada8a74506...  89% ▕██████████████  ▏ 4.2 GB/4.7 GB   16 MB/s     31s[K[?25h[?2026l[?2026h[?25l[A[1Gpulling manifest [K
pulling 2bada8a74506...  89% ▕██████████████  ▏ 4.2 GB/4.7 GB   16 MB/s     31s[K[?25h[?2026l[?2026h[?25l[A[1Gpulling manifest [K
pulling 2bada8a74506...  89% ▕██████████████  ▏ 4.2 GB/4.7 GB   16 MB/s     31s[K[?25h[?2026l[?2026h[?25l[A[1Gpulling manifest [K
pulling 2bada8a74506...  89% ▕██████████████  ▏ 4.2 GB/4.7 GB   16 MB/s     31s[K[?25h[?2026l[?2026h[?25l[A[1Gpulling manifest [K
pulling 2bada8a74506...  89% ▕██████████████  ▏ 4.2 GB/4.7 GB   16 MB/s     31s[K[?25h[?2026l[?2026h[?25l[A[1Gpulling manifest [K
pulling 2bada8a74506...  89% ▕██████████████  ▏ 4.2 GB/4.7 GB   16 MB/s     30s[K[?25h[?2026l[?2026h[?25l[A[1Gpulling manifest [K
pulling 2bada8a74506...  89% ▕██████████████  ▏ 4.2 GB/4.7 GB   16 MB/s     30s[K[?25h[?2026l[?2026h[?25l[A[1Gpulling manifest [K
pulling 2bada8a74506...  89% ▕██████████████  ▏ 4.2 GB/4.7 GB   16 MB/s     30s[K[?25h[?2026l[?2026h[?25l[A[1Gpulling manifest [K
pulling 2bada8a74506...  89% ▕██████████████  ▏ 4.2 GB/4.7 GB   16 MB/s     30s[K[?25h[?2026l[?2026h[?25l[A[1Gpulling manifest [K
pulling 2bada8a74506...  89% ▕██████████████  ▏ 4.2 GB/4.7 GB   16 MB/s     30s[K[?25h[?2026l[?2026h[?25l[A[1Gpulling manifest [K
pulling 2bada8a74506...  89% ▕██████████████  ▏ 4.2 GB/4.7 GB   16 MB/s     30s[K[?25h[?2026l[?2026h[?25l[A[1Gpulling manifest [K
pulling 2bada8a74506...  89% ▕██████████████  ▏ 4.2 GB/4.7 GB   16 MB/s     30s[K[?25h[?2026l[?2026h[?25l[A[1Gpulling manifest [K
pulling 2bada8a74506...  90% ▕██████████████  ▏ 4.2 GB/4.7 GB   16 MB/s     30s[K[?25h[?2026l[?2026h[?25l[A[1Gpulling manifest [K
pulling 2bada8a74506...  90% ▕██████████████  ▏ 4.2 GB/4.7 GB   16 MB/s     29s[K[?25h[?2026l[?2026h[?25l[A[1Gpulling manifest [K
pulling 2bada8a74506...  90% ▕██████████████  ▏ 4.2 GB/4.7 GB   16 MB/s     29s[K[?25h[?2026l[?2026h[?25l[A[1Gpulling manifest [K
pulling 2bada8a74506...  90% ▕██████████████  ▏ 4.2 GB/4.7 GB   16 MB/s     29s[K[?25h[?2026l[?2026h[?25l[A[1Gpulling manifest [K
pulling 2bada8a74506...  90% ▕██████████████  ▏ 4.2 GB/4.7 GB   16 MB/s     29s[K[?25h[?2026l[?2026h[?25l[A[1Gpulling manifest [K
pulling 2bada8a74506...  90% ▕██████████████  ▏ 4.2 GB/4.7 GB   16 MB/s     29s[K[?25h[?2026l[?2026h[?25l[A[1Gpulling manifest [K
pulling 2bada8a74506...  90% ▕██████████████  ▏ 4.2 GB/4.7 GB   16 MB/s     28s[K[?25h[?2026l[?2026h[?25l[A[1Gpulling manifest [K
pulling 2bada8a74506...  90% ▕██████████████  ▏ 4.2 GB/4.7 GB   16 MB/s     28s[K[?25h[?2026l[?2026h[?25l[A[1Gpulling manifest [K
pulling 2bada8a74506...  90% ▕██████████████  ▏ 4.2 GB/4.7 GB   16 MB/s     28s[K[?25h[?2026l[?2026h[?25l[A[1Gpulling manifest [K
pulling 2bada8a74506...  90% ▕██████████████  ▏ 4.2 GB/4.7 GB   16 MB/s     28s[K[?25h[?2026l[?2026h[?25l[A[1Gpulling manifest [K
pulling 2bada8a74506...  90% ▕██████████████  ▏ 4.2 GB/4.7 GB   16 MB/s     28s[K[?25h[?2026l[?2026h[?25l[A[1Gpulling manifest [K
pulling 2bada8a74506...  90% ▕██████████████  ▏ 4.2 GB/4.7 GB   16 MB/s     28s[K[?25h[?2026l[?2026h[?25l[A[1Gpulling manifest [K
pulling 2bada8a74506...  90% ▕██████████████  ▏ 4.2 GB/4.7 GB   16 MB/s     28s[K[?25h[?2026l[?2026h[?25l[A[1Gpulling manifest [K
pulling 2bada8a74506...  90% ▕██████████████  ▏ 4.2 GB/4.7 GB   16 MB/s     27s[K[?25h[?2026l[?2026h[?25l[A[1Gpulling manifest [K
pulling 2bada8a74506...  90% ▕██████████████  ▏ 4.2 GB/4.7 GB   16 MB/s     27s[K[?25h[?2026l[?2026h[?25l[A[1Gpulling manifest [K
pulling 2bada8a74506...  90% ▕██████████████  ▏ 4.2 GB/4.7 GB   16 MB/s     27s[K[?25h[?2026l[?2026h[?25l[A[1Gpulling manifest [K
pulling 2bada8a74506...  90% ▕██████████████  ▏ 4.2 GB/4.7 GB   16 MB/s     27s[K[?25h[?2026l[?2026h[?25l[A[1Gpulling manifest [K
pulling 2bada8a74506...  90% ▕██████████████  ▏ 4.2 GB/4.7 GB   16 MB/s     27s[K[?25h[?2026l[?2026h[?25l[A[1Gpulling manifest [K
pulling 2bada8a74506...  90% ▕██████████████  ▏ 4.2 GB/4.7 GB   16 MB/s     27s[K[?25h[?2026l[?2026h[?25l[A[1Gpulling manifest [K
pulling 2bada8a74506...  90% ▕██████████████  ▏ 4.2 GB/4.7 GB   16 MB/s     27s[K[?25h[?2026l[?2026h[?25l[A[1Gpulling manifest [K
pulling 2bada8a74506...  90% ▕██████████████  ▏ 4.2 GB/4.7 GB   16 MB/s     27s[K[?25h[?2026l[?2026h[?25l[A[1Gpulling manifest [K
pulling 2bada8a74506...  90% ▕██████████████  ▏ 4.2 GB/4.7 GB   16 MB/s     27s[K[?25h[?2026l[?2026h[?25l[A[1Gpulling manifest [K
pulling 2bada8a74506...  90% ▕██████████████  ▏ 4.2 GB/4.7 GB   16 MB/s     27s[K[?25h[?2026l[?2026h[?25l[A[1Gpulling manifest [K
pulling 2bada8a74506...  90% ▕██████████████  ▏ 4.2 GB/4.7 GB   16 MB/s     27s[K[?25h[?2026l[?2026h[?25l[A[1Gpulling manifest [K
pulling 2bada8a74506...  90% ▕██████████████  ▏ 4.2 GB/4.7 GB   16 MB/s     27s[K[?25h[?2026l[?2026h[?25l[A[1Gpulling manifest [K
pulling 2bada8a74506...  90% ▕██████████████  ▏ 4.2 GB/4.7 GB   16 MB/s     27s[K[?25h[?2026l[?2026h[?25l[A[1Gpulling manifest [K
pulling 2bada8a74506...  90% ▕██████████████  ▏ 4.2 GB/4.7 GB   16 MB/s     27s[K[?25h[?2026l[?2026h[?25l[A[1Gpulling manifest [K
pulling 2bada8a74506...  90% ▕██████████████  ▏ 4.2 GB/4.7 GB   16 MB/s     26s[K[?25h[?2026l[?2026h[?25l[A[1Gpulling manifest [K
pulling 2bada8a74506...  91% ▕██████████████  ▏ 4.2 GB/4.7 GB   16 MB/s     26s[K[?25h[?2026l[?2026h[?25l[A[1Gpulling manifest [K
pulling 2bada8a74506...  91% ▕██████████████  ▏ 4.2 GB/4.7 GB   16 MB/s     26s[K[?25h[?2026l[?2026h[?25l[A[1Gpulling manifest [K
pulling 2bada8a74506...  91% ▕██████████████  ▏ 4.2 GB/4.7 GB   16 MB/s     26s[K[?25h[?2026l[?2026h[?25l[A[1Gpulling manifest [K
pulling 2bada8a74506...  91% ▕██████████████  ▏ 4.2 GB/4.7 GB   16 MB/s     26s[K[?25h[?2026l[?2026h[?25l[A[1Gpulling manifest [K
pulling 2bada8a74506...  91% ▕██████████████  ▏ 4.2 GB/4.7 GB   16 MB/s     26s[K[?25h[?2026l[?2026h[?25l[A[1Gpulling manifest [K
pulling 2bada8a74506...  91% ▕██████████████  ▏ 4.2 GB/4.7 GB   16 MB/s     26s[K[?25h[?2026l[?2026h[?25l[A[1Gpulling manifest [K
pulling 2bada8a74506...  91% ▕██████████████  ▏ 4.2 GB/4.7 GB   16 MB/s     26s[K[?25h[?2026l[?2026h[?25l[A[1Gpulling manifest [K
pulling 2bada8a74506...  91% ▕██████████████  ▏ 4.3 GB/4.7 GB   16 MB/s     26s[K[?25h[?2026l[?2026h[?25l[A[1Gpulling manifest [K
pulling 2bada8a74506...  91% ▕██████████████  ▏ 4.3 GB/4.7 GB   16 MB/s     25s[K[?25h[?2026l[?2026h[?25l[A[1Gpulling manifest [K
pulling 2bada8a74506...  91% ▕██████████████  ▏ 4.3 GB/4.7 GB   16 MB/s     25s[K[?25h[?2026l[?2026h[?25l[A[1Gpulling manifest [K
pulling 2bada8a74506...  91% ▕██████████████  ▏ 4.3 GB/4.7 GB   16 MB/s     25s[K[?25h[?2026l[?2026h[?25l[A[1Gpulling manifest [K
pulling 2bada8a74506...  91% ▕██████████████  ▏ 4.3 GB/4.7 GB   16 MB/s     25s[K[?25h[?2026l[?2026h[?25l[A[1Gpulling manifest [K
pulling 2bada8a74506...  91% ▕██████████████  ▏ 4.3 GB/4.7 GB   16 MB/s     25s[K[?25h[?2026l[?2026h[?25l[A[1Gpulling manifest [K
pulling 2bada8a74506...  91% ▕██████████████  ▏ 4.3 GB/4.7 GB   16 MB/s     25s[K[?25h[?2026l[?2026h[?25l[A[1Gpulling manifest [K
pulling 2bada8a74506...  91% ▕██████████████  ▏ 4.3 GB/4.7 GB   16 MB/s     25s[K[?25h[?2026l[?2026h[?25l[A[1Gpulling manifest [K
pulling 2bada8a74506...  91% ▕██████████████  ▏ 4.3 GB/4.7 GB   16 MB/s     25s[K[?25h[?2026l[?2026h[?25l[A[1Gpulling manifest [K
pulling 2bada8a74506...  91% ▕██████████████  ▏ 4.3 GB/4.7 GB   16 MB/s     25s[K[?25h[?2026l[?2026h[?25l[A[1Gpulling manifest [K
pulling 2bada8a74506...  91% ▕██████████████  ▏ 4.3 GB/4.7 GB   16 MB/s     24s[K[?25h[?2026l[?2026h[?25l[A[1Gpulling manifest [K
pulling 2bada8a74506...  91% ▕██████████████  ▏ 4.3 GB/4.7 GB   16 MB/s     24s[K[?25h[?2026l[?2026h[?25l[A[1Gpulling manifest [K
pulling 2bada8a74506...  91% ▕██████████████  ▏ 4.3 GB/4.7 GB   16 MB/s     24s[K[?25h[?2026l[?2026h[?25l[A[1Gpulling manifest [K
pulling 2bada8a74506...  91% ▕██████████████  ▏ 4.3 GB/4.7 GB   16 MB/s     24s[K[?25h[?2026l[?2026h[?25l[A[1Gpulling manifest [K
pulling 2bada8a74506...  91% ▕██████████████  ▏ 4.3 GB/4.7 GB   16 MB/s     24s[K[?25h[?2026l[?2026h[?25l[A[1Gpulling manifest [K
pulling 2bada8a74506...  91% ▕██████████████  ▏ 4.3 GB/4.7 GB   16 MB/s     24s[K[?25h[?2026l[?2026h[?25l[A[1Gpulling manifest [K
pulling 2bada8a74506...  91% ▕██████████████  ▏ 4.3 GB/4.7 GB   16 MB/s     24s[K[?25h[?2026l[?2026h[?25l[A[1Gpulling manifest [K
pulling 2bada8a74506...  91% ▕██████████████  ▏ 4.3 GB/4.7 GB   17 MB/s     23s[K[?25h[?2026l[?2026h[?25l[A[1Gpulling manifest [K
pulling 2bada8a74506...  91% ▕██████████████  ▏ 4.3 GB/4.7 GB   17 MB/s     23s[K[?25h[?2026l[?2026h[?25l[A[1Gpulling manifest [K
pulling 2bada8a74506...  92% ▕██████████████  ▏ 4.3 GB/4.7 GB   17 MB/s     23s[K[?25h[?2026l[?2026h[?25l[A[1Gpulling manifest [K
pulling 2bada8a74506...  92% ▕██████████████  ▏ 4.3 GB/4.7 GB   17 MB/s     23s[K[?25h[?2026l[?2026h[?25l[A[1Gpulling manifest [K
pulling 2bada8a74506...  92% ▕██████████████  ▏ 4.3 GB/4.7 GB   17 MB/s     23s[K[?25h[?2026l[?2026h[?25l[A[1Gpulling manifest [K
pulling 2bada8a74506...  92% ▕██████████████  ▏ 4.3 GB/4.7 GB   17 MB/s     22s[K[?25h[?2026l[?2026h[?25l[A[1Gpulling manifest [K
pulling 2bada8a74506...  92% ▕██████████████  ▏ 4.3 GB/4.7 GB   17 MB/s     22s[K[?25h[?2026l[?2026h[?25l[A[1Gpulling manifest [K
pulling 2bada8a74506...  92% ▕██████████████  ▏ 4.3 GB/4.7 GB   17 MB/s     22s[K[?25h[?2026l[?2026h[?25l[A[1Gpulling manifest [K
pulling 2bada8a74506...  92% ▕██████████████  ▏ 4.3 GB/4.7 GB   17 MB/s     22s[K[?25h[?2026l[?2026h[?25l[A[1Gpulling manifest [K
pulling 2bada8a74506...  92% ▕██████████████  ▏ 4.3 GB/4.7 GB   17 MB/s     22s[K[?25h[?2026l[?2026h[?25l[A[1Gpulling manifest [K
pulling 2bada8a74506...  92% ▕██████████████  ▏ 4.3 GB/4.7 GB   17 MB/s     22s[K[?25h[?2026l[?2026h[?25l[A[1Gpulling manifest [K
pulling 2bada8a74506...  92% ▕██████████████  ▏ 4.3 GB/4.7 GB   17 MB/s     22s[K[?25h[?2026l[?2026h[?25l[A[1Gpulling manifest [K
pulling 2bada8a74506...  92% ▕██████████████  ▏ 4.3 GB/4.7 GB   17 MB/s     21s[K[?25h[?2026l[?2026h[?25l[A[1Gpulling manifest [K
pulling 2bada8a74506...  92% ▕██████████████  ▏ 4.3 GB/4.7 GB   17 MB/s     21s[K[?25h[?2026l[?2026h[?25l[A[1Gpulling manifest [K
pulling 2bada8a74506...  92% ▕██████████████  ▏ 4.3 GB/4.7 GB   17 MB/s     21s[K[?25h[?2026l[?2026h[?25l[A[1Gpulling manifest [K
pulling 2bada8a74506...  92% ▕██████████████  ▏ 4.3 GB/4.7 GB   17 MB/s     21s[K[?25h[?2026l[?2026h[?25l[A[1Gpulling manifest [K
pulling 2bada8a74506...  92% ▕██████████████  ▏ 4.3 GB/4.7 GB   17 MB/s     21s[K[?25h[?2026l[?2026h[?25l[A[1Gpulling manifest [K
pulling 2bada8a74506...  92% ▕██████████████  ▏ 4.3 GB/4.7 GB   17 MB/s     21s[K[?25h[?2026l[?2026h[?25l[A[1Gpulling manifest [K
pulling 2bada8a74506...  92% ▕██████████████  ▏ 4.3 GB/4.7 GB   17 MB/s     21s[K[?25h[?2026l[?2026h[?25l[A[1Gpulling manifest [K
pulling 2bada8a74506...  92% ▕██████████████  ▏ 4.3 GB/4.7 GB   17 MB/s     21s[K[?25h[?2026l[?2026h[?25l[A[1Gpulling manifest [K
pulling 2bada8a74506...  92% ▕██████████████  ▏ 4.3 GB/4.7 GB   17 MB/s     21s[K[?25h[?2026l[?2026h[?25l[A[1Gpulling manifest [K
pulling 2bada8a74506...  92% ▕██████████████  ▏ 4.3 GB/4.7 GB   17 MB/s     20s[K[?25h[?2026l[?2026h[?25l[A[1Gpulling manifest [K
pulling 2bada8a74506...  92% ▕██████████████  ▏ 4.3 GB/4.7 GB   17 MB/s     20s[K[?25h[?2026l[?2026h[?25l[A[1Gpulling manifest [K
pulling 2bada8a74506...  92% ▕██████████████  ▏ 4.3 GB/4.7 GB   17 MB/s     20s[K[?25h[?2026l[?2026h[?25l[A[1Gpulling manifest [K
pulling 2bada8a74506...  92% ▕██████████████  ▏ 4.3 GB/4.7 GB   17 MB/s     20s[K[?25h[?2026l[?2026h[?25l[A[1Gpulling manifest [K
pulling 2bada8a74506...  92% ▕██████████████  ▏ 4.3 GB/4.7 GB   17 MB/s     20s[K[?25h[?2026l[?2026h[?25l[A[1Gpulling manifest [K
pulling 2bada8a74506...  92% ▕██████████████  ▏ 4.3 GB/4.7 GB   17 MB/s     20s[K[?25h[?2026l[?2026h[?25l[A[1Gpulling manifest [K
pulling 2bada8a74506...  92% ▕██████████████  ▏ 4.3 GB/4.7 GB   17 MB/s     20s[K[?25h[?2026l[?2026h[?25l[A[1Gpulling manifest [K
pulling 2bada8a74506...  93% ▕██████████████  ▏ 4.3 GB/4.7 GB   17 MB/s     20s[K[?25h[?2026l[?2026h[?25l[A[1Gpulling manifest [K
pulling 2bada8a74506...  93% ▕██████████████  ▏ 4.3 GB/4.7 GB   17 MB/s     19s[K[?25h[?2026l[?2026h[?25l[A[1Gpulling manifest [K
pulling 2bada8a74506...  93% ▕██████████████  ▏ 4.3 GB/4.7 GB   17 MB/s     19s[K[?25h[?2026l[?2026h[?25l[A[1Gpulling manifest [K
pulling 2bada8a74506...  93% ▕██████████████  ▏ 4.3 GB/4.7 GB   17 MB/s     19s[K[?25h[?2026l[?2026h[?25l[A[1Gpulling manifest [K
pulling 2bada8a74506...  93% ▕██████████████  ▏ 4.3 GB/4.7 GB   17 MB/s     19s[K[?25h[?2026l[?2026h[?25l[A[1Gpulling manifest [K
pulling 2bada8a74506...  93% ▕██████████████  ▏ 4.3 GB/4.7 GB   17 MB/s     19s[K[?25h[?2026l[?2026h[?25l[A[1Gpulling manifest [K
pulling 2bada8a74506...  93% ▕██████████████  ▏ 4.3 GB/4.7 GB   17 MB/s     19s[K[?25h[?2026l[?2026h[?25l[A[1Gpulling manifest [K
pulling 2bada8a74506...  93% ▕██████████████  ▏ 4.3 GB/4.7 GB   17 MB/s     18s[K[?25h[?2026l[?2026h[?25l[A[1Gpulling manifest [K
pulling 2bada8a74506...  93% ▕██████████████  ▏ 4.3 GB/4.7 GB   17 MB/s     18s[K[?25h[?2026l[?2026h[?25l[A[1Gpulling manifest [K
pulling 2bada8a74506...  93% ▕██████████████  ▏ 4.3 GB/4.7 GB   17 MB/s     18s[K[?25h[?2026l[?2026h[?25l[A[1Gpulling manifest [K
pulling 2bada8a74506...  93% ▕██████████████  ▏ 4.4 GB/4.7 GB   17 MB/s     18s[K[?25h[?2026l[?2026h[?25l[A[1Gpulling manifest [K
pulling 2bada8a74506...  93% ▕██████████████  ▏ 4.4 GB/4.7 GB   17 MB/s     18s[K[?25h[?2026l[?2026h[?25l[A[1Gpulling manifest [K
pulling 2bada8a74506...  93% ▕██████████████  ▏ 4.4 GB/4.7 GB   17 MB/s     18s[K[?25h[?2026l[?2026h[?25l[A[1Gpulling manifest [K
pulling 2bada8a74506...  93% ▕██████████████  ▏ 4.4 GB/4.7 GB   17 MB/s     18s[K[?25h[?2026l[?2026h[?25l[A[1Gpulling manifest [K
pulling 2bada8a74506...  93% ▕██████████████  ▏ 4.4 GB/4.7 GB   17 MB/s     18s[K[?25h[?2026l[?2026h[?25l[A[1Gpulling manifest [K
pulling 2bada8a74506...  93% ▕██████████████  ▏ 4.4 GB/4.7 GB   17 MB/s     18s[K[?25h[?2026l[?2026h[?25l[A[1Gpulling manifest [K
pulling 2bada8a74506...  93% ▕██████████████  ▏ 4.4 GB/4.7 GB   17 MB/s     17s[K[?25h[?2026l[?2026h[?25l[A[1Gpulling manifest [K
pulling 2bada8a74506...  93% ▕██████████████  ▏ 4.4 GB/4.7 GB   17 MB/s     17s[K[?25h[?2026l[?2026h[?25l[A[1Gpulling manifest [K
pulling 2bada8a74506...  93% ▕██████████████  ▏ 4.4 GB/4.7 GB   17 MB/s     17s[K[?25h[?2026l[?2026h[?25l[A[1Gpulling manifest [K
pulling 2bada8a74506...  93% ▕██████████████  ▏ 4.4 GB/4.7 GB   17 MB/s     17s[K[?25h[?2026l[?2026h[?25l[A[1Gpulling manifest [K
pulling 2bada8a74506...  93% ▕██████████████  ▏ 4.4 GB/4.7 GB   17 MB/s     17s[K[?25h[?2026l[?2026h[?25l[A[1Gpulling manifest [K
pulling 2bada8a74506...  93% ▕██████████████  ▏ 4.4 GB/4.7 GB   17 MB/s     17s[K[?25h[?2026l[?2026h[?25l[A[1Gpulling manifest [K
pulling 2bada8a74506...  93% ▕██████████████  ▏ 4.4 GB/4.7 GB   17 MB/s     17s[K[?25h[?2026l[?2026h[?25l[A[1Gpulling manifest [K
pulling 2bada8a74506...  93% ▕██████████████  ▏ 4.4 GB/4.7 GB   17 MB/s     17s[K[?25h[?2026l[?2026h[?25l[A[1Gpulling manifest [K
pulling 2bada8a74506...  93% ▕██████████████  ▏ 4.4 GB/4.7 GB   17 MB/s     17s[K[?25h[?2026l[?2026h[?25l[A[1Gpulling manifest [K
pulling 2bada8a74506...  93% ▕██████████████  ▏ 4.4 GB/4.7 GB   17 MB/s     17s[K[?25h[?2026l[?2026h[?25l[A[1Gpulling manifest [K
pulling 2bada8a74506...  94% ▕██████████████  ▏ 4.4 GB/4.7 GB   17 MB/s     17s[K[?25h[?2026l[?2026h[?25l[A[1Gpulling manifest [K
pulling 2bada8a74506...  94% ▕██████████████  ▏ 4.4 GB/4.7 GB   17 MB/s     16s[K[?25h[?2026l[?2026h[?25l[A[1Gpulling manifest [K
pulling 2bada8a74506...  94% ▕██████████████  ▏ 4.4 GB/4.7 GB   17 MB/s     16s[K[?25h[?2026l[?2026h[?25l[A[1Gpulling manifest [K
pulling 2bada8a74506...  94% ▕██████████████  ▏ 4.4 GB/4.7 GB   17 MB/s     16s[K[?25h[?2026l[?2026h[?25l[A[1Gpulling manifest [K
pulling 2bada8a74506...  94% ▕██████████████  ▏ 4.4 GB/4.7 GB   17 MB/s     16s[K[?25h[?2026l[?2026h[?25l[A[1Gpulling manifest [K
pulling 2bada8a74506...  94% ▕██████████████  ▏ 4.4 GB/4.7 GB   17 MB/s     16s[K[?25h[?2026l[?2026h[?25l[A[1Gpulling manifest [K
pulling 2bada8a74506...  94% ▕██████████████  ▏ 4.4 GB/4.7 GB   17 MB/s     16s[K[?25h[?2026l[?2026h[?25l[A[1Gpulling manifest [K
pulling 2bada8a74506...  94% ▕███████████████ ▏ 4.4 GB/4.7 GB   17 MB/s     16s[K[?25h[?2026l[?2026h[?25l[A[1Gpulling manifest [K
pulling 2bada8a74506...  94% ▕███████████████ ▏ 4.4 GB/4.7 GB   18 MB/s     15s[K[?25h[?2026l[?2026h[?25l[A[1Gpulling manifest [K
pulling 2bada8a74506...  94% ▕███████████████ ▏ 4.4 GB/4.7 GB   18 MB/s     15s[K[?25h[?2026l[?2026h[?25l[A[1Gpulling manifest [K
pulling 2bada8a74506...  94% ▕███████████████ ▏ 4.4 GB/4.7 GB   18 MB/s     15s[K[?25h[?2026l[?2026h[?25l[A[1Gpulling manifest [K
pulling 2bada8a74506...  94% ▕███████████████ ▏ 4.4 GB/4.7 GB   18 MB/s     15s[K[?25h[?2026l[?2026h[?25l[A[1Gpulling manifest [K
pulling 2bada8a74506...  94% ▕███████████████ ▏ 4.4 GB/4.7 GB   18 MB/s     15s[K[?25h[?2026l[?2026h[?25l[A[1Gpulling manifest [K
pulling 2bada8a74506...  94% ▕███████████████ ▏ 4.4 GB/4.7 GB   18 MB/s     15s[K[?25h[?2026l[?2026h[?25l[A[1Gpulling manifest [K
pulling 2bada8a74506...  94% ▕███████████████ ▏ 4.4 GB/4.7 GB   18 MB/s     15s[K[?25h[?2026l[?2026h[?25l[A[1Gpulling manifest [K
pulling 2bada8a74506...  94% ▕███████████████ ▏ 4.4 GB/4.7 GB   18 MB/s     15s[K[?25h[?2026l[?2026h[?25l[A[1Gpulling manifest [K
pulling 2bada8a74506...  94% ▕███████████████ ▏ 4.4 GB/4.7 GB   18 MB/s     15s[K[?25h[?2026l[?2026h[?25l[A[1Gpulling manifest [K
pulling 2bada8a74506...  94% ▕███████████████ ▏ 4.4 GB/4.7 GB   18 MB/s     14s[K[?25h[?2026l[?2026h[?25l[A[1Gpulling manifest [K
pulling 2bada8a74506...  94% ▕███████████████ ▏ 4.4 GB/4.7 GB   18 MB/s     14s[K[?25h[?2026l[?2026h[?25l[A[1Gpulling manifest [K
pulling 2bada8a74506...  94% ▕███████████████ ▏ 4.4 GB/4.7 GB   18 MB/s     14s[K[?25h[?2026l[?2026h[?25l[A[1Gpulling manifest [K
pulling 2bada8a74506...  94% ▕███████████████ ▏ 4.4 GB/4.7 GB   18 MB/s     14s[K[?25h[?2026l[?2026h[?25l[A[1Gpulling manifest [K
pulling 2bada8a74506...  94% ▕███████████████ ▏ 4.4 GB/4.7 GB   18 MB/s     14s[K[?25h[?2026l[?2026h[?25l[A[1Gpulling manifest [K
pulling 2bada8a74506...  94% ▕███████████████ ▏ 4.4 GB/4.7 GB   18 MB/s     14s[K[?25h[?2026l[?2026h[?25l[A[1Gpulling manifest [K
pulling 2bada8a74506...  94% ▕███████████████ ▏ 4.4 GB/4.7 GB   18 MB/s     14s[K[?25h[?2026l[?2026h[?25l[A[1Gpulling manifest [K
pulling 2bada8a74506...  94% ▕███████████████ ▏ 4.4 GB/4.7 GB   18 MB/s     14s[K[?25h[?2026l[?2026h[?25l[A[1Gpulling manifest [K
pulling 2bada8a74506...  94% ▕███████████████ ▏ 4.4 GB/4.7 GB   18 MB/s     14s[K[?25h[?2026l[?2026h[?25l[A[1Gpulling manifest [K
pulling 2bada8a74506...  94% ▕███████████████ ▏ 4.4 GB/4.7 GB   18 MB/s     14s[K[?25h[?2026l[?2026h[?25l[A[1Gpulling manifest [K
pulling 2bada8a74506...  95% ▕███████████████ ▏ 4.4 GB/4.7 GB   18 MB/s     14s[K[?25h[?2026l[?2026h[?25l[A[1Gpulling manifest [K
pulling 2bada8a74506...  95% ▕███████████████ ▏ 4.4 GB/4.7 GB   18 MB/s     14s[K[?25h[?2026l[?2026h[?25l[A[1Gpulling manifest [K
pulling 2bada8a74506...  95% ▕███████████████ ▏ 4.4 GB/4.7 GB   18 MB/s     13s[K[?25h[?2026l[?2026h[?25l[A[1Gpulling manifest [K
pulling 2bada8a74506...  95% ▕███████████████ ▏ 4.4 GB/4.7 GB   18 MB/s     13s[K[?25h[?2026l[?2026h[?25l[A[1Gpulling manifest [K
pulling 2bada8a74506...  95% ▕███████████████ ▏ 4.4 GB/4.7 GB   18 MB/s     13s[K[?25h[?2026l[?2026h[?25l[A[1Gpulling manifest [K
pulling 2bada8a74506...  95% ▕███████████████ ▏ 4.4 GB/4.7 GB   18 MB/s     13s[K[?25h[?2026l[?2026h[?25l[A[1Gpulling manifest [K
pulling 2bada8a74506...  95% ▕███████████████ ▏ 4.4 GB/4.7 GB   18 MB/s     13s[K[?25h[?2026l[?2026h[?25l[A[1Gpulling manifest [K
pulling 2bada8a74506...  95% ▕███████████████ ▏ 4.4 GB/4.7 GB   18 MB/s     13s[K[?25h[?2026l[?2026h[?25l[A[1Gpulling manifest [K
pulling 2bada8a74506...  95% ▕███████████████ ▏ 4.4 GB/4.7 GB   18 MB/s     13s[K[?25h[?2026l[?2026h[?25l[A[1Gpulling manifest [K
pulling 2bada8a74506...  95% ▕███████████████ ▏ 4.4 GB/4.7 GB   18 MB/s     13s[K[?25h[?2026l[?2026h[?25l[A[1Gpulling manifest [K
pulling 2bada8a74506...  95% ▕███████████████ ▏ 4.4 GB/4.7 GB   18 MB/s     13s[K[?25h[?2026l[?2026h[?25l[A[1Gpulling manifest [K
pulling 2bada8a74506...  95% ▕███████████████ ▏ 4.4 GB/4.7 GB   18 MB/s     13s[K[?25h[?2026l[?2026h[?25l[A[1Gpulling manifest [K
pulling 2bada8a74506...  95% ▕███████████████ ▏ 4.4 GB/4.7 GB   18 MB/s     13s[K[?25h[?2026l[?2026h[?25l[A[1Gpulling manifest [K
pulling 2bada8a74506...  95% ▕███████████████ ▏ 4.4 GB/4.7 GB   18 MB/s     12s[K[?25h[?2026l[?2026h[?25l[A[1Gpulling manifest [K
pulling 2bada8a74506...  95% ▕███████████████ ▏ 4.5 GB/4.7 GB   18 MB/s     12s[K[?25h[?2026l[?2026h[?25l[A[1Gpulling manifest [K
pulling 2bada8a74506...  95% ▕███████████████ ▏ 4.5 GB/4.7 GB   18 MB/s     12s[K[?25h[?2026l[?2026h[?25l[A[1Gpulling manifest [K
pulling 2bada8a74506...  95% ▕███████████████ ▏ 4.5 GB/4.7 GB   18 MB/s     12s[K[?25h[?2026l[?2026h[?25l[A[1Gpulling manifest [K
pulling 2bada8a74506...  95% ▕███████████████ ▏ 4.5 GB/4.7 GB   18 MB/s     12s[K[?25h[?2026l[?2026h[?25l[A[1Gpulling manifest [K
pulling 2bada8a74506...  95% ▕███████████████ ▏ 4.5 GB/4.7 GB   18 MB/s     12s[K[?25h[?2026l[?2026h[?25l[A[1Gpulling manifest [K
pulling 2bada8a74506...  95% ▕███████████████ ▏ 4.5 GB/4.7 GB   18 MB/s     12s[K[?25h[?2026l[?2026h[?25l[A[1Gpulling manifest [K
pulling 2bada8a74506...  95% ▕███████████████ ▏ 4.5 GB/4.7 GB   18 MB/s     12s[K[?25h[?2026l[?2026h[?25l[A[1Gpulling manifest [K
pulling 2bada8a74506...  95% ▕███████████████ ▏ 4.5 GB/4.7 GB   17 MB/s     12s[K[?25h[?2026l[?2026h[?25l[A[1Gpulling manifest [K
pulling 2bada8a74506...  95% ▕███████████████ ▏ 4.5 GB/4.7 GB   17 MB/s     12s[K[?25h[?2026l[?2026h[?25l[A[1Gpulling manifest [K
pulling 2bada8a74506...  95% ▕███████████████ ▏ 4.5 GB/4.7 GB   17 MB/s     12s[K[?25h[?2026l[?2026h[?25l[A[1Gpulling manifest [K
pulling 2bada8a74506...  95% ▕███████████████ ▏ 4.5 GB/4.7 GB   17 MB/s     12s[K[?25h[?2026l[?2026h[?25l[A[1Gpulling manifest [K
pulling 2bada8a74506...  95% ▕███████████████ ▏ 4.5 GB/4.7 GB   17 MB/s     11s[K[?25h[?2026l[?2026h[?25l[A[1Gpulling manifest [K
pulling 2bada8a74506...  95% ▕███████████████ ▏ 4.5 GB/4.7 GB   17 MB/s     11s[K[?25h[?2026l[?2026h[?25l[A[1Gpulling manifest [K
pulling 2bada8a74506...  95% ▕███████████████ ▏ 4.5 GB/4.7 GB   17 MB/s     11s[K[?25h[?2026l[?2026h[?25l[A[1Gpulling manifest [K
pulling 2bada8a74506...  96% ▕███████████████ ▏ 4.5 GB/4.7 GB   17 MB/s     11s[K[?25h[?2026l[?2026h[?25l[A[1Gpulling manifest [K
pulling 2bada8a74506...  96% ▕███████████████ ▏ 4.5 GB/4.7 GB   17 MB/s     11s[K[?25h[?2026l[?2026h[?25l[A[1Gpulling manifest [K
pulling 2bada8a74506...  96% ▕███████████████ ▏ 4.5 GB/4.7 GB   17 MB/s     11s[K[?25h[?2026l[?2026h[?25l[A[1Gpulling manifest [K
pulling 2bada8a74506...  96% ▕███████████████ ▏ 4.5 GB/4.7 GB   17 MB/s     11s[K[?25h[?2026l[?2026h[?25l[A[1Gpulling manifest [K
pulling 2bada8a74506...  96% ▕███████████████ ▏ 4.5 GB/4.7 GB   17 MB/s     11s[K[?25h[?2026l[?2026h[?25l[A[1Gpulling manifest [K
pulling 2bada8a74506...  96% ▕███████████████ ▏ 4.5 GB/4.7 GB   17 MB/s     11s[K[?25h[?2026l[?2026h[?25l[A[1Gpulling manifest [K
pulling 2bada8a74506...  96% ▕███████████████ ▏ 4.5 GB/4.7 GB   17 MB/s     11s[K[?25h[?2026l[?2026h[?25l[A[1Gpulling manifest [K
pulling 2bada8a74506...  96% ▕███████████████ ▏ 4.5 GB/4.7 GB   17 MB/s     10s[K[?25h[?2026l[?2026h[?25l[A[1Gpulling manifest [K
pulling 2bada8a74506...  96% ▕███████████████ ▏ 4.5 GB/4.7 GB   17 MB/s     10s[K[?25h[?2026l[?2026h[?25l[A[1Gpulling manifest [K
pulling 2bada8a74506...  96% ▕███████████████ ▏ 4.5 GB/4.7 GB   17 MB/s     10s[K[?25h[?2026l[?2026h[?25l[A[1Gpulling manifest [K
pulling 2bada8a74506...  96% ▕███████████████ ▏ 4.5 GB/4.7 GB   17 MB/s     10s[K[?25h[?2026l[?2026h[?25l[A[1Gpulling manifest [K
pulling 2bada8a74506...  96% ▕███████████████ ▏ 4.5 GB/4.7 GB   17 MB/s     10s[K[?25h[?2026l[?2026h[?25l[A[1Gpulling manifest [K
pulling 2bada8a74506...  96% ▕███████████████ ▏ 4.5 GB/4.7 GB   17 MB/s     10s[K[?25h[?2026l[?2026h[?25l[A[1Gpulling manifest [K
pulling 2bada8a74506...  96% ▕███████████████ ▏ 4.5 GB/4.7 GB   17 MB/s     10s[K[?25h[?2026l[?2026h[?25l[A[1Gpulling manifest [K
pulling 2bada8a74506...  96% ▕███████████████ ▏ 4.5 GB/4.7 GB   17 MB/s     10s[K[?25h[?2026l[?2026h[?25l[A[1Gpulling manifest [K
pulling 2bada8a74506...  96% ▕███████████████ ▏ 4.5 GB/4.7 GB   17 MB/s     10s[K[?25h[?2026l[?2026h[?25l[A[1Gpulling manifest [K
pulling 2bada8a74506...  96% ▕███████████████ ▏ 4.5 GB/4.7 GB   17 MB/s     10s[K[?25h[?2026l[?2026h[?25l[A[1Gpulling manifest [K
pulling 2bada8a74506...  96% ▕███████████████ ▏ 4.5 GB/4.7 GB   17 MB/s      9s[K[?25h[?2026l[?2026h[?25l[A[1Gpulling manifest [K
pulling 2bada8a74506...  96% ▕███████████████ ▏ 4.5 GB/4.7 GB   17 MB/s      9s[K[?25h[?2026l[?2026h[?25l[A[1Gpulling manifest [K
pulling 2bada8a74506...  96% ▕███████████████ ▏ 4.5 GB/4.7 GB   17 MB/s      9s[K[?25h[?2026l[?2026h[?25l[A[1Gpulling manifest [K
pulling 2bada8a74506...  96% ▕███████████████ ▏ 4.5 GB/4.7 GB   17 MB/s      9s[K[?25h[?2026l[?2026h[?25l[A[1Gpulling manifest [K
pulling 2bada8a74506...  96% ▕███████████████ ▏ 4.5 GB/4.7 GB   17 MB/s      9s[K[?25h[?2026l[?2026h[?25l[A[1Gpulling manifest [K
pulling 2bada8a74506...  96% ▕███████████████ ▏ 4.5 GB/4.7 GB   17 MB/s      9s[K[?25h[?2026l[?2026h[?25l[A[1Gpulling manifest [K
pulling 2bada8a74506...  96% ▕███████████████ ▏ 4.5 GB/4.7 GB   17 MB/s      9s[K[?25h[?2026l[?2026h[?25l[A[1Gpulling manifest [K
pulling 2bada8a74506...  96% ▕███████████████ ▏ 4.5 GB/4.7 GB   17 MB/s      9s[K[?25h[?2026l[?2026h[?25l[A[1Gpulling manifest [K
pulling 2bada8a74506...  96% ▕███████████████ ▏ 4.5 GB/4.7 GB   17 MB/s      9s[K[?25h[?2026l[?2026h[?25l[A[1Gpulling manifest [K
pulling 2bada8a74506...  97% ▕███████████████ ▏ 4.5 GB/4.7 GB   17 MB/s      9s[K[?25h[?2026l[?2026h[?25l[A[1Gpulling manifest [K
pulling 2bada8a74506...  97% ▕███████████████ ▏ 4.5 GB/4.7 GB   17 MB/s      9s[K[?25h[?2026l[?2026h[?25l[A[1Gpulling manifest [K
pulling 2bada8a74506...  97% ▕███████████████ ▏ 4.5 GB/4.7 GB   17 MB/s      8s[K[?25h[?2026l[?2026h[?25l[A[1Gpulling manifest [K
pulling 2bada8a74506...  97% ▕███████████████ ▏ 4.5 GB/4.7 GB   17 MB/s      8s[K[?25h[?2026l[?2026h[?25l[A[1Gpulling manifest [K
pulling 2bada8a74506...  97% ▕███████████████ ▏ 4.5 GB/4.7 GB   17 MB/s      8s[K[?25h[?2026l[?2026h[?25l[A[1Gpulling manifest [K
pulling 2bada8a74506...  97% ▕███████████████ ▏ 4.5 GB/4.7 GB   17 MB/s      8s[K[?25h[?2026l[?2026h[?25l[A[1Gpulling manifest [K
pulling 2bada8a74506...  97% ▕███████████████ ▏ 4.5 GB/4.7 GB   17 MB/s      8s[K[?25h[?2026l[?2026h[?25l[A[1Gpulling manifest [K
pulling 2bada8a74506...  97% ▕███████████████ ▏ 4.5 GB/4.7 GB   17 MB/s      8s[K[?25h[?2026l[?2026h[?25l[A[1Gpulling manifest [K
pulling 2bada8a74506...  97% ▕███████████████ ▏ 4.5 GB/4.7 GB   17 MB/s      8s[K[?25h[?2026l[?2026h[?25l[A[1Gpulling manifest [K
pulling 2bada8a74506...  97% ▕███████████████ ▏ 4.5 GB/4.7 GB   17 MB/s      8s[K[?25h[?2026l[?2026h[?25l[A[1Gpulling manifest [K
pulling 2bada8a74506...  97% ▕███████████████ ▏ 4.5 GB/4.7 GB   17 MB/s      8s[K[?25h[?2026l[?2026h[?25l[A[1Gpulling manifest [K
pulling 2bada8a74506...  97% ▕███████████████ ▏ 4.5 GB/4.7 GB   17 MB/s      8s[K[?25h[?2026l[?2026h[?25l[A[1Gpulling manifest [K
pulling 2bada8a74506...  97% ▕███████████████ ▏ 4.5 GB/4.7 GB   17 MB/s      7s[K[?25h[?2026l[?2026h[?25l[A[1Gpulling manifest [K
pulling 2bada8a74506...  97% ▕███████████████ ▏ 4.5 GB/4.7 GB   17 MB/s      7s[K[?25h[?2026l[?2026h[?25l[A[1Gpulling manifest [K
pulling 2bada8a74506...  97% ▕███████████████ ▏ 4.5 GB/4.7 GB   17 MB/s      7s[K[?25h[?2026l[?2026h[?25l[A[1Gpulling manifest [K
pulling 2bada8a74506...  97% ▕███████████████ ▏ 4.5 GB/4.7 GB   17 MB/s      7s[K[?25h[?2026l[?2026h[?25l[A[1Gpulling manifest [K
pulling 2bada8a74506...  97% ▕███████████████ ▏ 4.5 GB/4.7 GB   17 MB/s      7s[K[?25h[?2026l[?2026h[?25l[A[1Gpulling manifest [K
pulling 2bada8a74506...  97% ▕███████████████ ▏ 4.5 GB/4.7 GB   17 MB/s      7s[K[?25h[?2026l[?2026h[?25l[A[1Gpulling manifest [K
pulling 2bada8a74506...  97% ▕███████████████ ▏ 4.5 GB/4.7 GB   17 MB/s      7s[K[?25h[?2026l[?2026h[?25l[A[1Gpulling manifest [K
pulling 2bada8a74506...  97% ▕███████████████ ▏ 4.5 GB/4.7 GB   17 MB/s      7s[K[?25h[?2026l[?2026h[?25l[A[1Gpulling manifest [K
pulling 2bada8a74506...  97% ▕███████████████ ▏ 4.6 GB/4.7 GB   17 MB/s      7s[K[?25h[?2026l[?2026h[?25l[A[1Gpulling manifest [K
pulling 2bada8a74506...  97% ▕███████████████ ▏ 4.6 GB/4.7 GB   17 MB/s      7s[K[?25h[?2026l[?2026h[?25l[A[1Gpulling manifest [K
pulling 2bada8a74506...  97% ▕███████████████ ▏ 4.6 GB/4.7 GB   17 MB/s      7s[K[?25h[?2026l[?2026h[?25l[A[1Gpulling manifest [K
pulling 2bada8a74506...  97% ▕███████████████ ▏ 4.6 GB/4.7 GB   17 MB/s      7s[K[?25h[?2026l[?2026h[?25l[A[1Gpulling manifest [K
pulling 2bada8a74506...  97% ▕███████████████ ▏ 4.6 GB/4.7 GB   17 MB/s      7s[K[?25h[?2026l[?2026h[?25l[A[1Gpulling manifest [K
pulling 2bada8a74506...  97% ▕███████████████ ▏ 4.6 GB/4.7 GB   17 MB/s      7s[K[?25h[?2026l[?2026h[?25l[A[1Gpulling manifest [K
pulling 2bada8a74506...  97% ▕███████████████ ▏ 4.6 GB/4.7 GB   17 MB/s      7s[K[?25h[?2026l[?2026h[?25l[A[1Gpulling manifest [K
pulling 2bada8a74506...  97% ▕███████████████ ▏ 4.6 GB/4.7 GB   17 MB/s      7s[K[?25h[?2026l[?2026h[?25l[A[1Gpulling manifest [K
pulling 2bada8a74506...  97% ▕███████████████ ▏ 4.6 GB/4.7 GB   17 MB/s      7s[K[?25h[?2026l[?2026h[?25l[A[1Gpulling manifest [K
pulling 2bada8a74506...  97% ▕███████████████ ▏ 4.6 GB/4.7 GB   16 MB/s      7s[K[?25h[?2026l[?2026h[?25l[A[1Gpulling manifest [K
pulling 2bada8a74506...  97% ▕███████████████ ▏ 4.6 GB/4.7 GB   16 MB/s      7s[K[?25h[?2026l[?2026h[?25l[A[1Gpulling manifest [K
pulling 2bada8a74506...  97% ▕███████████████ ▏ 4.6 GB/4.7 GB   16 MB/s      7s[K[?25h[?2026l[?2026h[?25l[A[1Gpulling manifest [K
pulling 2bada8a74506...  97% ▕███████████████ ▏ 4.6 GB/4.7 GB   16 MB/s      7s[K[?25h[?2026l[?2026h[?25l[A[1Gpulling manifest [K
pulling 2bada8a74506...  97% ▕███████████████ ▏ 4.6 GB/4.7 GB   16 MB/s      7s[K[?25h[?2026l[?2026h[?25l[A[1Gpulling manifest [K
pulling 2bada8a74506...  97% ▕███████████████ ▏ 4.6 GB/4.7 GB   16 MB/s      7s[K[?25h[?2026l[?2026h[?25l[A[1Gpulling manifest [K
pulling 2bada8a74506...  97% ▕███████████████ ▏ 4.6 GB/4.7 GB   16 MB/s      7s[K[?25h[?2026l[?2026h[?25l[A[1Gpulling manifest [K
pulling 2bada8a74506...  97% ▕███████████████ ▏ 4.6 GB/4.7 GB   16 MB/s      7s[K[?25h[?2026l[?2026h[?25l[A[1Gpulling manifest [K
pulling 2bada8a74506...  97% ▕███████████████ ▏ 4.6 GB/4.7 GB   16 MB/s      7s[K[?25h[?2026l[?2026h[?25l[A[1Gpulling manifest [K
pulling 2bada8a74506...  98% ▕███████████████ ▏ 4.6 GB/4.7 GB   16 MB/s      7s[K[?25h[?2026l[?2026h[?25l[A[1Gpulling manifest [K
pulling 2bada8a74506...  98% ▕███████████████ ▏ 4.6 GB/4.7 GB   15 MB/s      7s[K[?25h[?2026l[?2026h[?25l[A[1Gpulling manifest [K
pulling 2bada8a74506...  98% ▕███████████████ ▏ 4.6 GB/4.7 GB   15 MB/s      7s[K[?25h[?2026l[?2026h[?25l[A[1Gpulling manifest [K
pulling 2bada8a74506...  98% ▕███████████████ ▏ 4.6 GB/4.7 GB   15 MB/s      7s[K[?25h[?2026l[?2026h[?25l[A[1Gpulling manifest [K
pulling 2bada8a74506...  98% ▕███████████████ ▏ 4.6 GB/4.7 GB   15 MB/s      7s[K[?25h[?2026l[?2026h[?25l[A[1Gpulling manifest [K
pulling 2bada8a74506...  98% ▕███████████████ ▏ 4.6 GB/4.7 GB   15 MB/s      7s[K[?25h[?2026l[?2026h[?25l[A[1Gpulling manifest [K
pulling 2bada8a74506...  98% ▕███████████████ ▏ 4.6 GB/4.7 GB   15 MB/s      6s[K[?25h[?2026l[?2026h[?25l[A[1Gpulling manifest [K
pulling 2bada8a74506...  98% ▕███████████████ ▏ 4.6 GB/4.7 GB   15 MB/s      6s[K[?25h[?2026l[?2026h[?25l[A[1Gpulling manifest [K
pulling 2bada8a74506...  98% ▕███████████████ ▏ 4.6 GB/4.7 GB   15 MB/s      6s[K[?25h[?2026l[?2026h[?25l[A[1Gpulling manifest [K
pulling 2bada8a74506...  98% ▕███████████████ ▏ 4.6 GB/4.7 GB   15 MB/s      6s[K[?25h[?2026l[?2026h[?25l[A[1Gpulling manifest [K
pulling 2bada8a74506...  98% ▕███████████████ ▏ 4.6 GB/4.7 GB   15 MB/s      6s[K[?25h[?2026l[?2026h[?25l[A[1Gpulling manifest [K
pulling 2bada8a74506...  98% ▕███████████████ ▏ 4.6 GB/4.7 GB   15 MB/s      6s[K[?25h[?2026l[?2026h[?25l[A[1Gpulling manifest [K
pulling 2bada8a74506...  98% ▕███████████████ ▏ 4.6 GB/4.7 GB   15 MB/s      6s[K[?25h[?2026l[?2026h[?25l[A[1Gpulling manifest [K
pulling 2bada8a74506...  98% ▕███████████████ ▏ 4.6 GB/4.7 GB   15 MB/s      6s[K[?25h[?2026l[?2026h[?25l[A[1Gpulling manifest [K
pulling 2bada8a74506...  98% ▕███████████████ ▏ 4.6 GB/4.7 GB   15 MB/s      6s[K[?25h[?2026l[?2026h[?25l[A[1Gpulling manifest [K
pulling 2bada8a74506...  98% ▕███████████████ ▏ 4.6 GB/4.7 GB   15 MB/s      5s[K[?25h[?2026l[?2026h[?25l[A[1Gpulling manifest [K
pulling 2bada8a74506...  98% ▕███████████████ ▏ 4.6 GB/4.7 GB   15 MB/s      5s[K[?25h[?2026l[?2026h[?25l[A[1Gpulling manifest [K
pulling 2bada8a74506...  98% ▕███████████████ ▏ 4.6 GB/4.7 GB   15 MB/s      5s[K[?25h[?2026l[?2026h[?25l[A[1Gpulling manifest [K
pulling 2bada8a74506...  98% ▕███████████████ ▏ 4.6 GB/4.7 GB   15 MB/s      5s[K[?25h[?2026l[?2026h[?25l[A[1Gpulling manifest [K
pulling 2bada8a74506...  98% ▕███████████████ ▏ 4.6 GB/4.7 GB   15 MB/s      5s[K[?25h[?2026l[?2026h[?25l[A[1Gpulling manifest [K
pulling 2bada8a74506...  98% ▕███████████████ ▏ 4.6 GB/4.7 GB   15 MB/s      5s[K[?25h[?2026l[?2026h[?25l[A[1Gpulling manifest [K
pulling 2bada8a74506...  98% ▕███████████████ ▏ 4.6 GB/4.7 GB   15 MB/s      5s[K[?25h[?2026l[?2026h[?25l[A[1Gpulling manifest [K
pulling 2bada8a74506...  98% ▕███████████████ ▏ 4.6 GB/4.7 GB   15 MB/s      5s[K[?25h[?2026l[?2026h[?25l[A[1Gpulling manifest [K
pulling 2bada8a74506...  98% ▕███████████████ ▏ 4.6 GB/4.7 GB   15 MB/s      5s[K[?25h[?2026l[?2026h[?25l[A[1Gpulling manifest [K
pulling 2bada8a74506...  98% ▕███████████████ ▏ 4.6 GB/4.7 GB   15 MB/s      5s[K[?25h[?2026l[?2026h[?25l[A[1Gpulling manifest [K
pulling 2bada8a74506...  98% ▕███████████████ ▏ 4.6 GB/4.7 GB   15 MB/s      5s[K[?25h[?2026l[?2026h[?25l[A[1Gpulling manifest [K
pulling 2bada8a74506...  98% ▕███████████████ ▏ 4.6 GB/4.7 GB   15 MB/s      5s[K[?25h[?2026l[?2026h[?25l[A[1Gpulling manifest [K
pulling 2bada8a74506...  98% ▕███████████████ ▏ 4.6 GB/4.7 GB   15 MB/s      4s[K[?25h[?2026l[?2026h[?25l[A[1Gpulling manifest [K
pulling 2bada8a74506...  98% ▕███████████████ ▏ 4.6 GB/4.7 GB   15 MB/s      4s[K[?25h[?2026l[?2026h[?25l[A[1Gpulling manifest [K
pulling 2bada8a74506...  98% ▕███████████████ ▏ 4.6 GB/4.7 GB   15 MB/s      4s[K[?25h[?2026l[?2026h[?25l[A[1Gpulling manifest [K
pulling 2bada8a74506...  98% ▕███████████████ ▏ 4.6 GB/4.7 GB   15 MB/s      4s[K[?25h[?2026l[?2026h[?25l[A[1Gpulling manifest [K
pulling 2bada8a74506...  98% ▕███████████████ ▏ 4.6 GB/4.7 GB   14 MB/s      5s[K[?25h[?2026l[?2026h[?25l[A[1Gpulling manifest [K
pulling 2bada8a74506...  98% ▕███████████████ ▏ 4.6 GB/4.7 GB   14 MB/s      5s[K[?25h[?2026l[?2026h[?25l[A[1Gpulling manifest [K
pulling 2bada8a74506...  98% ▕███████████████ ▏ 4.6 GB/4.7 GB   14 MB/s      4s[K[?25h[?2026l[?2026h[?25l[A[1Gpulling manifest [K
pulling 2bada8a74506...  99% ▕███████████████ ▏ 4.6 GB/4.7 GB   14 MB/s      4s[K[?25h[?2026l[?2026h[?25l[A[1Gpulling manifest [K
pulling 2bada8a74506...  99% ▕███████████████ ▏ 4.6 GB/4.7 GB   14 MB/s      4s[K[?25h[?2026l[?2026h[?25l[A[1Gpulling manifest [K
pulling 2bada8a74506...  99% ▕███████████████ ▏ 4.6 GB/4.7 GB   14 MB/s      4s[K[?25h[?2026l[?2026h[?25l[A[1Gpulling manifest [K
pulling 2bada8a74506...  99% ▕███████████████ ▏ 4.6 GB/4.7 GB   14 MB/s      4s[K[?25h[?2026l[?2026h[?25l[A[1Gpulling manifest [K
pulling 2bada8a74506...  99% ▕███████████████ ▏ 4.6 GB/4.7 GB   14 MB/s      4s[K[?25h[?2026l[?2026h[?25l[A[1Gpulling manifest [K
pulling 2bada8a74506...  99% ▕███████████████ ▏ 4.6 GB/4.7 GB   14 MB/s      4s[K[?25h[?2026l[?2026h[?25l[A[1Gpulling manifest [K
pulling 2bada8a74506...  99% ▕███████████████ ▏ 4.6 GB/4.7 GB   14 MB/s      4s[K[?25h[?2026l[?2026h[?25l[A[1Gpulling manifest [K
pulling 2bada8a74506...  99% ▕███████████████ ▏ 4.6 GB/4.7 GB   14 MB/s      4s[K[?25h[?2026l[?2026h[?25l[A[1Gpulling manifest [K
pulling 2bada8a74506...  99% ▕███████████████ ▏ 4.6 GB/4.7 GB   13 MB/s      4s[K[?25h[?2026l[?2026h[?25l[A[1Gpulling manifest [K
pulling 2bada8a74506...  99% ▕███████████████ ▏ 4.6 GB/4.7 GB   13 MB/s      4s[K[?25h[?2026l[?2026h[?25l[A[1Gpulling manifest [K
pulling 2bada8a74506...  99% ▕███████████████ ▏ 4.6 GB/4.7 GB   13 MB/s      4s[K[?25h[?2026l[?2026h[?25l[A[1Gpulling manifest [K
pulling 2bada8a74506...  99% ▕███████████████ ▏ 4.6 GB/4.7 GB   13 MB/s      4s[K[?25h[?2026l[?2026h[?25l[A[1Gpulling manifest [K
pulling 2bada8a74506...  99% ▕███████████████ ▏ 4.6 GB/4.7 GB   13 MB/s      3s[K[?25h[?2026l[?2026h[?25l[A[1Gpulling manifest [K
pulling 2bada8a74506...  99% ▕███████████████ ▏ 4.6 GB/4.7 GB   13 MB/s      3s[K[?25h[?2026l[?2026h[?25l[A[1Gpulling manifest [K
pulling 2bada8a74506...  99% ▕███████████████ ▏ 4.6 GB/4.7 GB   13 MB/s      3s[K[?25h[?2026l[?2026h[?25l[A[1Gpulling manifest [K
pulling 2bada8a74506...  99% ▕███████████████ ▏ 4.6 GB/4.7 GB   13 MB/s      3s[K[?25h[?2026l[?2026h[?25l[A[1Gpulling manifest [K
pulling 2bada8a74506...  99% ▕███████████████ ▏ 4.6 GB/4.7 GB   13 MB/s      3s[K[?25h[?2026l[?2026h[?25l[A[1Gpulling manifest [K
pulling 2bada8a74506...  99% ▕███████████████ ▏ 4.6 GB/4.7 GB   13 MB/s      3s[K[?25h[?2026l[?2026h[?25l[A[1Gpulling manifest [K
pulling 2bada8a74506...  99% ▕███████████████ ▏ 4.6 GB/4.7 GB   13 MB/s      3s[K[?25h[?2026l[?2026h[?25l[A[1Gpulling manifest [K
pulling 2bada8a74506...  99% ▕███████████████ ▏ 4.6 GB/4.7 GB   13 MB/s      3s[K[?25h[?2026l[?2026h[?25l[A[1Gpulling manifest [K
pulling 2bada8a74506...  99% ▕███████████████ ▏ 4.6 GB/4.7 GB   13 MB/s      3s[K[?25h[?2026l[?2026h[?25l[A[1Gpulling manifest [K
pulling 2bada8a74506...  99% ▕███████████████ ▏ 4.6 GB/4.7 GB   13 MB/s      3s[K[?25h[?2026l[?2026h[?25l[A[1Gpulling manifest [K
pulling 2bada8a74506...  99% ▕███████████████ ▏ 4.6 GB/4.7 GB   13 MB/s      3s[K[?25h[?2026l[?2026h[?25l[A[1Gpulling manifest [K
pulling 2bada8a74506...  99% ▕███████████████ ▏ 4.6 GB/4.7 GB   13 MB/s      3s[K[?25h[?2026l[?2026h[?25l[A[1Gpulling manifest [K
pulling 2bada8a74506...  99% ▕███████████████ ▏ 4.6 GB/4.7 GB   13 MB/s      2s[K[?25h[?2026l[?2026h[?25l[A[1Gpulling manifest [K
pulling 2bada8a74506...  99% ▕███████████████ ▏ 4.6 GB/4.7 GB   13 MB/s      2s[K[?25h[?2026l[?2026h[?25l[A[1Gpulling manifest [K
pulling 2bada8a74506...  99% ▕███████████████ ▏ 4.6 GB/4.7 GB   13 MB/s      2s[K[?25h[?2026l[?2026h[?25l[A[1Gpulling manifest [K
pulling 2bada8a74506...  99% ▕███████████████ ▏ 4.6 GB/4.7 GB   13 MB/s      2s[K[?25h[?2026l[?2026h[?25l[A[1Gpulling manifest [K
pulling 2bada8a74506...  99% ▕███████████████ ▏ 4.6 GB/4.7 GB   12 MB/s      2s[K[?25h[?2026l[?2026h[?25l[A[1Gpulling manifest [K
pulling 2bada8a74506...  99% ▕███████████████ ▏ 4.6 GB/4.7 GB   12 MB/s      2s[K[?25h[?2026l[?2026h[?25l[A[1Gpulling manifest [K
pulling 2bada8a74506...  99% ▕███████████████ ▏ 4.7 GB/4.7 GB   12 MB/s      2s[K[?25h[?2026l[?2026h[?25l[A[1Gpulling manifest [K
pulling 2bada8a74506...  99% ▕███████████████ ▏ 4.7 GB/4.7 GB   12 MB/s      2s[K[?25h[?2026l[?2026h[?25l[A[1Gpulling manifest [K
pulling 2bada8a74506...  99% ▕███████████████ ▏ 4.7 GB/4.7 GB   12 MB/s      2s[K[?25h[?2026l[?2026h[?25l[A[1Gpulling manifest [K
pulling 2bada8a74506...  99% ▕███████████████ ▏ 4.7 GB/4.7 GB   12 MB/s      2s[K[?25h[?2026l[?2026h[?25l[A[1Gpulling manifest [K
pulling 2bada8a74506...  99% ▕███████████████ ▏ 4.7 GB/4.7 GB   12 MB/s      2s[K[?25h[?2026l[?2026h[?25l[A[1Gpulling manifest [K
pulling 2bada8a74506...  99% ▕███████████████ ▏ 4.7 GB/4.7 GB   12 MB/s      2s[K[?25h[?2026l[?2026h[?25l[A[1Gpulling manifest [K
pulling 2bada8a74506...  99% ▕███████████████ ▏ 4.7 GB/4.7 GB   12 MB/s      1s[K[?25h[?2026l[?2026h[?25l[A[1Gpulling manifest [K
pulling 2bada8a74506...  99% ▕███████████████ ▏ 4.7 GB/4.7 GB   12 MB/s      1s[K[?25h[?2026l[?2026h[?25l[A[1Gpulling manifest [K
pulling 2bada8a74506... 100% ▕███████████████ ▏ 4.7 GB/4.7 GB   12 MB/s      1s[K[?25h[?2026l[?2026h[?25l[A[1Gpulling manifest [K
pulling 2bada8a74506... 100% ▕███████████████ ▏ 4.7 GB/4.7 GB   12 MB/s      1s[K[?25h[?2026l[?2026h[?25l[A[1Gpulling manifest [K
pulling 2bada8a74506... 100% ▕███████████████ ▏ 4.7 GB/4.7 GB   12 MB/s      1s[K[?25h[?2026l[?2026h[?25l[A[1Gpulling manifest [K
pulling 2bada8a74506... 100% ▕███████████████ ▏ 4.7 GB/4.7 GB   12 MB/s      1s[K[?25h[?2026l[?2026h[?25l[A[1Gpulling manifest [K
pulling 2bada8a74506... 100% ▕███████████████ ▏ 4.7 GB/4.7 GB   12 MB/s      1s[K[?25h[?2026l[?2026h[?25l[A[1Gpulling manifest [K
pulling 2bada8a74506... 100% ▕███████████████ ▏ 4.7 GB/4.7 GB   12 MB/s      1s[K[?25h[?2026l[?2026h[?25l[A[1Gpulling manifest [K
pulling 2bada8a74506... 100% ▕███████████████ ▏ 4.7 GB/4.7 GB   12 MB/s      1s[K[?25h[?2026l[?2026h[?25l[A[1Gpulling manifest [K
pulling 2bada8a74506... 100% ▕███████████████ ▏ 4.7 GB/4.7 GB   12 MB/s      1s[K[?25h[?2026l[?2026h[?25l[A[1Gpulling manifest [K
pulling 2bada8a74506... 100% ▕███████████████ ▏ 4.7 GB/4.7 GB   12 MB/s      1s[K[?25h[?2026l[?2026h[?25l[A[1Gpulling manifest [K
pulling 2bada8a74506... 100% ▕███████████████ ▏ 4.7 GB/4.7 GB   12 MB/s      1s[K[?25h[?2026l[?2026h[?25l[A[1Gpulling manifest [K
pulling 2bada8a74506... 100% ▕███████████████ ▏ 4.7 GB/4.7 GB   12 MB/s      1s[K[?25h[?2026l[?2026h[?25l[A[1Gpulling manifest [K
pulling 2bada8a74506... 100% ▕███████████████ ▏ 4.7 GB/4.7 GB   12 MB/s      1s[K[?25h[?2026l[?2026h[?25l[A[1Gpulling manifest [K
pulling 2bada8a74506... 100% ▕███████████████ ▏ 4.7 GB/4.7 GB   12 MB/s      0s[K[?25h[?2026l[?2026h[?25l[A[1Gpulling manifest [K
pulling 2bada8a74506... 100% ▕███████████████ ▏ 4.7 GB/4.7 GB   12 MB/s      0s[K[?25h[?2026l[?2026h[?25l[A[1Gpulling manifest [K
pulling 2bada8a74506... 100% ▕███████████████ ▏ 4.7 GB/4.7 GB   12 MB/s      0s[K[?25h[?2026l[?2026h[?25l[A[1Gpulling manifest [K
pulling 2bada8a74506... 100% ▕███████████████ ▏ 4.7 GB/4.7 GB   12 MB/s      0s[K[?25h[?2026l[?2026h[?25l[A[1Gpulling manifest [K
pulling 2bada8a74506... 100% ▕███████████████ ▏ 4.7 GB/4.7 GB   12 MB/s      0s[K[?25h[?2026l[?2026h[?25l[A[1Gpulling manifest [K
pulling 2bada8a74506... 100% ▕███████████████ ▏ 4.7 GB/4.7 GB   12 MB/s      0s[K[?25h[?2026l[?2026h[?25l[A[1Gpulling manifest [K
pulling 2bada8a74506... 100% ▕███████████████ ▏ 4.7 GB/4.7 GB   12 MB/s      0s[K[?25h[?2026l[?2026h[?25l[A[1Gpulling manifest [K
pulling 2bada8a74506... 100% ▕███████████████ ▏ 4.7 GB/4.7 GB   12 MB/s      0s[K[?25h[?2026l[?2026h[?25l[A[1Gpulling manifest [K
pulling 2bada8a74506... 100% ▕███████████████ ▏ 4.7 GB/4.7 GB   12 MB/s      0s[K[?25h[?2026l[?2026h[?25l[A[1Gpulling manifest [K
pulling 2bada8a74506... 100% ▕███████████████ ▏ 4.7 GB/4.7 GB   12 MB/s      0s[K[?25h[?2026l[?2026h[?25l[A[1Gpulling manifest [K
pulling 2bada8a74506... 100% ▕████████████████▏ 4.7 GB                         [K[?25h[?2026l[?2026h[?25l[A[1Gpulling manifest [K
pulling 2bada8a74506... 100% ▕████████████████▏ 4.7 GB                         [K[?25h[?2026l[?2026h[?25l[A[1Gpulling manifest [K
pulling 2bada8a74506... 100% ▕████████████████▏ 4.7 GB                         [K[?25h[?2026l[?2026h[?25l[A[1Gpulling manifest [K
pulling 2bada8a74506... 100% ▕████████████████▏ 4.7 GB                         [K[?25h[?2026l[?2026h[?25l[A[1Gpulling manifest [K
pulling 2bada8a74506... 100% ▕████████████████▏ 4.7 GB                         [K[?25h[?2026l[?2026h[?25l[A[1Gpulling manifest [K
pulling 2bada8a74506... 100% ▕████████████████▏ 4.7 GB                         [K[?25h[?2026l[?2026h[?25l[A[1Gpulling manifest [K
pulling 2bada8a74506... 100% ▕████████████████▏ 4.7 GB                         [K[?25h[?2026l[?2026h[?25l[A[1Gpulling manifest [K
pulling 2bada8a74506... 100% ▕████████████████▏ 4.7 GB                         [K[?25h[?2026l[?2026h[?25l[A[1Gpulling manifest [K
pulling 2bada8a74506... 100% ▕████████████████▏ 4.7 GB                         [K
pulling 66b9ea09bd5b...   0% ▕                ▏    0 B/  68 B                  [K[?25h[?2026l[?2026h[?25l[A[A[1Gpulling manifest [K
pulling 2bada8a74506... 100% ▕████████████████▏ 4.7 GB                         [K
pulling 66b9ea09bd5b... 100% ▕████████████████▏   68 B                         [K[?25h[?2026l[?2026h[?25l[A[A[1Gpulling manifest [K
pulling 2bada8a74506... 100% ▕████████████████▏ 4.7 GB                         [K
pulling 66b9ea09bd5b... 100% ▕████████████████▏   68 B                         [K[?25h[?2026l[?2026h[?25l[A[A[1Gpulling manifest [K
pulling 2bada8a74506... 100% ▕████████████████▏ 4.7 GB                         [K
pulling 66b9ea09bd5b... 100% ▕████████████████▏   68 B                         [K[?25h[?2026l[?2026h[?25l[A[A[1Gpulling manifest [K
pulling 2bada8a74506... 100% ▕████████████████▏ 4.7 GB                         [K
pulling 66b9ea09bd5b... 100% ▕████████████████▏   68 B                         [K[?25h[?2026l[?2026h[?25l[A[A[1Gpulling manifest [K
pulling 2bada8a74506... 100% ▕████████████████▏ 4.7 GB                         [K
pulling 66b9ea09bd5b... 100% ▕████████████████▏   68 B                         [K[?25h[?2026l[?2026h[?25l[A[A[1Gpulling manifest [K
pulling 2bada8a74506... 100% ▕████████████████▏ 4.7 GB                         [K
pulling 66b9ea09bd5b... 100% ▕████████████████▏   68 B                         [K[?25h[?2026l[?2026h[?25l[A[A[1Gpulling manifest [K
pulling 2bada8a74506... 100% ▕████████████████▏ 4.7 GB                         [K
pulling 66b9ea09bd5b... 100% ▕████████████████▏   68 B                         [K[?25h[?2026l[?2026h[?25l[A[A[1Gpulling manifest [K
pulling 2bada8a74506... 100% ▕████████████████▏ 4.7 GB                         [K
pulling 66b9ea09bd5b... 100% ▕████████████████▏   68 B                         [K[?25h[?2026l[?2026h[?25l[A[A[1Gpulling manifest [K
pulling 2bada8a74506... 100% ▕████████████████▏ 4.7 GB                         [K
pulling 66b9ea09bd5b... 100% ▕████████████████▏   68 B                         [K[?25h[?2026l[?2026h[?25l[A[A[1Gpulling manifest [K
pulling 2bada8a74506... 100% ▕████████████████▏ 4.7 GB                         [K
pulling 66b9ea09bd5b... 100% ▕████████████████▏   68 B                         [K[?25h[?2026l[?2026h[?25l[A[A[1Gpulling manifest [K
pulling 2bada8a74506... 100% ▕████████████████▏ 4.7 GB                         [K
pulling 66b9ea09bd5b... 100% ▕████████████████▏   68 B                         [K[?25h[?2026l[?2026h[?25l[A[A[1Gpulling manifest [K
pulling 2bada8a74506... 100% ▕████████████████▏ 4.7 GB                         [K
pulling 66b9ea09bd5b... 100% ▕████████████████▏   68 B                         [K
pulling eb4402837c78...   0% ▕                ▏    0 B/1.5 KB                  [K[?25h[?2026l[?2026h[?25l[A[A[A[1Gpulling manifest [K
pulling 2bada8a74506... 100% ▕████████████████▏ 4.7 GB                         [K
pulling 66b9ea09bd5b... 100% ▕████████████████▏   68 B                         [K
pulling eb4402837c78... 100% ▕████████████████▏ 1.5 KB                         [K[?25h[?2026l[?2026h[?25l[A[A[A[1Gpulling manifest [K
pulling 2bada8a74506... 100% ▕████████████████▏ 4.7 GB                         [K
pulling 66b9ea09bd5b... 100% ▕████████████████▏   68 B                         [K
pulling eb4402837c78... 100% ▕████████████████▏ 1.5 KB                         [K[?25h[?2026l[?2026h[?25l[A[A[A[1Gpulling manifest [K
pulling 2bada8a74506... 100% ▕████████████████▏ 4.7 GB                         [K
pulling 66b9ea09bd5b... 100% ▕████████████████▏   68 B                         [K
pulling eb4402837c78... 100% ▕████████████████▏ 1.5 KB                         [K[?25h[?2026l[?2026h[?25l[A[A[A[1Gpulling manifest [K
pulling 2bada8a74506... 100% ▕████████████████▏ 4.7 GB                         [K
pulling 66b9ea09bd5b... 100% ▕████████████████▏   68 B                         [K
pulling eb4402837c78... 100% ▕████████████████▏ 1.5 KB                         [K[?25h[?2026l[?2026h[?25l[A[A[A[1Gpulling manifest [K
pulling 2bada8a74506... 100% ▕████████████████▏ 4.7 GB                         [K
pulling 66b9ea09bd5b... 100% ▕████████████████▏   68 B                         [K
pulling eb4402837c78... 100% ▕████████████████▏ 1.5 KB                         [K[?25h[?2026l[?2026h[?25l[A[A[A[1Gpulling manifest [K
pulling 2bada8a74506... 100% ▕████████████████▏ 4.7 GB                         [K
pulling 66b9ea09bd5b... 100% ▕████████████████▏   68 B                         [K
pulling eb4402837c78... 100% ▕████████████████▏ 1.5 KB                         [K[?25h[?2026l[?2026h[?25l[A[A[A[1Gpulling manifest [K
pulling 2bada8a74506... 100% ▕████████████████▏ 4.7 GB                         [K
pulling 66b9ea09bd5b... 100% ▕████████████████▏   68 B                         [K
pulling eb4402837c78... 100% ▕████████████████▏ 1.5 KB                         [K[?25h[?2026l[?2026h[?25l[A[A[A[1Gpulling manifest [K
pulling 2bada8a74506... 100% ▕████████████████▏ 4.7 GB                         [K
pulling 66b9ea09bd5b... 100% ▕████████████████▏   68 B                         [K
pulling eb4402837c78... 100% ▕████████████████▏ 1.5 KB                         [K[?25h[?2026l[?2026h[?25l[A[A[A[1Gpulling manifest [K
pulling 2bada8a74506... 100% ▕████████████████▏ 4.7 GB                         [K
pulling 66b9ea09bd5b... 100% ▕████████████████▏   68 B                         [K
pulling eb4402837c78... 100% ▕████████████████▏ 1.5 KB                         [K[?25h[?2026l[?2026h[?25l[A[A[A[1Gpulling manifest [K
pulling 2bada8a74506... 100% ▕████████████████▏ 4.7 GB                         [K
pulling 66b9ea09bd5b... 100% ▕████████████████▏   68 B                         [K
pulling eb4402837c78... 100% ▕████████████████▏ 1.5 KB                         [K[?25h[?2026l[?2026h[?25l[A[A[A[1Gpulling manifest [K
pulling 2bada8a74506... 100% ▕████████████████▏ 4.7 GB                         [K
pulling 66b9ea09bd5b... 100% ▕████████████████▏   68 B                         [K
pulling eb4402837c78... 100% ▕████████████████▏ 1.5 KB                         [K[?25h[?2026l[?2026h[?25l[A[A[A[1Gpulling manifest [K
pulling 2bada8a74506... 100% ▕████████████████▏ 4.7 GB                         [K
pulling 66b9ea09bd5b... 100% ▕████████████████▏   68 B                         [K
pulling eb4402837c78... 100% ▕████████████████▏ 1.5 KB                         [K
pulling 832dd9e00a68...   0% ▕                ▏    0 B/ 11 KB                  [K[?25h[?2026l[?2026h[?25l[A[A[A[A[1Gpulling manifest [K
pulling 2bada8a74506... 100% ▕████████████████▏ 4.7 GB                         [K
pulling 66b9ea09bd5b... 100% ▕████████████████▏   68 B                         [K
pulling eb4402837c78... 100% ▕████████████████▏ 1.5 KB                         [K
pulling 832dd9e00a68... 100% ▕████████████████▏  11 KB                         [K[?25h[?2026l[?2026h[?25l[A[A[A[A[1Gpulling manifest [K
pulling 2bada8a74506... 100% ▕████████████████▏ 4.7 GB                         [K
pulling 66b9ea09bd5b... 100% ▕████████████████▏   68 B                         [K
pulling eb4402837c78... 100% ▕████████████████▏ 1.5 KB                         [K
pulling 832dd9e00a68... 100% ▕████████████████▏  11 KB                         [K[?25h[?2026l[?2026h[?25l[A[A[A[A[1Gpulling manifest [K
pulling 2bada8a74506... 100% ▕████████████████▏ 4.7 GB                         [K
pulling 66b9ea09bd5b... 100% ▕████████████████▏   68 B                         [K
pulling eb4402837c78... 100% ▕████████████████▏ 1.5 KB                         [K
pulling 832dd9e00a68... 100% ▕████████████████▏  11 KB                         [K[?25h[?2026l[?2026h[?25l[A[A[A[A[1Gpulling manifest [K
pulling 2bada8a74506... 100% ▕████████████████▏ 4.7 GB                         [K
pulling 66b9ea09bd5b... 100% ▕████████████████▏   68 B                         [K
pulling eb4402837c78... 100% ▕████████████████▏ 1.5 KB                         [K
pulling 832dd9e00a68... 100% ▕████████████████▏  11 KB                         [K[?25h[?2026l[?2026h[?25l[A[A[A[A[1Gpulling manifest [K
pulling 2bada8a74506... 100% ▕████████████████▏ 4.7 GB                         [K
pulling 66b9ea09bd5b... 100% ▕████████████████▏   68 B                         [K
pulling eb4402837c78... 100% ▕████████████████▏ 1.5 KB                         [K
pulling 832dd9e00a68... 100% ▕████████████████▏  11 KB                         [K[?25h[?2026l[?2026h[?25l[A[A[A[A[1Gpulling manifest [K
pulling 2bada8a74506... 100% ▕████████████████▏ 4.7 GB                         [K
pulling 66b9ea09bd5b... 100% ▕████████████████▏   68 B                         [K
pulling eb4402837c78... 100% ▕████████████████▏ 1.5 KB                         [K
pulling 832dd9e00a68... 100% ▕████████████████▏  11 KB                         [K[?25h[?2026l[?2026h[?25l[A[A[A[A[1Gpulling manifest [K
pulling 2bada8a74506... 100% ▕████████████████▏ 4.7 GB                         [K
pulling 66b9ea09bd5b... 100% ▕████████████████▏   68 B                         [K
pulling eb4402837c78... 100% ▕████████████████▏ 1.5 KB                         [K
pulling 832dd9e00a68... 100% ▕████████████████▏  11 KB                         [K[?25h[?2026l[?2026h[?25l[A[A[A[A[1Gpulling manifest [K
pulling 2bada8a74506... 100% ▕████████████████▏ 4.7 GB                         [K
pulling 66b9ea09bd5b... 100% ▕████████████████▏   68 B                         [K
pulling eb4402837c78... 100% ▕████████████████▏ 1.5 KB                         [K
pulling 832dd9e00a68... 100% ▕████████████████▏  11 KB                         [K[?25h[?2026l[?2026h[?25l[A[A[A[A[1Gpulling manifest [K
pulling 2bada8a74506... 100% ▕████████████████▏ 4.7 GB                         [K
pulling 66b9ea09bd5b... 100% ▕████████████████▏   68 B                         [K
pulling eb4402837c78... 100% ▕████████████████▏ 1.5 KB                         [K
pulling 832dd9e00a68... 100% ▕████████████████▏  11 KB                         [K[?25h[?2026l[?2026h[?25l[A[A[A[A[1Gpulling manifest [K
pulling 2bada8a74506... 100% ▕████████████████▏ 4.7 GB                         [K
pulling 66b9ea09bd5b... 100% ▕████████████████▏   68 B                         [K
pulling eb4402837c78... 100% ▕████████████████▏ 1.5 KB                         [K
pulling 832dd9e00a68... 100% ▕████████████████▏  11 KB                         [K[?25h[?2026l[?2026h[?25l[A[A[A[A[1Gpulling manifest [K
pulling 2bada8a74506... 100% ▕████████████████▏ 4.7 GB                         [K
pulling 66b9ea09bd5b... 100% ▕████████████████▏   68 B                         [K
pulling eb4402837c78... 100% ▕████████████████▏ 1.5 KB                         [K
pulling 832dd9e00a68... 100% ▕████████████████▏  11 KB                         [K[?25h[?2026l[?2026h[?25l[A[A[A[A[1Gpulling manifest [K
pulling 2bada8a74506... 100% ▕████████████████▏ 4.7 GB                         [K
pulling 66b9ea09bd5b... 100% ▕████████████████▏   68 B                         [K
pulling eb4402837c78... 100% ▕████████████████▏ 1.5 KB                         [K
pulling 832dd9e00a68... 100% ▕████████████████▏  11 KB                         [K[?25h[?2026l[?2026h[?25l[A[A[A[A[1Gpulling manifest [K
pulling 2bada8a74506... 100% ▕████████████████▏ 4.7 GB                         [K
pulling 66b9ea09bd5b... 100% ▕████████████████▏   68 B                         [K
pulling eb4402837c78... 100% ▕████████████████▏ 1.5 KB                         [K
pulling 832dd9e00a68... 100% ▕████████████████▏  11 KB                         [K
pulling 2f15b3218f05...   0% ▕                ▏    0 B/ 487 B                  [K[?25h[?2026l[?2026h[?25l[A[A[A[A[A[1Gpulling manifest [K
pulling 2bada8a74506... 100% ▕████████████████▏ 4.7 GB                         [K
pulling 66b9ea09bd5b... 100% ▕████████████████▏   68 B                         [K
pulling eb4402837c78... 100% ▕████████████████▏ 1.5 KB                         [K
pulling 832dd9e00a68... 100% ▕████████████████▏  11 KB                         [K
pulling 2f15b3218f05... 100% ▕████████████████▏  487 B                         [K[?25h[?2026l[?2026h[?25l[A[A[A[A[A[1Gpulling manifest [K
pulling 2bada8a74506... 100% ▕████████████████▏ 4.7 GB                         [K
pulling 66b9ea09bd5b... 100% ▕████████████████▏   68 B                         [K
pulling eb4402837c78... 100% ▕████████████████▏ 1.5 KB                         [K
pulling 832dd9e00a68... 100% ▕████████████████▏  11 KB                         [K
pulling 2f15b3218f05... 100% ▕████████████████▏  487 B                         [K[?25h[?2026l[?2026h[?25l[A[A[A[A[A[1Gpulling manifest [K
pulling 2bada8a74506... 100% ▕████████████████▏ 4.7 GB                         [K
pulling 66b9ea09bd5b... 100% ▕████████████████▏   68 B                         [K
pulling eb4402837c78... 100% ▕████████████████▏ 1.5 KB                         [K
pulling 832dd9e00a68... 100% ▕████████████████▏  11 KB                         [K
pulling 2f15b3218f05... 100% ▕████████████████▏  487 B                         [K[?25h[?2026l[?2026h[?25l[A[A[A[A[A[1Gpulling manifest [K
pulling 2bada8a74506... 100% ▕████████████████▏ 4.7 GB                         [K
pulling 66b9ea09bd5b... 100% ▕████████████████▏   68 B                         [K
pulling eb4402837c78... 100% ▕████████████████▏ 1.5 KB                         [K
pulling 832dd9e00a68... 100% ▕████████████████▏  11 KB                         [K
pulling 2f15b3218f05... 100% ▕████████████████▏  487 B                         [K[?25h[?2026l[?2026h[?25l[A[A[A[A[A[1Gpulling manifest [K
pulling 2bada8a74506... 100% ▕████████████████▏ 4.7 GB                         [K
pulling 66b9ea09bd5b... 100% ▕████████████████▏   68 B                         [K
pulling eb4402837c78... 100% ▕████████████████▏ 1.5 KB                         [K
pulling 832dd9e00a68... 100% ▕████████████████▏  11 KB                         [K
pulling 2f15b3218f05... 100% ▕████████████████▏  487 B                         [K[?25h[?2026l[?2026h[?25l[A[A[A[A[A[1Gpulling manifest [K
pulling 2bada8a74506... 100% ▕████████████████▏ 4.7 GB                         [K
pulling 66b9ea09bd5b... 100% ▕████████████████▏   68 B                         [K
pulling eb4402837c78... 100% ▕████████████████▏ 1.5 KB                         [K
pulling 832dd9e00a68... 100% ▕████████████████▏  11 KB                         [K
pulling 2f15b3218f05... 100% ▕████████████████▏  487 B                         [K[?25h[?2026l[?2026h[?25l[A[A[A[A[A[1Gpulling manifest [K
pulling 2bada8a74506... 100% ▕████████████████▏ 4.7 GB                         [K
pulling 66b9ea09bd5b... 100% ▕████████████████▏   68 B                         [K
pulling eb4402837c78... 100% ▕████████████████▏ 1.5 KB                         [K
pulling 832dd9e00a68... 100% ▕████████████████▏  11 KB                         [K
pulling 2f15b3218f05... 100% ▕████████████████▏  487 B                         [K[?25h[?2026l[?2026h[?25l[A[A[A[A[A[1Gpulling manifest [K
pulling 2bada8a74506... 100% ▕████████████████▏ 4.7 GB                         [K
pulling 66b9ea09bd5b... 100% ▕████████████████▏   68 B                         [K
pulling eb4402837c78... 100% ▕████████████████▏ 1.5 KB                         [K
pulling 832dd9e00a68... 100% ▕████████████████▏  11 KB                         [K
pulling 2f15b3218f05... 100% ▕████████████████▏  487 B                         [K[?25h[?2026l[?2026h[?25l[A[A[A[A[A[1Gpulling manifest [K
pulling 2bada8a74506... 100% ▕████████████████▏ 4.7 GB                         [K
pulling 66b9ea09bd5b... 100% ▕████████████████▏   68 B                         [K
pulling eb4402837c78... 100% ▕████████████████▏ 1.5 KB                         [K
pulling 832dd9e00a68... 100% ▕████████████████▏  11 KB                         [K
pulling 2f15b3218f05... 100% ▕████████████████▏  487 B                         [K[?25h[?2026l[?2026h[?25l[A[A[A[A[A[1Gpulling manifest [K
pulling 2bada8a74506... 100% ▕████████████████▏ 4.7 GB                         [K
pulling 66b9ea09bd5b... 100% ▕████████████████▏   68 B                         [K
pulling eb4402837c78... 100% ▕████████████████▏ 1.5 KB                         [K
pulling 832dd9e00a68... 100% ▕████████████████▏  11 KB                         [K
pulling 2f15b3218f05... 100% ▕████████████████▏  487 B                         [K
verifying sha256 digest ⠋ [K[?25h[?2026l[?2026h[?25l[A[A[A[A[A[A[1Gpulling manifest [K
pulling 2bada8a74506... 100% ▕████████████████▏ 4.7 GB                         [K
pulling 66b9ea09bd5b... 100% ▕████████████████▏   68 B                         [K
pulling eb4402837c78... 100% ▕████████████████▏ 1.5 KB                         [K
pulling 832dd9e00a68... 100% ▕████████████████▏  11 KB                         [K
pulling 2f15b3218f05... 100% ▕████████████████▏  487 B                         [K
verifying sha256 digest ⠙ [K[?25h[?2026l[?2026h[?25l[A[A[A[A[A[A[1Gpulling manifest [K
pulling 2bada8a74506... 100% ▕████████████████▏ 4.7 GB                         [K
pulling 66b9ea09bd5b... 100% ▕████████████████▏   68 B                         [K
pulling eb4402837c78... 100% ▕████████████████▏ 1.5 KB                         [K
pulling 832dd9e00a68... 100% ▕████████████████▏  11 KB                         [K
pulling 2f15b3218f05... 100% ▕████████████████▏  487 B                         [K
verifying sha256 digest ⠹ [K[?25h[?2026l[?2026h[?25l[A[A[A[A[A[A[1Gpulling manifest [K
pulling 2bada8a74506... 100% ▕████████████████▏ 4.7 GB                         [K
pulling 66b9ea09bd5b... 100% ▕████████████████▏   68 B                         [K
pulling eb4402837c78... 100% ▕████████████████▏ 1.5 KB                         [K
pulling 832dd9e00a68... 100% ▕████████████████▏  11 KB                         [K
pulling 2f15b3218f05... 100% ▕████████████████▏  487 B                         [K
verifying sha256 digest ⠸ [K[?25h[?2026l[?2026h[?25l[A[A[A[A[A[A[1Gpulling manifest [K
pulling 2bada8a74506... 100% ▕████████████████▏ 4.7 GB                         [K
pulling 66b9ea09bd5b... 100% ▕████████████████▏   68 B                         [K
pulling eb4402837c78... 100% ▕████████████████▏ 1.5 KB                         [K
pulling 832dd9e00a68... 100% ▕████████████████▏  11 KB                         [K
pulling 2f15b3218f05... 100% ▕████████████████▏  487 B                         [K
verifying sha256 digest ⠼ [K[?25h[?2026l[?2026h[?25l[A[A[A[A[A[A[1Gpulling manifest [K
pulling 2bada8a74506... 100% ▕████████████████▏ 4.7 GB                         [K
pulling 66b9ea09bd5b... 100% ▕████████████████▏   68 B                         [K
pulling eb4402837c78... 100% ▕████████████████▏ 1.5 KB                         [K
pulling 832dd9e00a68... 100% ▕████████████████▏  11 KB                         [K
pulling 2f15b3218f05... 100% ▕████████████████▏  487 B                         [K
verifying sha256 digest ⠴ [K[?25h[?2026l[?2026h[?25l[A[A[A[A[A[A[1Gpulling manifest [K
pulling 2bada8a74506... 100% ▕████████████████▏ 4.7 GB                         [K
pulling 66b9ea09bd5b... 100% ▕████████████████▏   68 B                         [K
pulling eb4402837c78... 100% ▕████████████████▏ 1.5 KB                         [K
pulling 832dd9e00a68... 100% ▕████████████████▏  11 KB                         [K
pulling 2f15b3218f05... 100% ▕████████████████▏  487 B                         [K
verifying sha256 digest ⠦ [K[?25h[?2026l[?2026h[?25l[A[A[A[A[A[A[1Gpulling manifest [K
pulling 2bada8a74506... 100% ▕████████████████▏ 4.7 GB                         [K
pulling 66b9ea09bd5b... 100% ▕████████████████▏   68 B                         [K
pulling eb4402837c78... 100% ▕████████████████▏ 1.5 KB                         [K
pulling 832dd9e00a68... 100% ▕████████████████▏  11 KB                         [K
pulling 2f15b3218f05... 100% ▕████████████████▏  487 B                         [K
verifying sha256 digest ⠧ [K[?25h[?2026l[?2026h[?25l[A[A[A[A[A[A[1Gpulling manifest [K
pulling 2bada8a74506... 100% ▕████████████████▏ 4.7 GB                         [K
pulling 66b9ea09bd5b... 100% ▕████████████████▏   68 B                         [K
pulling eb4402837c78... 100% ▕████████████████▏ 1.5 KB                         [K
pulling 832dd9e00a68... 100% ▕████████████████▏  11 KB                         [K
pulling 2f15b3218f05... 100% ▕████████████████▏  487 B                         [K
verifying sha256 digest ⠇ [K[?25h[?2026l[?2026h[?25l[A[A[A[A[A[A[1Gpulling manifest [K
pulling 2bada8a74506... 100% ▕████████████████▏ 4.7 GB                         [K
pulling 66b9ea09bd5b... 100% ▕████████████████▏   68 B                         [K
pulling eb4402837c78... 100% ▕████████████████▏ 1.5 KB                         [K
pulling 832dd9e00a68... 100% ▕████████████████▏  11 KB                         [K
pulling 2f15b3218f05... 100% ▕████████████████▏  487 B                         [K
verifying sha256 digest ⠏ [K[?25h[?2026l[?2026h[?25l[A[A[A[A[A[A[1Gpulling manifest [K
pulling 2bada8a74506... 100% ▕████████████████▏ 4.7 GB                         [K
pulling 66b9ea09bd5b... 100% ▕████████████████▏   68 B                         [K
pulling eb4402837c78... 100% ▕████████████████▏ 1.5 KB                         [K
pulling 832dd9e00a68... 100% ▕████████████████▏  11 KB                         [K
pulling 2f15b3218f05... 100% ▕████████████████▏  487 B                         [K
verifying sha256 digest ⠋ [K[?25h[?2026l[?2026h[?25l[A[A[A[A[A[A[1Gpulling manifest [K
pulling 2bada8a74506... 100% ▕████████████████▏ 4.7 GB                         [K
pulling 66b9ea09bd5b... 100% ▕████████████████▏   68 B                         [K
pulling eb4402837c78... 100% ▕████████████████▏ 1.5 KB                         [K
pulling 832dd9e00a68... 100% ▕████████████████▏  11 KB                         [K
pulling 2f15b3218f05... 100% ▕████████████████▏  487 B                         [K
verifying sha256 digest ⠙ [K[?25h[?2026l[?2026h[?25l[A[A[A[A[A[A[1Gpulling manifest [K
pulling 2bada8a74506... 100% ▕████████████████▏ 4.7 GB                         [K
pulling 66b9ea09bd5b... 100% ▕████████████████▏   68 B                         [K
pulling eb4402837c78... 100% ▕████████████████▏ 1.5 KB                         [K
pulling 832dd9e00a68... 100% ▕████████████████▏  11 KB                         [K
pulling 2f15b3218f05... 100% ▕████████████████▏  487 B                         [K
verifying sha256 digest ⠹ [K[?25h[?2026l[?2026h[?25l[A[A[A[A[A[A[1Gpulling manifest [K
pulling 2bada8a74506... 100% ▕████████████████▏ 4.7 GB                         [K
pulling 66b9ea09bd5b... 100% ▕████████████████▏   68 B                         [K
pulling eb4402837c78... 100% ▕████████████████▏ 1.5 KB                         [K
pulling 832dd9e00a68... 100% ▕████████████████▏  11 KB                         [K
pulling 2f15b3218f05... 100% ▕████████████████▏  487 B                         [K
verifying sha256 digest ⠸ [K[?25h[?2026l[?2026h[?25l[A[A[A[A[A[A[1Gpulling manifest [K
pulling 2bada8a74506... 100% ▕████████████████▏ 4.7 GB                         [K
pulling 66b9ea09bd5b... 100% ▕████████████████▏   68 B                         [K
pulling eb4402837c78... 100% ▕████████████████▏ 1.5 KB                         [K
pulling 832dd9e00a68... 100% ▕████████████████▏  11 KB                         [K
pulling 2f15b3218f05... 100% ▕████████████████▏  487 B                         [K
verifying sha256 digest ⠼ [K[?25h[?2026l[?2026h[?25l[A[A[A[A[A[A[1Gpulling manifest [K
pulling 2bada8a74506... 100% ▕████████████████▏ 4.7 GB                         [K
pulling 66b9ea09bd5b... 100% ▕████████████████▏   68 B                         [K
pulling eb4402837c78... 100% ▕████████████████▏ 1.5 KB                         [K
pulling 832dd9e00a68... 100% ▕████████████████▏  11 KB                         [K
pulling 2f15b3218f05... 100% ▕████████████████▏  487 B                         [K
verifying sha256 digest ⠴ [K[?25h[?2026l[?2026h[?25l[A[A[A[A[A[A[1Gpulling manifest [K
pulling 2bada8a74506... 100% ▕████████████████▏ 4.7 GB                         [K
pulling 66b9ea09bd5b... 100% ▕████████████████▏   68 B                         [K
pulling eb4402837c78... 100% ▕████████████████▏ 1.5 KB                         [K
pulling 832dd9e00a68... 100% ▕████████████████▏  11 KB                         [K
pulling 2f15b3218f05... 100% ▕████████████████▏  487 B                         [K
verifying sha256 digest ⠦ [K[?25h[?2026l[?2026h[?25l[A[A[A[A[A[A[1Gpulling manifest [K
pulling 2bada8a74506... 100% ▕████████████████▏ 4.7 GB                         [K
pulling 66b9ea09bd5b... 100% ▕████████████████▏   68 B                         [K
pulling eb4402837c78... 100% ▕████████████████▏ 1.5 KB                         [K
pulling 832dd9e00a68... 100% ▕████████████████▏  11 KB                         [K
pulling 2f15b3218f05... 100% ▕████████████████▏  487 B                         [K
verifying sha256 digest ⠧ [K[?25h[?2026l[?2026h[?25l[A[A[A[A[A[A[1Gpulling manifest [K
pulling 2bada8a74506... 100% ▕████████████████▏ 4.7 GB                         [K
pulling 66b9ea09bd5b... 100% ▕████████████████▏   68 B                         [K
pulling eb4402837c78... 100% ▕████████████████▏ 1.5 KB                         [K
pulling 832dd9e00a68... 100% ▕████████████████▏  11 KB                         [K
pulling 2f15b3218f05... 100% ▕████████████████▏  487 B                         [K
verifying sha256 digest ⠇ [K[?25h[?2026l[?2026h[?25l[A[A[A[A[A[A[1Gpulling manifest [K
pulling 2bada8a74506... 100% ▕████████████████▏ 4.7 GB                         [K
pulling 66b9ea09bd5b... 100% ▕████████████████▏   68 B                         [K
pulling eb4402837c78... 100% ▕████████████████▏ 1.5 KB                         [K
pulling 832dd9e00a68... 100% ▕████████████████▏  11 KB                         [K
pulling 2f15b3218f05... 100% ▕████████████████▏  487 B                         [K
verifying sha256 digest ⠏ [K[?25h[?2026l[?2026h[?25l[A[A[A[A[A[A[1Gpulling manifest [K
pulling 2bada8a74506... 100% ▕████████████████▏ 4.7 GB                         [K
pulling 66b9ea09bd5b... 100% ▕████████████████▏   68 B                         [K
pulling eb4402837c78... 100% ▕████████████████▏ 1.5 KB                         [K
pulling 832dd9e00a68... 100% ▕████████████████▏  11 KB                         [K
pulling 2f15b3218f05... 100% ▕████████████████▏  487 B                         [K
verifying sha256 digest ⠋ [K[?25h[?2026l[?2026h[?25l[A[A[A[A[A[A[1Gpulling manifest [K
pulling 2bada8a74506... 100% ▕████████████████▏ 4.7 GB                         [K
pulling 66b9ea09bd5b... 100% ▕████████████████▏   68 B                         [K
pulling eb4402837c78... 100% ▕████████████████▏ 1.5 KB                         [K
pulling 832dd9e00a68... 100% ▕████████████████▏  11 KB                         [K
pulling 2f15b3218f05... 100% ▕████████████████▏  487 B                         [K
verifying sha256 digest ⠙ [K[?25h[?2026l[?2026h[?25l[A[A[A[A[A[A[1Gpulling manifest [K
pulling 2bada8a74506... 100% ▕████████████████▏ 4.7 GB                         [K
pulling 66b9ea09bd5b... 100% ▕████████████████▏   68 B                         [K
pulling eb4402837c78... 100% ▕████████████████▏ 1.5 KB                         [K
pulling 832dd9e00a68... 100% ▕████████████████▏  11 KB                         [K
pulling 2f15b3218f05... 100% ▕████████████████▏  487 B                         [K
verifying sha256 digest ⠹ [K[?25h[?2026l[?2026h[?25l[A[A[A[A[A[A[1Gpulling manifest [K
pulling 2bada8a74506... 100% ▕████████████████▏ 4.7 GB                         [K
pulling 66b9ea09bd5b... 100% ▕████████████████▏   68 B                         [K
pulling eb4402837c78... 100% ▕████████████████▏ 1.5 KB                         [K
pulling 832dd9e00a68... 100% ▕████████████████▏  11 KB                         [K
pulling 2f15b3218f05... 100% ▕████████████████▏  487 B                         [K
verifying sha256 digest ⠸ [K[?25h[?2026l[?2026h[?25l[A[A[A[A[A[A[1Gpulling manifest [K
pulling 2bada8a74506... 100% ▕████████████████▏ 4.7 GB                         [K
pulling 66b9ea09bd5b... 100% ▕████████████████▏   68 B                         [K
pulling eb4402837c78... 100% ▕████████████████▏ 1.5 KB                         [K
pulling 832dd9e00a68... 100% ▕████████████████▏  11 KB                         [K
pulling 2f15b3218f05... 100% ▕████████████████▏  487 B                         [K
verifying sha256 digest ⠼ [K[?25h[?2026l[?2026h[?25l[A[A[A[A[A[A[1Gpulling manifest [K
pulling 2bada8a74506... 100% ▕████████████████▏ 4.7 GB                         [K
pulling 66b9ea09bd5b... 100% ▕████████████████▏   68 B                         [K
pulling eb4402837c78... 100% ▕████████████████▏ 1.5 KB                         [K
pulling 832dd9e00a68... 100% ▕████████████████▏  11 KB                         [K
pulling 2f15b3218f05... 100% ▕████████████████▏  487 B                         [K
verifying sha256 digest ⠴ [K[?25h[?2026l[?2026h[?25l[A[A[A[A[A[A[1Gpulling manifest [K
pulling 2bada8a74506... 100% ▕████████████████▏ 4.7 GB                         [K
pulling 66b9ea09bd5b... 100% ▕████████████████▏   68 B                         [K
pulling eb4402837c78... 100% ▕████████████████▏ 1.5 KB                         [K
pulling 832dd9e00a68... 100% ▕████████████████▏  11 KB                         [K
pulling 2f15b3218f05... 100% ▕████████████████▏  487 B                         [K
verifying sha256 digest ⠦ [K[?25h[?2026l[?2026h[?25l[A[A[A[A[A[A[1Gpulling manifest [K
pulling 2bada8a74506... 100% ▕████████████████▏ 4.7 GB                         [K
pulling 66b9ea09bd5b... 100% ▕████████████████▏   68 B                         [K
pulling eb4402837c78... 100% ▕████████████████▏ 1.5 KB                         [K
pulling 832dd9e00a68... 100% ▕████████████████▏  11 KB                         [K
pulling 2f15b3218f05... 100% ▕████████████████▏  487 B                         [K
verifying sha256 digest ⠧ [K[?25h[?2026l[?2026h[?25l[A[A[A[A[A[A[1Gpulling manifest [K
pulling 2bada8a74506... 100% ▕████████████████▏ 4.7 GB                         [K
pulling 66b9ea09bd5b... 100% ▕████████████████▏   68 B                         [K
pulling eb4402837c78... 100% ▕████████████████▏ 1.5 KB                         [K
pulling 832dd9e00a68... 100% ▕████████████████▏  11 KB                         [K
pulling 2f15b3218f05... 100% ▕████████████████▏  487 B                         [K
verifying sha256 digest ⠇ [K[?25h[?2026l[?2026h[?25l[A[A[A[A[A[A[1Gpulling manifest [K
pulling 2bada8a74506... 100% ▕████████████████▏ 4.7 GB                         [K
pulling 66b9ea09bd5b... 100% ▕████████████████▏   68 B                         [K
pulling eb4402837c78... 100% ▕████████████████▏ 1.5 KB                         [K
pulling 832dd9e00a68... 100% ▕████████████████▏  11 KB                         [K
pulling 2f15b3218f05... 100% ▕████████████████▏  487 B                         [K
verifying sha256 digest ⠏ [K[?25h[?2026l[?2026h[?25l[A[A[A[A[A[A[1Gpulling manifest [K
pulling 2bada8a74506... 100% ▕████████████████▏ 4.7 GB                         [K
pulling 66b9ea09bd5b... 100% ▕████████████████▏   68 B                         [K
pulling eb4402837c78... 100% ▕████████████████▏ 1.5 KB                         [K
pulling 832dd9e00a68... 100% ▕████████████████▏  11 KB                         [K
pulling 2f15b3218f05... 100% ▕████████████████▏  487 B                         [K
verifying sha256 digest ⠋ [K[?25h[?2026l[?2026h[?25l[A[A[A[A[A[A[1Gpulling manifest [K
pulling 2bada8a74506... 100% ▕████████████████▏ 4.7 GB                         [K
pulling 66b9ea09bd5b... 100% ▕████████████████▏   68 B                         [K
pulling eb4402837c78... 100% ▕████████████████▏ 1.5 KB                         [K
pulling 832dd9e00a68... 100% ▕████████████████▏  11 KB                         [K
pulling 2f15b3218f05... 100% ▕████████████████▏  487 B                         [K
verifying sha256 digest ⠙ [K[?25h[?2026l[?2026h[?25l[A[A[A[A[A[A[1Gpulling manifest [K
pulling 2bada8a74506... 100% ▕████████████████▏ 4.7 GB                         [K
pulling 66b9ea09bd5b... 100% ▕████████████████▏   68 B                         [K
pulling eb4402837c78... 100% ▕████████████████▏ 1.5 KB                         [K
pulling 832dd9e00a68... 100% ▕████████████████▏  11 KB                         [K
pulling 2f15b3218f05... 100% ▕████████████████▏  487 B                         [K
verifying sha256 digest ⠹ [K[?25h[?2026l[?2026h[?25l[A[A[A[A[A[A[1Gpulling manifest [K
pulling 2bada8a74506... 100% ▕████████████████▏ 4.7 GB                         [K
pulling 66b9ea09bd5b... 100% ▕████████████████▏   68 B                         [K
pulling eb4402837c78... 100% ▕████████████████▏ 1.5 KB                         [K
pulling 832dd9e00a68... 100% ▕████████████████▏  11 KB                         [K
pulling 2f15b3218f05... 100% ▕████████████████▏  487 B                         [K
verifying sha256 digest ⠸ [K[?25h[?2026l[?2026h[?25l[A[A[A[A[A[A[1Gpulling manifest [K
pulling 2bada8a74506... 100% ▕████████████████▏ 4.7 GB                         [K
pulling 66b9ea09bd5b... 100% ▕████████████████▏   68 B                         [K
pulling eb4402837c78... 100% ▕████████████████▏ 1.5 KB                         [K
pulling 832dd9e00a68... 100% ▕████████████████▏  11 KB                         [K
pulling 2f15b3218f05... 100% ▕████████████████▏  487 B                         [K
verifying sha256 digest ⠼ [K[?25h[?2026l[?2026h[?25l[A[A[A[A[A[A[1Gpulling manifest [K
pulling 2bada8a74506... 100% ▕████████████████▏ 4.7 GB                         [K
pulling 66b9ea09bd5b... 100% ▕████████████████▏   68 B                         [K
pulling eb4402837c78... 100% ▕████████████████▏ 1.5 KB                         [K
pulling 832dd9e00a68... 100% ▕████████████████▏  11 KB                         [K
pulling 2f15b3218f05... 100% ▕████████████████▏  487 B                         [K
verifying sha256 digest ⠴ [K[?25h[?2026l[?2026h[?25l[A[A[A[A[A[A[1Gpulling manifest [K
pulling 2bada8a74506... 100% ▕████████████████▏ 4.7 GB                         [K
pulling 66b9ea09bd5b... 100% ▕████████████████▏   68 B                         [K
pulling eb4402837c78... 100% ▕████████████████▏ 1.5 KB                         [K
pulling 832dd9e00a68... 100% ▕████████████████▏  11 KB                         [K
pulling 2f15b3218f05... 100% ▕████████████████▏  487 B                         [K
verifying sha256 digest ⠦ [K[?25h[?2026l[?2026h[?25l[A[A[A[A[A[A[1Gpulling manifest [K
pulling 2bada8a74506... 100% ▕████████████████▏ 4.7 GB                         [K
pulling 66b9ea09bd5b... 100% ▕████████████████▏   68 B                         [K
pulling eb4402837c78... 100% ▕████████████████▏ 1.5 KB                         [K
pulling 832dd9e00a68... 100% ▕████████████████▏  11 KB                         [K
pulling 2f15b3218f05... 100% ▕████████████████▏  487 B                         [K
verifying sha256 digest ⠧ [K[?25h[?2026l[?2026h[?25l[A[A[A[A[A[A[1Gpulling manifest [K
pulling 2bada8a74506... 100% ▕████████████████▏ 4.7 GB                         [K
pulling 66b9ea09bd5b... 100% ▕████████████████▏   68 B                         [K
pulling eb4402837c78... 100% ▕████████████████▏ 1.5 KB                         [K
pulling 832dd9e00a68... 100% ▕████████████████▏  11 KB                         [K
pulling 2f15b3218f05... 100% ▕████████████████▏  487 B                         [K
verifying sha256 digest ⠇ [K[?25h[?2026l[?2026h[?25l[A[A[A[A[A[A[1Gpulling manifest [K
pulling 2bada8a74506... 100% ▕████████████████▏ 4.7 GB                         [K
pulling 66b9ea09bd5b... 100% ▕████████████████▏   68 B                         [K
pulling eb4402837c78... 100% ▕████████████████▏ 1.5 KB                         [K
pulling 832dd9e00a68... 100% ▕████████████████▏  11 KB                         [K
pulling 2f15b3218f05... 100% ▕████████████████▏  487 B                         [K
verifying sha256 digest ⠏ [K[?25h[?2026l[?2026h[?25l[A[A[A[A[A[A[1Gpulling manifest [K
pulling 2bada8a74506... 100% ▕████████████████▏ 4.7 GB                         [K
pulling 66b9ea09bd5b... 100% ▕████████████████▏   68 B                         [K
pulling eb4402837c78... 100% ▕████████████████▏ 1.5 KB                         [K
pulling 832dd9e00a68... 100% ▕████████████████▏  11 KB                         [K
pulling 2f15b3218f05... 100% ▕████████████████▏  487 B                         [K
verifying sha256 digest [K
writing manifest [K
success [K[?25h[?2026l
